{
"type": "FeatureCollection",
"name": "germany_nuts1_wgs84",
"crs": { "type": "name", "properties": { "name": "urn:ogc:def:crs:OGC:1.3:CRS84" } },
"features": [
{ "type": "Feature", "properties": { "NUTS_LEVEL": 1, "NUTS_CODE": "DE1", "NUTS_NAME": "Baden-Württemberg" }, "geometry": { "type": "MultiPolygon", "coordinates": [ [ [ [ 8.703101655799411, 47.714646634172823 ], [ 8.717315707649, 47.692084259811246 ], [ 8.708365841517654, 47.689675640036015 ], [ 8.690947637278432, 47.695226059191583 ], [ 8.666535350515904, 47.685402544854242 ], [ 8.660309370902628, 47.691482150215279 ], [ 8.675966138773799, 47.698428610720377 ], [ 8.664938582929876, 47.712895743011558 ], [ 8.685024037081806, 47.708530922188899 ], [ 8.703101655799411, 47.714646634172823 ] ] ], [ [ [ 10.064556455111196, 48.255057509098457 ], [ 10.060263664673661, 48.235320157222127 ], [ 10.075892978547687, 48.220880233352318 ], [ 10.075589381834252, 48.209719206124504 ], [ 10.087699075338923, 48.209031788252695 ], [ 10.084932790830369, 48.198169157722987 ], [ 10.088537812964903, 48.188486780434943 ], [ 10.09760391684712, 48.162081401359487 ], [ 10.11085067180243, 48.131888615091889 ], [ 10.112955588962977, 48.124877731685125 ], [ 10.13585825046963, 48.107756112481262 ], [ 10.138959888171286, 48.097335649766357 ], [ 10.140740131718667, 48.085992681731973 ], [ 10.131348662910174, 48.077228267648259 ], [ 10.142803143662507, 48.075525458487562 ], [ 10.143280439519183, 48.064223764170052 ], [ 10.136743446135673, 48.038704456765274 ], [ 10.125772515637227, 48.035184164934314 ], [ 10.133204946144344, 48.026168657532097 ], [ 10.136803044148378, 48.023333706398709 ], [ 10.132166719685648, 48.014374410603601 ], [ 10.120052979600681, 48.004328634284889 ], [ 10.11824783625465, 47.974176255056086 ], [ 10.10591976192145, 47.974445571853728 ], [ 10.089109783590605, 47.967852377271633 ], [ 10.088877477957579, 47.948873802942082 ], [ 10.111303576894453, 47.936686869255126 ], [ 10.107786665664323, 47.9192963439354 ], [ 10.097483457196676, 47.884662304065628 ], [ 10.105315953437415, 47.880578621967643 ], [ 10.09272093426075, 47.868659705889947 ], [ 10.076969549067783, 47.867774227279249 ], [ 10.083919361143998, 47.85617081427003 ], [ 10.10346317844845, 47.865312076171286 ], [ 10.106657759104728, 47.859520640023305 ], [ 10.093215316312548, 47.84847057061571 ], [ 10.107586979472368, 47.847806813963253 ], [ 10.103684878690132, 47.84149926937561 ], [ 10.132074990294862, 47.820105977134403 ], [ 10.137819318772172, 47.810122281940195 ], [ 10.116277666538226, 47.811199054952326 ], [ 10.114784770235035, 47.801087750238864 ], [ 10.093094814702054, 47.804051072617803 ], [ 10.066970585633825, 47.787782503503458 ], [ 10.067177941175858, 47.78236406918775 ], [ 10.080933137245484, 47.781456152239478 ], [ 10.083025281182971, 47.772099624677217 ], [ 10.119269577295341, 47.760432250556441 ], [ 10.117050609064439, 47.75227422618611 ], [ 10.110296197061498, 47.738483029432928 ], [ 10.118627678838941, 47.733303513656566 ], [ 10.119239692745678, 47.715381358307631 ], [ 10.138716075880119, 47.703919747538109 ], [ 10.128241613047186, 47.690825475688364 ], [ 10.130461317281833, 47.676922153926455 ], [ 10.113445665741638, 47.666349132039137 ], [ 10.091967819124404, 47.671837406510619 ], [ 10.077089928372898, 47.640582309596134 ], [ 10.058684807327833, 47.680465083027315 ], [ 10.032617151561681, 47.675309811634868 ], [ 10.029368718180301, 47.686201456511398 ], [ 10.014900962437116, 47.683308148620362 ], [ 9.993268582708369, 47.678322786933826 ], [ 9.970321650385298, 47.653543381694845 ], [ 9.94120318329318, 47.657567389760615 ], [ 9.932427243443767, 47.653846582010402 ], [ 9.913631247156788, 47.662117544447938 ], [ 9.896130372015955, 47.663759600129517 ], [ 9.879470548143399, 47.673803866978901 ], [ 9.843047609819219, 47.6773015996231 ], [ 9.829645807357476, 47.670578853689953 ], [ 9.825619876535724, 47.656293429639589 ], [ 9.8171029629289, 47.650020778486827 ], [ 9.799324034499232, 47.649889775199625 ], [ 9.799400412148067, 47.643566784909396 ], [ 9.747853672037577, 47.602660742433848 ], [ 9.739400130511859, 47.60584495590296 ], [ 9.748290022590943, 47.614990871587011 ], [ 9.735379608832906, 47.616844144190615 ], [ 9.727992469592088, 47.610226722087774 ], [ 9.705927356764402, 47.601459074780728 ], [ 9.692073430850437, 47.608645068555177 ], [ 9.678304046303838, 47.604749412920583 ], [ 9.671642800085921, 47.61139359825313 ], [ 9.655822471691154, 47.611775152734047 ], [ 9.6535648639305, 47.605440266370394 ], [ 9.638811052395901, 47.604183145426106 ], [ 9.644597068779209, 47.58992283622554 ], [ 9.626174390530226, 47.592121666195929 ], [ 9.621066985536658, 47.583462781806297 ], [ 9.602092290534406, 47.584343604333668 ], [ 9.554232241081726, 47.586334402345742 ], [ 9.529915386003848, 47.603185101499498 ], [ 9.526805554163705, 47.611561234635005 ], [ 9.509442157414828, 47.637095497313602 ], [ 9.494817932597227, 47.649506875149186 ], [ 9.463651396111491, 47.6480768665295 ], [ 9.420342006088818, 47.665329451406173 ], [ 9.393089570679734, 47.667383370131759 ], [ 9.354610716240282, 47.660541445087098 ], [ 9.32840489784021, 47.669528323406688 ], [ 9.30568694045488, 47.675851170851466 ], [ 9.284829673124658, 47.685299822528485 ], [ 9.231638212930337, 47.716257996408572 ], [ 9.225658017481489, 47.737013210433723 ], [ 9.213620105020151, 47.74445770483819 ], [ 9.14125002435485, 47.766724525037667 ], [ 9.11955105936245, 47.783278491810613 ], [ 9.069671208149686, 47.806411164110791 ], [ 9.06303536976135, 47.813461179433673 ], [ 9.038401627804827, 47.814725262566782 ], [ 9.031598344804225, 47.806139233208789 ], [ 9.078876378468799, 47.772662430078555 ], [ 9.106128463352675, 47.762631937135197 ], [ 9.132876243412587, 47.748885844549164 ], [ 9.149263147460186, 47.749090121268551 ], [ 9.174044587418823, 47.733907794345654 ], [ 9.180713648500237, 47.705074466775955 ], [ 9.209433480048769, 47.686688138780355 ], [ 9.216704665637584, 47.668520342036032 ], [ 9.207224167374672, 47.66316844492674 ], [ 9.181292839105604, 47.667243248236829 ], [ 9.180246773610046, 47.655537811560215 ], [ 9.169145162178237, 47.655825014179278 ], [ 9.152238532190996, 47.667085076942364 ], [ 9.131553633326783, 47.665466536125656 ], [ 9.114165900377458, 47.684472642179237 ], [ 9.079941785158933, 47.683399014907529 ], [ 9.044232575558027, 47.693161256231427 ], [ 9.041065253379106, 47.708524538151003 ], [ 9.056202619887125, 47.703512349812222 ], [ 9.089827792862279, 47.689897615587867 ], [ 9.107552046666283, 47.691470028229588 ], [ 9.103306317744035, 47.702637115488614 ], [ 9.037192455482847, 47.723965982616562 ], [ 9.020864472027261, 47.729041908103184 ], [ 8.993846218892054, 47.743204149996416 ], [ 8.98288701639401, 47.739955814446176 ], [ 9.004124604172745, 47.729154247212179 ], [ 8.999460095632104, 47.72490855788319 ], [ 8.963903602485164, 47.736261122406475 ], [ 8.941745242419316, 47.731930322014819 ], [ 8.943369083563434, 47.724340192701291 ], [ 8.966851667354378, 47.715053988540099 ], [ 8.996263110155562, 47.705563857280417 ], [ 9.005826517240353, 47.694518221999608 ], [ 8.970385886315308, 47.671814456115577 ], [ 8.952628431239749, 47.668537313483341 ], [ 8.936293436810109, 47.658902690963551 ], [ 8.897068890217685, 47.652040257889276 ], [ 8.875705866704152, 47.656100686700647 ], [ 8.867936501427025, 47.676351961610251 ], [ 8.849715409834655, 47.681280842346162 ], [ 8.850544943793329, 47.697193317133681 ], [ 8.873847162484065, 47.69418362056701 ], [ 8.871366486188679, 47.704663167007915 ], [ 8.84823115064528, 47.703406899811419 ], [ 8.845446698354095, 47.711436483402565 ], [ 8.825701721460874, 47.711124924552706 ], [ 8.805211661416587, 47.72488814015496 ], [ 8.811890652165813, 47.728872411482634 ], [ 8.807110622192988, 47.737373755501316 ], [ 8.796529716288168, 47.734673967813869 ], [ 8.797001477288633, 47.729118838665251 ], [ 8.770123475319798, 47.718149611043295 ], [ 8.769359028446129, 47.707224883772625 ], [ 8.797740882493789, 47.702881121419544 ], [ 8.797795216474244, 47.69755275914445 ], [ 8.806959598566571, 47.697296573769201 ], [ 8.807896752771939, 47.691118792068579 ], [ 8.798702768020169, 47.690454387794354 ], [ 8.796163350996016, 47.675891856714927 ], [ 8.729053508598351, 47.692801781530378 ], [ 8.736542475615128, 47.716280806733522 ], [ 8.717825669531976, 47.7215314990884 ], [ 8.711533595962029, 47.729410812849132 ], [ 8.7221508118245, 47.744326968301863 ], [ 8.739227152340318, 47.746473941642513 ], [ 8.740026093955423, 47.752878247721327 ], [ 8.714502630376829, 47.765372049915378 ], [ 8.691704707639715, 47.757274329189805 ], [ 8.688447478144358, 47.773446454460583 ], [ 8.681228318734179, 47.786289462663539 ], [ 8.659514117381439, 47.79162480892974 ], [ 8.652374123704936, 47.799568073699056 ], [ 8.645448406275511, 47.788186195251775 ], [ 8.652044516553829, 47.772997480501658 ], [ 8.627608930700289, 47.759707303286653 ], [ 8.61656486691728, 47.784050382091564 ], [ 8.622258127140977, 47.794273627287396 ], [ 8.61381948738449, 47.801155894151059 ], [ 8.577710626704741, 47.79947385304623 ], [ 8.56808012040225, 47.807943376593492 ], [ 8.561912520422144, 47.792649498696839 ], [ 8.574456737346416, 47.789473363924841 ], [ 8.577040125577545, 47.781688573414776 ], [ 8.563023670457294, 47.777880478932282 ], [ 8.552660799657302, 47.784321658287688 ], [ 8.526091801754122, 47.777892550676988 ], [ 8.520460206005973, 47.77029266694899 ], [ 8.510345230341073, 47.775772401820142 ], [ 8.49113998082839, 47.771491567745173 ], [ 8.450477895665689, 47.740221892864604 ], [ 8.455019141454429, 47.722210177414468 ], [ 8.421159908672545, 47.7093068555656 ], [ 8.406146089096127, 47.695480266417086 ], [ 8.413158720014698, 47.689168271735817 ], [ 8.419512500830812, 47.682596223398264 ], [ 8.407281757014005, 47.675778952138387 ], [ 8.414444176619671, 47.666385305724098 ], [ 8.446229542882282, 47.654138889715639 ], [ 8.465244189920099, 47.65553878739437 ], [ 8.470530638744229, 47.639506038531451 ], [ 8.478555017925421, 47.648511498637227 ], [ 8.49392826514679, 47.643269498399995 ], [ 8.5319492722615, 47.647124670996632 ], [ 8.526582401098496, 47.660423430448432 ], [ 8.532504849811552, 47.662742043263876 ], [ 8.561822030477838, 47.67009640687165 ], [ 8.577209981591544, 47.662174799395892 ], [ 8.60304226988583, 47.672005584561774 ], [ 8.627677577728706, 47.653032684176878 ], [ 8.622727637975203, 47.640218546100861 ], [ 8.610528256991453, 47.637192291801178 ], [ 8.612877960490016, 47.64922757536344 ], [ 8.603302634472229, 47.650958163075742 ], [ 8.59478058806685, 47.641890018909045 ], [ 8.604847644717381, 47.613688259403631 ], [ 8.582341903811555, 47.596125221684169 ], [ 8.562565042886986, 47.600286338673122 ], [ 8.573243011428277, 47.611460814994821 ], [ 8.552382503660247, 47.626969723562631 ], [ 8.539046035951561, 47.625676438799914 ], [ 8.538725137270252, 47.630915871750538 ], [ 8.515971119718566, 47.633271775641532 ], [ 8.507788958868904, 47.617103649788511 ], [ 8.487158219668789, 47.614089851341397 ], [ 8.456738149744334, 47.602214048352835 ], [ 8.467208646132738, 47.583749280485378 ], [ 8.488967292950498, 47.588432881362998 ], [ 8.48722774966067, 47.577901727139 ], [ 8.433715418039936, 47.566469955982519 ], [ 8.398751897463331, 47.577008490783392 ], [ 8.383790462485743, 47.566155893546075 ], [ 8.355649611104472, 47.569975932240823 ], [ 8.323116572125732, 47.573514535857683 ], [ 8.297181341593072, 47.589828971430634 ], [ 8.292473026142108, 47.609140609107712 ], [ 8.264175672527568, 47.609867192213081 ], [ 8.258720549927743, 47.615959655470931 ], [ 8.225288110653535, 47.605386349387246 ], [ 8.21680133355402, 47.618760921629736 ], [ 8.202217064720505, 47.620228408726874 ], [ 8.19084197841126, 47.612811092216148 ], [ 8.165172385356275, 47.594345398831138 ], [ 8.149784366955494, 47.595425120696149 ], [ 8.134926534819787, 47.583945973620843 ], [ 8.108187104929941, 47.582659333046109 ], [ 8.091942995274927, 47.559474413216357 ], [ 8.067269637318457, 47.564291601019512 ], [ 8.037419192355307, 47.552830443085163 ], [ 8.019494534574703, 47.550633331299139 ], [ 7.999298312350049, 47.556409364401446 ], [ 7.958902300534587, 47.557862971271661 ], [ 7.945011580935328, 47.544374721072415 ], [ 7.917810189788413, 47.548100549003642 ], [ 7.907965048650303, 47.556101491344023 ], [ 7.906507397873354, 47.57712013555539 ], [ 7.894860227127714, 47.585700901739983 ], [ 7.865512698628699, 47.588283965231831 ], [ 7.842339027372567, 47.581974071242165 ], [ 7.832782052855977, 47.585732000115051 ], [ 7.818813500005102, 47.58648509842444 ], [ 7.811218158288126, 47.569402487864835 ], [ 7.794829819026218, 47.557315690624385 ], [ 7.724065546710649, 47.542412184387835 ], [ 7.681095202362976, 47.533498425261456 ], [ 7.648236321568912, 47.548987137143271 ], [ 7.634013982677003, 47.560940679190125 ], [ 7.637778978103212, 47.565464113569348 ], [ 7.647973489042497, 47.56029215813038 ], [ 7.68562856912581, 47.565797651985868 ], [ 7.689179537923166, 47.571374692878337 ], [ 7.671993400400314, 47.58465673628757 ], [ 7.675325564383496, 47.592385781963777 ], [ 7.649297576700883, 47.59583702104019 ], [ 7.619274774602466, 47.577339134086557 ], [ 7.608607804909258, 47.578179725546725 ], [ 7.589193489775509, 47.589729086033323 ], [ 7.591732338486131, 47.60359172624058 ], [ 7.574404902045915, 47.615374751741832 ], [ 7.566540767051006, 47.632114455512244 ], [ 7.520490516464531, 47.662788523421575 ], [ 7.513843247066228, 47.703140630647304 ], [ 7.543279322143492, 47.723856185997143 ], [ 7.549191176707367, 47.743875922730147 ], [ 7.529992041244474, 47.778478468081524 ], [ 7.561939662476519, 47.84129430130794 ], [ 7.556322391544233, 47.878893971022421 ], [ 7.581107720214899, 47.897980474938926 ], [ 7.584096991653606, 47.932556173239334 ], [ 7.61314729603408, 47.958148543932879 ], [ 7.621836380260467, 47.972162912053996 ], [ 7.615493862759615, 47.991524795216499 ], [ 7.568728281192711, 48.034991647380927 ], [ 7.573856510244989, 48.090966862973787 ], [ 7.577624199188222, 48.115250016436136 ], [ 7.579896244645699, 48.124279938719226 ], [ 7.599288231954775, 48.136093597314314 ], [ 7.600303683729818, 48.156488515542577 ], [ 7.611357304799367, 48.167586049843344 ], [ 7.637097546648012, 48.195775505190966 ], [ 7.668316091681078, 48.224818866201311 ], [ 7.681271549658859, 48.256901096855557 ], [ 7.693204884910108, 48.301956708062711 ], [ 7.736425935481737, 48.318160092559374 ], [ 7.742567594048367, 48.322862716487805 ], [ 7.745746937485166, 48.33331461063117 ], [ 7.731090196679033, 48.388055382323444 ], [ 7.74257076892683, 48.415182155514451 ], [ 7.753424070071996, 48.433989173251767 ], [ 7.766557202729339, 48.460010401416298 ], [ 7.768664529266506, 48.48984494158961 ], [ 7.794450384016166, 48.501834033480677 ], [ 7.806563976409302, 48.519342394552069 ], [ 7.800403307608366, 48.584958600668159 ], [ 7.837242233134594, 48.637796554025165 ], [ 7.889801586126337, 48.662306257263204 ], [ 7.958046291511239, 48.718454852046129 ], [ 7.967409219214792, 48.728242769447071 ], [ 7.968883308122058, 48.753228497843111 ], [ 7.978033124123147, 48.760212179356138 ], [ 8.012882960219118, 48.759791531647146 ], [ 8.030216562967384, 48.786407569324346 ], [ 8.065659756254957, 48.789168465528171 ], [ 8.084352777929787, 48.798660314647428 ], [ 8.107666574105377, 48.826414840887047 ], [ 8.116781472475171, 48.85158800826283 ], [ 8.159269118448861, 48.914796687679392 ], [ 8.170762122485868, 48.925709444593167 ], [ 8.188775122173785, 48.945983678644112 ], [ 8.200366520677923, 48.958208886523757 ], [ 8.232633064375364, 48.966274508593216 ], [ 8.261802339180324, 48.980602434497087 ], [ 8.279385165597148, 48.990573433688816 ], [ 8.292310117091393, 49.004119823455788 ], [ 8.312559071537098, 49.053855319022297 ], [ 8.340503739813251, 49.079854492468336 ], [ 8.350758476753944, 49.087664486587812 ], [ 8.361073144472831, 49.104400997938356 ], [ 8.367452017983842, 49.129390987977651 ], [ 8.371281543553, 49.144296799136548 ], [ 8.371911932145196, 49.155821222893167 ], [ 8.368359003868562, 49.167511118035925 ], [ 8.371656000332345, 49.176497125361998 ], [ 8.382891654170262, 49.188765655020731 ], [ 8.404971331463637, 49.21929506396468 ], [ 8.397431608568088, 49.224292972569394 ], [ 8.385730970092396, 49.220724960670424 ], [ 8.394484415743928, 49.240226005562228 ], [ 8.416497060203266, 49.250725992227601 ], [ 8.444733673910974, 49.265491202758326 ], [ 8.46699601924009, 49.28239981309612 ], [ 8.487666055209061, 49.287659870367492 ], [ 8.484769694508582, 49.303686796923948 ], [ 8.453430651137436, 49.316402850266783 ], [ 8.456203111488108, 49.331157378230152 ], [ 8.469720897049507, 49.339060196320936 ], [ 8.497830972445824, 49.357495626953515 ], [ 8.50226678821919, 49.387200651228781 ], [ 8.46940493794547, 49.373786759380259 ], [ 8.462843498042467, 49.382635455686618 ], [ 8.496330244215827, 49.399599195583207 ], [ 8.497024300319346, 49.407493498644435 ], [ 8.508058934634978, 49.434391853330517 ], [ 8.497341323860242, 49.442330116186831 ], [ 8.454568064424851, 49.43970951239374 ], [ 8.454112569830249, 49.44312640985607 ], [ 8.445383055102132, 49.446814033845506 ], [ 8.445538386467671, 49.459348110841219 ], [ 8.464454999684815, 49.467681323379061 ], [ 8.443170901159869, 49.4917533797787 ], [ 8.422819890420103, 49.541822800280997 ], [ 8.414848112165167, 49.554644480622592 ], [ 8.422714729793963, 49.571951804104444 ], [ 8.423175038686038, 49.583335932859619 ], [ 8.464814471945846, 49.589114921505761 ], [ 8.480186200406584, 49.574244289236901 ], [ 8.494135235977136, 49.572611774866417 ], [ 8.540845364189371, 49.528578629275032 ], [ 8.560394642284731, 49.51970995437113 ], [ 8.581435895910239, 49.519637469151512 ], [ 8.598647873829544, 49.531051379152366 ], [ 8.60761016827661, 49.5278272758285 ], [ 8.616053112341802, 49.540369824388975 ], [ 8.603431574196192, 49.59279363375569 ], [ 8.594056923070136, 49.592159066754277 ], [ 8.589207076644845, 49.604356509421201 ], [ 8.595034655660038, 49.605485398781489 ], [ 8.598930375324302, 49.610590512439956 ], [ 8.672565801727243, 49.623862448007038 ], [ 8.670948693660048, 49.610136109049193 ], [ 8.682075434722833, 49.603671167603942 ], [ 8.691493880097207, 49.606609713232757 ], [ 8.697670099069899, 49.599995087878568 ], [ 8.694794853905933, 49.589978443930917 ], [ 8.683424378480655, 49.589400407126782 ], [ 8.684852174795349, 49.569301802744135 ], [ 8.705005815174436, 49.548438186277849 ], [ 8.703429376792998, 49.536303156344395 ], [ 8.732332781348704, 49.526059794430267 ], [ 8.728026966516023, 49.518397495402326 ], [ 8.749041298792193, 49.522027770028231 ], [ 8.767547189904956, 49.514844452572994 ], [ 8.772641186327068, 49.517685024069095 ], [ 8.796513850662759, 49.512153748067448 ], [ 8.807141007650644, 49.525944797155717 ], [ 8.822446319911645, 49.524572787948102 ], [ 8.817428525844702, 49.504521858923113 ], [ 8.831993711861546, 49.492176470165518 ], [ 8.845605965352737, 49.502004899892576 ], [ 8.85671573150819, 49.50115513801817 ], [ 8.880694131755112, 49.505842993663919 ], [ 8.898301330646527, 49.502836870234049 ], [ 8.899519591523408, 49.48416522257903 ], [ 8.867713642122633, 49.464678713960765 ], [ 8.866211398255329, 49.474320876935025 ], [ 8.851826358215343, 49.483856610731927 ], [ 8.826819500982184, 49.470657167931236 ], [ 8.824754858769294, 49.462969090802012 ], [ 8.832479771133762, 49.453380734931933 ], [ 8.832341617820143, 49.424668758488615 ], [ 8.806505239240558, 49.419190588275725 ], [ 8.801872873820678, 49.410563720040692 ], [ 8.814456470810484, 49.397417646063332 ], [ 8.823463421062979, 49.394924665969683 ], [ 8.834123942635379, 49.406717161351231 ], [ 8.850087053340575, 49.394822919766199 ], [ 8.886069330275831, 49.415039591764746 ], [ 8.897439313664762, 49.425001378513961 ], [ 8.90326747187402, 49.443145345912093 ], [ 8.907752609413929, 49.436754697829052 ], [ 8.92427822640192, 49.439137095585586 ], [ 8.92828689545483, 49.448002182124647 ], [ 8.951223594836005, 49.452422494206175 ], [ 8.931201860115447, 49.469835568248314 ], [ 8.957365337918738, 49.495147426619504 ], [ 8.951914335137545, 49.505231446891933 ], [ 8.967308106839393, 49.501293461788869 ], [ 8.986016344505913, 49.509976909710446 ], [ 8.992298929725672, 49.503105652100444 ], [ 9.033496384536749, 49.49776384069299 ], [ 9.062692331815001, 49.528398591173136 ], [ 9.08376734553959, 49.525776555792923 ], [ 9.099951637057458, 49.525834373732081 ], [ 9.106668756915296, 49.509235900205645 ], [ 9.126361153207393, 49.516855179427374 ], [ 9.115101609734477, 49.533930055666964 ], [ 9.08619136599849, 49.542046165451431 ], [ 9.073896860686679, 49.571130552357289 ], [ 9.100455991290248, 49.560580676300241 ], [ 9.102948472099769, 49.577536279706372 ], [ 9.194456376019087, 49.573879213181137 ], [ 9.226357805525977, 49.578705854469611 ], [ 9.238300363791097, 49.581273504443708 ], [ 9.24954724062852, 49.584588101767523 ], [ 9.251229938688986, 49.593513070833581 ], [ 9.258891099249746, 49.593013690769538 ], [ 9.264237391253976, 49.606793389662755 ], [ 9.284647440291648, 49.614869275272603 ], [ 9.268578335544783, 49.631754866890581 ], [ 9.287220073386223, 49.638628375354244 ], [ 9.307141638368046, 49.654933525432291 ], [ 9.341073786727627, 49.644055018556607 ], [ 9.367758322422421, 49.658729868056973 ], [ 9.38286968745979, 49.643161497839358 ], [ 9.406020046153616, 49.645061050579883 ], [ 9.417304465098351, 49.660644574937926 ], [ 9.397856761937659, 49.66906831316421 ], [ 9.410818808284739, 49.674618639238446 ], [ 9.40700695314699, 49.679422533783409 ], [ 9.420185339397811, 49.690804639688871 ], [ 9.420807962125473, 49.706808009181827 ], [ 9.408130382472361, 49.721820408417919 ], [ 9.386951320554486, 49.730774038858812 ], [ 9.38220293769486, 49.707363536060328 ], [ 9.357624611861842, 49.703984546267499 ], [ 9.350219829923066, 49.717705781976242 ], [ 9.373571558020798, 49.728365563972552 ], [ 9.354933514023465, 49.7313935726431 ], [ 9.323477667308108, 49.731177146037957 ], [ 9.295258860998059, 49.740445556564673 ], [ 9.322170639220886, 49.74137598220706 ], [ 9.317385006047571, 49.76804955131437 ], [ 9.361242589998062, 49.771494231747425 ], [ 9.373810180941753, 49.778139832268856 ], [ 9.380179816075739, 49.773173494269777 ], [ 9.386630227533296, 49.770277032523246 ], [ 9.406093416752375, 49.777198090875395 ], [ 9.421160245474704, 49.788122216926801 ], [ 9.433535857105221, 49.787195385870497 ], [ 9.44586881210102, 49.772482523892933 ], [ 9.461633213080766, 49.769478670137872 ], [ 9.480885353522229, 49.786451498606368 ], [ 9.507578786233278, 49.78589613466805 ], [ 9.513994998552739, 49.763278445468444 ], [ 9.523125910130943, 49.760316272511218 ], [ 9.54472148470157, 49.766645297593506 ], [ 9.560747675832298, 49.744303693022239 ], [ 9.569041236007282, 49.749041644356204 ], [ 9.558759696196446, 49.762704759156264 ], [ 9.560249290933463, 49.778723422758858 ], [ 9.620643176761176, 49.783489929935328 ], [ 9.65044383929966, 49.792109816233847 ], [ 9.650784762863314, 49.766237695677781 ], [ 9.640444657455667, 49.751152502307171 ], [ 9.643256238002186, 49.738401334996745 ], [ 9.627771699948992, 49.731153995900037 ], [ 9.641078743112216, 49.722915183121714 ], [ 9.63327768381729, 49.717122011181658 ], [ 9.627776545269704, 49.702469555487127 ], [ 9.632686304524883, 49.693727652968278 ], [ 9.652936881167586, 49.687411928348276 ], [ 9.675312842155115, 49.693389033818057 ], [ 9.6777443397367, 49.716466120948269 ], [ 9.711111806403375, 49.726779844335724 ], [ 9.728442865525649, 49.687167193141732 ], [ 9.749840814285687, 49.69547225615122 ], [ 9.752841991956558, 49.710184081631851 ], [ 9.796206545143859, 49.729228853233955 ], [ 9.797566294230272, 49.719961722580578 ], [ 9.823214478574165, 49.707714989043353 ], [ 9.835429625186716, 49.685850904127811 ], [ 9.836205728947753, 49.681220658542003 ], [ 9.824334945002535, 49.672935940861301 ], [ 9.827506940000125, 49.661364116703211 ], [ 9.831557490453324, 49.649191394441324 ], [ 9.854304720935058, 49.643376575866348 ], [ 9.865485185627515, 49.62554389289042 ], [ 9.872442617533613, 49.608400782259032 ], [ 9.841771342420254, 49.594785625833715 ], [ 9.848373856367862, 49.577478551230783 ], [ 9.827435174159081, 49.564649025861989 ], [ 9.820969908843947, 49.56197624181258 ], [ 9.809725450671268, 49.556312267970554 ], [ 9.825291047332772, 49.550870765756521 ], [ 9.859099162626158, 49.546295188643022 ], [ 9.87517749981421, 49.578178623188556 ], [ 9.899348071972231, 49.585884619284151 ], [ 9.912169097188132, 49.585286247767833 ], [ 9.914527559062709, 49.580269466899438 ], [ 9.899935910569646, 49.562890945152724 ], [ 9.922202706422118, 49.561275952787376 ], [ 9.921585902629328, 49.55306047927408 ], [ 9.92677727459958, 49.538116950875903 ], [ 9.916660749827818, 49.518835396836963 ], [ 9.924242858012006, 49.5093129488573 ], [ 9.913550330321227, 49.493000107477535 ], [ 9.9396668318133, 49.482791729146101 ], [ 9.960815466606689, 49.484095856852299 ], [ 9.983533409822158, 49.485394873985896 ], [ 10.019031523588117, 49.485790012362706 ], [ 10.029344895917101, 49.503689917129485 ], [ 10.057557030693502, 49.516609396713548 ], [ 10.03826536157238, 49.527521126137636 ], [ 10.059700486315986, 49.537709491418234 ], [ 10.060425376035049, 49.545018105879116 ], [ 10.083730158808702, 49.543333611715752 ], [ 10.091587381413175, 49.534146267311669 ], [ 10.088793499568235, 49.528352324889632 ], [ 10.07871123076723, 49.527172658738237 ], [ 10.076981948930907, 49.520053455136711 ], [ 10.084015928014356, 49.512055044009408 ], [ 10.106109868069353, 49.515165955494005 ], [ 10.12209943439591, 49.509490088780687 ], [ 10.101078081764236, 49.493899570010136 ], [ 10.101188651520614, 49.485596626502392 ], [ 10.118281006887507, 49.472044805213478 ], [ 10.122046081642337, 49.463745223344858 ], [ 10.104636748418418, 49.462660015840235 ], [ 10.094559466729898, 49.446575516421682 ], [ 10.132919282054244, 49.437090327643588 ], [ 10.140404967017965, 49.424003626940305 ], [ 10.148850152956735, 49.403415874685074 ], [ 10.139194377560004, 49.402440816240322 ], [ 10.161522815285602, 49.394962707592846 ], [ 10.160565121268659, 49.39006617188965 ], [ 10.144585122738247, 49.383692922340224 ], [ 10.11189317573862, 49.384673490949311 ], [ 10.113265575913603, 49.359706288408674 ], [ 10.124113279415866, 49.356801472327696 ], [ 10.123764160757048, 49.350386456725019 ], [ 10.108728071978797, 49.352044350130669 ], [ 10.102925707738857, 49.344341807759768 ], [ 10.111308320051588, 49.332676873333412 ], [ 10.120368462855161, 49.325313508080768 ], [ 10.130525754663941, 49.32612974910878 ], [ 10.138936442714034, 49.326804918303772 ], [ 10.145483027719713, 49.316220093550257 ], [ 10.132096076587509, 49.305265644638595 ], [ 10.134820451405801, 49.296135206019578 ], [ 10.156482608373636, 49.280785473458309 ], [ 10.146418528213502, 49.277505925612608 ], [ 10.14876451501029, 49.269141603290947 ], [ 10.131606009125688, 49.262409250543428 ], [ 10.122941884099717, 49.274962949317874 ], [ 10.110241747487303, 49.257138915211854 ], [ 10.132153737859932, 49.250979109495781 ], [ 10.120279512073783, 49.247737296866951 ], [ 10.140618402749373, 49.208630431318433 ], [ 10.125523832021855, 49.211216634308251 ], [ 10.126495349909723, 49.207334247227038 ], [ 10.129367481073615, 49.19524520184877 ], [ 10.136654962652104, 49.198965990501449 ], [ 10.155420446084765, 49.192971553544446 ], [ 10.171290725667717, 49.178195493715421 ], [ 10.18119828821975, 49.182118896281224 ], [ 10.177360961136943, 49.173220944438967 ], [ 10.188403482549417, 49.17340508306502 ], [ 10.198009064300905, 49.155513605120824 ], [ 10.213202594224786, 49.16266841404083 ], [ 10.231132845513729, 49.157100074335496 ], [ 10.248210421761186, 49.148585685680793 ], [ 10.255455097096073, 49.12797869184984 ], [ 10.225769541424585, 49.119482913742956 ], [ 10.225455591527172, 49.111249191575389 ], [ 10.21667498521996, 49.113260113850274 ], [ 10.204943354110746, 49.098037906880705 ], [ 10.215180189205324, 49.094251925884656 ], [ 10.222929316176106, 49.097841002268133 ], [ 10.229755069505837, 49.089708609643196 ], [ 10.250531343658876, 49.092212343042519 ], [ 10.24733431866008, 49.0802514500622 ], [ 10.240574315298165, 49.08204388274708 ], [ 10.235990156884499, 49.073983090342573 ], [ 10.257667137496455, 49.070326406262794 ], [ 10.263242603717485, 49.061173011177893 ], [ 10.256956093077569, 49.05927969986589 ], [ 10.250514699043572, 49.039765721525413 ], [ 10.265811691296507, 49.045069479884631 ], [ 10.284402172548129, 49.036760124713595 ], [ 10.287223462188996, 49.042252061556077 ], [ 10.296774543743055, 49.041946027724549 ], [ 10.302673425377149, 49.031370299148669 ], [ 10.316545001263014, 49.028545640958889 ], [ 10.321813855878656, 49.026047841097281 ], [ 10.333981905020162, 49.031879871592956 ], [ 10.349122882382778, 49.027925863038071 ], [ 10.345929351199208, 49.017137428907034 ], [ 10.35548125265888, 49.014766722775995 ], [ 10.354349343005254, 49.004682787305754 ], [ 10.372795598970709, 49.003131329298192 ], [ 10.381800337481458, 48.999237763580339 ], [ 10.379710724031325, 48.986080209516338 ], [ 10.394957292977795, 48.989744143572715 ], [ 10.410451332436287, 48.977174962821856 ], [ 10.401705029686251, 48.968841682022727 ], [ 10.424904928584411, 48.960743103810067 ], [ 10.435034646560329, 48.944256136399709 ], [ 10.443389507272835, 48.9454029082479 ], [ 10.451343096155114, 48.938616292725733 ], [ 10.438011957347934, 48.932997531758488 ], [ 10.45209260583178, 48.926196152884643 ], [ 10.454395893963511, 48.91526969152148 ], [ 10.442642136891616, 48.907763500076875 ], [ 10.422001360425945, 48.906611945898881 ], [ 10.453888238709457, 48.891977101562212 ], [ 10.446427765348549, 48.877339899349494 ], [ 10.452744670601177, 48.873376595903068 ], [ 10.449143365344874, 48.849218481643689 ], [ 10.427793461694334, 48.843003154970177 ], [ 10.428404511398188, 48.836371145768346 ], [ 10.448632078404271, 48.830161243456693 ], [ 10.443373950748642, 48.808806602957461 ], [ 10.42174930416216, 48.79761157942464 ], [ 10.433022670328882, 48.790660729645253 ], [ 10.430483957895298, 48.782672847260251 ], [ 10.429769719701524, 48.77098461377939 ], [ 10.42021041398986, 48.77611321738501 ], [ 10.413376036999006, 48.770622326057989 ], [ 10.428767581512215, 48.758528619612456 ], [ 10.418302032395317, 48.753881037474308 ], [ 10.424123908478325, 48.74460442565082 ], [ 10.445854673481628, 48.729640656805479 ], [ 10.450581407449198, 48.735113824949508 ], [ 10.462292595446209, 48.73564339333096 ], [ 10.458879814026032, 48.728303409943479 ], [ 10.482365276889798, 48.708365793163914 ], [ 10.471564074166508, 48.702872966051352 ], [ 10.484851924175802, 48.697173003980247 ], [ 10.491340057932328, 48.688154434081142 ], [ 10.464957200586881, 48.67065942489787 ], [ 10.410719968345704, 48.661195877593059 ], [ 10.40827797938497, 48.667641535045632 ], [ 10.42647593561353, 48.672924722045465 ], [ 10.422239327840085, 48.688405979345411 ], [ 10.4362193283271, 48.688525080543791 ], [ 10.435474505161363, 48.696498274910326 ], [ 10.406688665894574, 48.697356336666246 ], [ 10.391631289915061, 48.686861714516027 ], [ 10.389542601325175, 48.667624473909605 ], [ 10.368346163601945, 48.663968368776438 ], [ 10.362903857365945, 48.653818221963625 ], [ 10.350645701469812, 48.658023282010909 ], [ 10.347670851292504, 48.677554811502141 ], [ 10.332676462836815, 48.690449140328347 ], [ 10.319310338068201, 48.688800726659096 ], [ 10.317301583318102, 48.683284462699206 ], [ 10.268500238246542, 48.702371562759978 ], [ 10.271226537407554, 48.68354981180066 ], [ 10.256497149071141, 48.680523613364208 ], [ 10.263383194851997, 48.671941540101855 ], [ 10.254213505198276, 48.664817463965015 ], [ 10.264619924031907, 48.660039781638993 ], [ 10.259462408782454, 48.654809602659554 ], [ 10.29602161933567, 48.633746488636795 ], [ 10.297947554070086, 48.62389107814986 ], [ 10.322756170479082, 48.605219575400113 ], [ 10.29682332772062, 48.60398007177848 ], [ 10.293899038785584, 48.59010868391367 ], [ 10.306355553537742, 48.583378039975109 ], [ 10.314728026832102, 48.55568782464853 ], [ 10.307690466002692, 48.550730245287468 ], [ 10.303012747932359, 48.531848010235109 ], [ 10.312782235821823, 48.52973389441383 ], [ 10.312144779969596, 48.522997939349494 ], [ 10.276224506201871, 48.516025449829492 ], [ 10.268776485601851, 48.520214708305041 ], [ 10.253853161571506, 48.518357350580224 ], [ 10.247485472700623, 48.51157871124672 ], [ 10.228981130361094, 48.51016885861069 ], [ 10.227250979346747, 48.505044547220294 ], [ 10.238608630310758, 48.504276432369053 ], [ 10.240554689944936, 48.491840766083591 ], [ 10.22551691816259, 48.48851216561912 ], [ 10.218036848659299, 48.488512698690037 ], [ 10.195565729585654, 48.48034267932475 ], [ 10.180612012188471, 48.475534953486857 ], [ 10.18405436228656, 48.468464723538382 ], [ 10.174742948429143, 48.469408747759346 ], [ 10.170821296440643, 48.456779728911883 ], [ 10.131766984610204, 48.455432847111467 ], [ 10.117981626602404, 48.475594860872263 ], [ 10.107966038727344, 48.477683565482089 ], [ 10.073652211313199, 48.459974958802903 ], [ 10.034322362390006, 48.458012492681135 ], [ 10.036772803887683, 48.444787224136235 ], [ 10.028061834204973, 48.437152553091991 ], [ 10.041371693582688, 48.431013828910153 ], [ 10.017404393685199, 48.417559156217465 ], [ 10.013761939338622, 48.403507709079726 ], [ 9.96749417739157, 48.375403429847481 ], [ 9.979989512460074, 48.361580727691482 ], [ 9.991356450987331, 48.369057127930262 ], [ 9.99420224848612, 48.352081344949703 ], [ 10.011580219331117, 48.337466822032894 ], [ 10.033606847401531, 48.309778797273388 ], [ 10.037853930960329, 48.302042095160914 ], [ 10.044255909598593, 48.292914311300031 ], [ 10.065084310998733, 48.282362656039552 ], [ 10.063498877209407, 48.272217546488797 ], [ 10.064556455111196, 48.255057509098457 ] ] ] ] } },
{ "type": "Feature", "properties": { "NUTS_LEVEL": 1, "NUTS_CODE": "DE2", "NUTS_NAME": "Bayern" }, "geometry": { "type": "MultiPolygon", "coordinates": [ [ [ [ 12.933452828229068, 48.206894656336544 ], [ 12.87066415724224, 48.201729232006905 ], [ 12.854072120278087, 48.178832568016183 ], [ 12.832108944358053, 48.155073115870692 ], [ 12.799975504756052, 48.146279957498244 ], [ 12.785593675589331, 48.123097404429195 ], [ 12.761250286343587, 48.128553074103046 ], [ 12.751443478409826, 48.112722997377411 ], [ 12.758954766207747, 48.075938487835643 ], [ 12.807659820119319, 48.043427686590142 ], [ 12.853159610234975, 48.012658568182097 ], [ 12.875816264179367, 47.962410474170824 ], [ 12.915506534955504, 47.95536336503293 ], [ 12.922307686551681, 47.939538128066367 ], [ 12.937497839116913, 47.943328519676115 ], [ 12.965944876710086, 47.900240403747972 ], [ 12.987696313780992, 47.86846875718129 ], [ 13.003361188887027, 47.843178979607316 ], [ 12.978714081138085, 47.819106375927589 ], [ 12.939633248269226, 47.779833070708094 ], [ 12.928073803737233, 47.770173071438876 ], [ 12.941265411142799, 47.771263242058978 ], [ 12.944732041408956, 47.764477650967024 ], [ 12.935506703273406, 47.747995504467688 ], [ 12.914207843730658, 47.738255011223039 ], [ 12.905225718269481, 47.724552925799799 ], [ 12.930024843346523, 47.709598317932318 ], [ 12.993580425713079, 47.708353887810269 ], [ 13.017576110274407, 47.722715592741032 ], [ 13.04830355854167, 47.709451538277314 ], [ 13.079959871084998, 47.686951632611333 ], [ 13.076682842385493, 47.672822320714353 ], [ 13.088407631243875, 47.649516484254498 ], [ 13.09708089633369, 47.629618342717428 ], [ 13.060557523978449, 47.602162409235277 ], [ 13.071799298141539, 47.58858120045123 ], [ 13.043829751086987, 47.583242780530924 ], [ 13.055659377415232, 47.557440292040916 ], [ 13.031254057122835, 47.534852476180333 ], [ 13.045930103886274, 47.523819599781831 ], [ 13.047249469706939, 47.492017104226846 ], [ 13.027227823681255, 47.486669006439413 ], [ 13.006769996728904, 47.464390659531517 ], [ 12.976580391876073, 47.484843990965821 ], [ 12.966854073425001, 47.474556765959349 ], [ 12.908707330179292, 47.496917677022026 ], [ 12.880359804878452, 47.521878311613499 ], [ 12.8525748652033, 47.530404095398538 ], [ 12.847678765403096, 47.545639744577251 ], [ 12.808143673959785, 47.548024714805322 ], [ 12.784056598057074, 47.568823651109433 ], [ 12.77959093914186, 47.578914019071448 ], [ 12.795084886846483, 47.592791753035215 ], [ 12.792460386634207, 47.600434656548117 ], [ 12.807404684788642, 47.610268163496656 ], [ 12.824243084406129, 47.612138977595592 ], [ 12.799840673729021, 47.62694334082552 ], [ 12.780845894577389, 47.632935316836559 ], [ 12.758568191340389, 47.651955983594696 ], [ 12.778202034617999, 47.66055490361002 ], [ 12.780283219759944, 47.671383038415904 ], [ 12.757582594278286, 47.665046754739627 ], [ 12.73343186887557, 47.679113049655193 ], [ 12.715175546123064, 47.676312560679172 ], [ 12.702833417063326, 47.681650349539844 ], [ 12.666840140649107, 47.680845655822907 ], [ 12.648027765751355, 47.670340602628521 ], [ 12.630628794768761, 47.675842848526173 ], [ 12.60504027701592, 47.673212280977545 ], [ 12.574969169011894, 47.632356754974502 ], [ 12.536249134808225, 47.636405687909523 ], [ 12.498282629866811, 47.625271161311765 ], [ 12.441021822288985, 47.673806818122593 ], [ 12.442362662291353, 47.689576903765378 ], [ 12.440380721714815, 47.695545573286772 ], [ 12.412123719021382, 47.693857650157071 ], [ 12.36389345700344, 47.684054135601663 ], [ 12.35692790437299, 47.690366683913069 ], [ 12.339762028857379, 47.690235607172745 ], [ 12.337543373267266, 47.696835133021594 ], [ 12.284769900625447, 47.690000346439547 ], [ 12.25581624606953, 47.679145206062444 ], [ 12.241316684341369, 47.694182637724779 ], [ 12.26443520600284, 47.732535314165531 ], [ 12.257182803369503, 47.74295414712897 ], [ 12.226291077672881, 47.71846716656492 ], [ 12.184681916765989, 47.700529726132281 ], [ 12.164040363711337, 47.700847082380811 ], [ 12.166893746948793, 47.689908164555646 ], [ 12.203902769308936, 47.631109021682555 ], [ 12.206998437749995, 47.609551786117535 ], [ 12.180927462146952, 47.602659777513544 ], [ 12.176111181262181, 47.614715144517952 ], [ 12.128373939482026, 47.60605723989638 ], [ 12.11501537377835, 47.61130768134106 ], [ 12.083449428779806, 47.609659886890661 ], [ 12.060810677166812, 47.61882219937533 ], [ 12.022093265790598, 47.611174338767022 ], [ 12.008435526721801, 47.624927013409916 ], [ 11.976334773090157, 47.613917391591798 ], [ 11.932631388241219, 47.612947205602872 ], [ 11.893880364629876, 47.608400046623359 ], [ 11.854904686447641, 47.602161391374516 ], [ 11.843884666696027, 47.58134943141922 ], [ 11.781073920909519, 47.591175821876504 ], [ 11.663663241395788, 47.58370741477264 ], [ 11.630565638780418, 47.59255807785469 ], [ 11.631995541858721, 47.580671964533209 ], [ 11.621610783232214, 47.585443645319856 ], [ 11.60688975318385, 47.582287558336795 ], [ 11.58809089961419, 47.557764993892597 ], [ 11.588352893839309, 47.525430349647664 ], [ 11.571507763680833, 47.514491360028792 ], [ 11.518497440014716, 47.510805447910826 ], [ 11.505898940596991, 47.504938486774996 ], [ 11.448909306800426, 47.507320833779808 ], [ 11.441498167259589, 47.517952487108502 ], [ 11.41057246353494, 47.49508759080301 ], [ 11.384788672881522, 47.47286462097977 ], [ 11.39135721978576, 47.466682921097757 ], [ 11.409390084878448, 47.466623031145424 ], [ 11.42086397812465, 47.445042744197281 ], [ 11.336615428042462, 47.449059209013392 ], [ 11.329464712998396, 47.438026801719353 ], [ 11.291102421059456, 47.426453761468629 ], [ 11.289550827417328, 47.40788487668101 ], [ 11.269827842772735, 47.397371267788529 ], [ 11.222688206245115, 47.396824644899255 ], [ 11.252857718795225, 47.427624723509048 ], [ 11.249945632300761, 47.432074365598424 ], [ 11.20725376679931, 47.433736074825021 ], [ 11.162102233899565, 47.42187423365835 ], [ 11.12750210792394, 47.41169416180152 ], [ 11.11474597329318, 47.395802193216404 ], [ 11.029806818411533, 47.393744507420308 ], [ 10.970554713492483, 47.400146591177148 ], [ 10.971850751270953, 47.417186075784251 ], [ 10.984665037886041, 47.421070348041667 ], [ 10.983640797209432, 47.430122186621318 ], [ 10.932879082239966, 47.468359392069168 ], [ 10.927562781081797, 47.472648216701586 ], [ 10.935061991772402, 47.481639088677973 ], [ 10.9084076905578, 47.484743647022214 ], [ 10.881814274305402, 47.478919557040747 ], [ 10.86950746106964, 47.483193999394764 ], [ 10.871182528860146, 47.49989108656078 ], [ 10.918196805335855, 47.517204880948242 ], [ 10.904913285675825, 47.517965069752307 ], [ 10.88536650755821, 47.537264420302904 ], [ 10.85327468151301, 47.534174851657085 ], [ 10.839020815839648, 47.525729350287357 ], [ 10.813128836337556, 47.526049720187011 ], [ 10.812611174154998, 47.520033249607224 ], [ 10.795935461038949, 47.521353844080537 ], [ 10.777565441865482, 47.514367119283882 ], [ 10.764199717100993, 47.519872334358958 ], [ 10.758213292030874, 47.534361677639552 ], [ 10.71853395717925, 47.538312395478613 ], [ 10.694994327957714, 47.544817546947797 ], [ 10.692138246851162, 47.551087504450003 ], [ 10.69043129539668, 47.559211010671532 ], [ 10.635489420041644, 47.559212566275427 ], [ 10.598209666119853, 47.569693604636356 ], [ 10.580275770496213, 47.555268963068862 ], [ 10.573647411910352, 47.533897980699365 ], [ 10.488953599960775, 47.540386587010119 ], [ 10.452860545360762, 47.555279413155162 ], [ 10.431568351808702, 47.503720963893855 ], [ 10.440220641237897, 47.486690984908506 ], [ 10.468128385511603, 47.476855608320314 ], [ 10.466090161851195, 47.453522231438008 ], [ 10.475835800955155, 47.433283158519998 ], [ 10.43763539464752, 47.412981676074573 ], [ 10.429487160391707, 47.390921000147628 ], [ 10.435467108344849, 47.380494484145373 ], [ 10.420104481147771, 47.384535939392677 ], [ 10.389249339475674, 47.370269477084797 ], [ 10.3861333126902, 47.356548187567292 ], [ 10.356959144589636, 47.336983361239575 ], [ 10.348468631777543, 47.317289249596449 ], [ 10.330175260660821, 47.30490113911587 ], [ 10.314837175468, 47.306277332147928 ], [ 10.23196849377298, 47.270683380415001 ], [ 10.201196953284143, 47.276378690880691 ], [ 10.174006066719514, 47.270362326383314 ], [ 10.178268518948219, 47.295060520259852 ], [ 10.19918086476383, 47.297770780306159 ], [ 10.215238088554191, 47.311675385847003 ], [ 10.200587286349124, 47.327536341747262 ], [ 10.23691834003084, 47.373492114664479 ], [ 10.235869508320638, 47.381763669941471 ], [ 10.227311549034468, 47.389037379830476 ], [ 10.212599992132866, 47.379997460118943 ], [ 10.182535207610711, 47.392580809608766 ], [ 10.169719944468396, 47.385885362008146 ], [ 10.16585164512172, 47.36893890616598 ], [ 10.143279213434951, 47.367016200610564 ], [ 10.119360111627739, 47.375460383542922 ], [ 10.099791649439263, 47.354753374986821 ], [ 10.083010264604377, 47.393617832310461 ], [ 10.085797349233479, 47.398947101227982 ], [ 10.069537112381868, 47.409502954848008 ], [ 10.095146799255179, 47.41756171724829 ], [ 10.105266855191735, 47.428362237282322 ], [ 10.093361753672328, 47.441695972486201 ], [ 10.090906558695043, 47.460096024818235 ], [ 10.069903545215746, 47.456061517339101 ], [ 10.057335658068114, 47.465695084852037 ], [ 10.044540746897413, 47.48741346679104 ], [ 10.009918020232869, 47.482006425396257 ], [ 9.995031468510046, 47.486170014769279 ], [ 9.987799517080756, 47.498553299881408 ], [ 9.995670163162011, 47.502956883088281 ], [ 9.96519481283126, 47.52071830509994 ], [ 9.9707409271761, 47.544762741458335 ], [ 9.959659469885136, 47.543109187384744 ], [ 9.958254756487989, 47.535106296867816 ], [ 9.94097814523008, 47.538099623069002 ], [ 9.921353918941463, 47.530062758249748 ], [ 9.909086674670737, 47.53867426953078 ], [ 9.878957219777766, 47.546636168557249 ], [ 9.873917574983569, 47.528541608238456 ], [ 9.850589814503373, 47.541154878187655 ], [ 9.815854802960411, 47.547510011666247 ], [ 9.825757462381281, 47.560097870994653 ], [ 9.824055602643327, 47.586685137881318 ], [ 9.80107345122525, 47.595489749844241 ], [ 9.783172211883754, 47.593856694767645 ], [ 9.757092163033779, 47.57864105342238 ], [ 9.744200077035861, 47.55694760823139 ], [ 9.729582632610143, 47.53368910924786 ], [ 9.713068345416161, 47.54900634311759 ], [ 9.694528573372446, 47.549733049641816 ], [ 9.680160511428056, 47.542922188076645 ], [ 9.679365964150572, 47.556473601459103 ], [ 9.653514939545007, 47.556190620509284 ], [ 9.627830739358435, 47.570388673274856 ], [ 9.610433280385314, 47.571307968214327 ], [ 9.602092290534406, 47.584343604333668 ], [ 9.621066985536658, 47.583462781806297 ], [ 9.626174390530226, 47.592121666195929 ], [ 9.644597068779209, 47.58992283622554 ], [ 9.638811052395901, 47.604183145426106 ], [ 9.6535648639305, 47.605440266370394 ], [ 9.655822471691154, 47.611775152734047 ], [ 9.671642800085921, 47.61139359825313 ], [ 9.678304046303838, 47.604749412920583 ], [ 9.692073430850437, 47.608645068555177 ], [ 9.705927356764402, 47.601459074780728 ], [ 9.727992469592088, 47.610226722087774 ], [ 9.735379608832906, 47.616844144190615 ], [ 9.748290022590943, 47.614990871587011 ], [ 9.739400130511859, 47.60584495590296 ], [ 9.747853672037577, 47.602660742433848 ], [ 9.799400412148067, 47.643566784909396 ], [ 9.799324034499232, 47.649889775199625 ], [ 9.8171029629289, 47.650020778486827 ], [ 9.825619876535724, 47.656293429639589 ], [ 9.829645807357476, 47.670578853689953 ], [ 9.843047609819219, 47.6773015996231 ], [ 9.879470548143399, 47.673803866978901 ], [ 9.896130372015955, 47.663759600129517 ], [ 9.913631247156788, 47.662117544447938 ], [ 9.932427243443767, 47.653846582010402 ], [ 9.94120318329318, 47.657567389760615 ], [ 9.970321650385298, 47.653543381694845 ], [ 9.993268582708369, 47.678322786933826 ], [ 10.014900962437116, 47.683308148620362 ], [ 10.029368718180301, 47.686201456511398 ], [ 10.032617151561681, 47.675309811634868 ], [ 10.058684807327833, 47.680465083027315 ], [ 10.077089928372898, 47.640582309596134 ], [ 10.091967819124404, 47.671837406510619 ], [ 10.113445665741638, 47.666349132039137 ], [ 10.130461317281833, 47.676922153926455 ], [ 10.128241613047186, 47.690825475688364 ], [ 10.138716075880119, 47.703919747538109 ], [ 10.119239692745678, 47.715381358307631 ], [ 10.118627678838941, 47.733303513656566 ], [ 10.110296197061498, 47.738483029432928 ], [ 10.117050609064439, 47.75227422618611 ], [ 10.119269577295341, 47.760432250556441 ], [ 10.083025281182971, 47.772099624677217 ], [ 10.080933137245484, 47.781456152239478 ], [ 10.067177941175858, 47.78236406918775 ], [ 10.066970585633825, 47.787782503503458 ], [ 10.093094814702054, 47.804051072617803 ], [ 10.114784770235035, 47.801087750238864 ], [ 10.116277666538226, 47.811199054952326 ], [ 10.137819318772172, 47.810122281940195 ], [ 10.132074990294862, 47.820105977134403 ], [ 10.103684878690132, 47.84149926937561 ], [ 10.107586979472368, 47.847806813963253 ], [ 10.093215316312548, 47.84847057061571 ], [ 10.106657759104728, 47.859520640023305 ], [ 10.10346317844845, 47.865312076171286 ], [ 10.083919361143998, 47.85617081427003 ], [ 10.076969549067783, 47.867774227279249 ], [ 10.09272093426075, 47.868659705889947 ], [ 10.105315953437415, 47.880578621967643 ], [ 10.097483457196676, 47.884662304065628 ], [ 10.107786665664323, 47.9192963439354 ], [ 10.111303576894453, 47.936686869255126 ], [ 10.088877477957579, 47.948873802942082 ], [ 10.089109783590605, 47.967852377271633 ], [ 10.10591976192145, 47.974445571853728 ], [ 10.11824783625465, 47.974176255056086 ], [ 10.120052979600681, 48.004328634284889 ], [ 10.132166719685648, 48.014374410603601 ], [ 10.136803044148378, 48.023333706398709 ], [ 10.133204946144344, 48.026168657532097 ], [ 10.125772515637227, 48.035184164934314 ], [ 10.136743446135673, 48.038704456765274 ], [ 10.143280439519183, 48.064223764170052 ], [ 10.142803143662507, 48.075525458487562 ], [ 10.131348662910174, 48.077228267648259 ], [ 10.140740131718667, 48.085992681731973 ], [ 10.138959888171286, 48.097335649766357 ], [ 10.13585825046963, 48.107756112481262 ], [ 10.112955588962977, 48.124877731685125 ], [ 10.11085067180243, 48.131888615091889 ], [ 10.09760391684712, 48.162081401359487 ], [ 10.088537812964903, 48.188486780434943 ], [ 10.084932790830369, 48.198169157722987 ], [ 10.087699075338923, 48.209031788252695 ], [ 10.075589381834252, 48.209719206124504 ], [ 10.075892978547687, 48.220880233352318 ], [ 10.060263664673661, 48.235320157222127 ], [ 10.064556455111196, 48.255057509098457 ], [ 10.063498877209407, 48.272217546488797 ], [ 10.065084310998733, 48.282362656039552 ], [ 10.044255909598593, 48.292914311300031 ], [ 10.037853930960329, 48.302042095160914 ], [ 10.033606847401531, 48.309778797273388 ], [ 10.011580219331117, 48.337466822032894 ], [ 9.99420224848612, 48.352081344949703 ], [ 9.991356450987331, 48.369057127930262 ], [ 9.979989512460074, 48.361580727691482 ], [ 9.96749417739157, 48.375403429847481 ], [ 10.013761939338622, 48.403507709079726 ], [ 10.017404393685199, 48.417559156217465 ], [ 10.041371693582688, 48.431013828910153 ], [ 10.028061834204973, 48.437152553091991 ], [ 10.036772803887683, 48.444787224136235 ], [ 10.034322362390006, 48.458012492681135 ], [ 10.073652211313199, 48.459974958802903 ], [ 10.107966038727344, 48.477683565482089 ], [ 10.117981626602404, 48.475594860872263 ], [ 10.131766984610204, 48.455432847111467 ], [ 10.170821296440643, 48.456779728911883 ], [ 10.174742948429143, 48.469408747759346 ], [ 10.18405436228656, 48.468464723538382 ], [ 10.180612012188471, 48.475534953486857 ], [ 10.195565729585654, 48.48034267932475 ], [ 10.218036848659299, 48.488512698690037 ], [ 10.22551691816259, 48.48851216561912 ], [ 10.240554689944936, 48.491840766083591 ], [ 10.238608630310758, 48.504276432369053 ], [ 10.227250979346747, 48.505044547220294 ], [ 10.228981130361094, 48.51016885861069 ], [ 10.247485472700623, 48.51157871124672 ], [ 10.253853161571506, 48.518357350580224 ], [ 10.268776485601851, 48.520214708305041 ], [ 10.276224506201871, 48.516025449829492 ], [ 10.312144779969596, 48.522997939349494 ], [ 10.312782235821823, 48.52973389441383 ], [ 10.303012747932359, 48.531848010235109 ], [ 10.307690466002692, 48.550730245287468 ], [ 10.314728026832102, 48.55568782464853 ], [ 10.306355553537742, 48.583378039975109 ], [ 10.293899038785584, 48.59010868391367 ], [ 10.29682332772062, 48.60398007177848 ], [ 10.322756170479082, 48.605219575400113 ], [ 10.297947554070086, 48.62389107814986 ], [ 10.29602161933567, 48.633746488636795 ], [ 10.259462408782454, 48.654809602659554 ], [ 10.264619924031907, 48.660039781638993 ], [ 10.254213505198276, 48.664817463965015 ], [ 10.263383194851997, 48.671941540101855 ], [ 10.256497149071141, 48.680523613364208 ], [ 10.271226537407554, 48.68354981180066 ], [ 10.268500238246542, 48.702371562759978 ], [ 10.317301583318102, 48.683284462699206 ], [ 10.319310338068201, 48.688800726659096 ], [ 10.332676462836815, 48.690449140328347 ], [ 10.347670851292504, 48.677554811502141 ], [ 10.350645701469812, 48.658023282010909 ], [ 10.362903857365945, 48.653818221963625 ], [ 10.368346163601945, 48.663968368776438 ], [ 10.389542601325175, 48.667624473909605 ], [ 10.391631289915061, 48.686861714516027 ], [ 10.406688665894574, 48.697356336666246 ], [ 10.435474505161363, 48.696498274910326 ], [ 10.4362193283271, 48.688525080543791 ], [ 10.422239327840085, 48.688405979345411 ], [ 10.42647593561353, 48.672924722045465 ], [ 10.40827797938497, 48.667641535045632 ], [ 10.410719968345704, 48.661195877593059 ], [ 10.464957200586881, 48.67065942489787 ], [ 10.491340057932328, 48.688154434081142 ], [ 10.484851924175802, 48.697173003980247 ], [ 10.471564074166508, 48.702872966051352 ], [ 10.482365276889798, 48.708365793163914 ], [ 10.458879814026032, 48.728303409943479 ], [ 10.462292595446209, 48.73564339333096 ], [ 10.450581407449198, 48.735113824949508 ], [ 10.445854673481628, 48.729640656805479 ], [ 10.424123908478325, 48.74460442565082 ], [ 10.418302032395317, 48.753881037474308 ], [ 10.428767581512215, 48.758528619612456 ], [ 10.413376036999006, 48.770622326057989 ], [ 10.42021041398986, 48.77611321738501 ], [ 10.429769719701524, 48.77098461377939 ], [ 10.430483957895298, 48.782672847260251 ], [ 10.433022670328882, 48.790660729645253 ], [ 10.42174930416216, 48.79761157942464 ], [ 10.443373950748642, 48.808806602957461 ], [ 10.448632078404271, 48.830161243456693 ], [ 10.428404511398188, 48.836371145768346 ], [ 10.427793461694334, 48.843003154970177 ], [ 10.449143365344874, 48.849218481643689 ], [ 10.452744670601177, 48.873376595903068 ], [ 10.446427765348549, 48.877339899349494 ], [ 10.453888238709457, 48.891977101562212 ], [ 10.422001360425945, 48.906611945898881 ], [ 10.442642136891616, 48.907763500076875 ], [ 10.454395893963511, 48.91526969152148 ], [ 10.45209260583178, 48.926196152884643 ], [ 10.438011957347934, 48.932997531758488 ], [ 10.451343096155114, 48.938616292725733 ], [ 10.443389507272835, 48.9454029082479 ], [ 10.435034646560329, 48.944256136399709 ], [ 10.424904928584411, 48.960743103810067 ], [ 10.401705029686251, 48.968841682022727 ], [ 10.410451332436287, 48.977174962821856 ], [ 10.394957292977795, 48.989744143572715 ], [ 10.379710724031325, 48.986080209516338 ], [ 10.381800337481458, 48.999237763580339 ], [ 10.372795598970709, 49.003131329298192 ], [ 10.354349343005254, 49.004682787305754 ], [ 10.35548125265888, 49.014766722775995 ], [ 10.345929351199208, 49.017137428907034 ], [ 10.349122882382778, 49.027925863038071 ], [ 10.333981905020162, 49.031879871592956 ], [ 10.321813855878656, 49.026047841097281 ], [ 10.316545001263014, 49.028545640958889 ], [ 10.302673425377149, 49.031370299148669 ], [ 10.296774543743055, 49.041946027724549 ], [ 10.287223462188996, 49.042252061556077 ], [ 10.284402172548129, 49.036760124713595 ], [ 10.265811691296507, 49.045069479884631 ], [ 10.250514699043572, 49.039765721525413 ], [ 10.256956093077569, 49.05927969986589 ], [ 10.263242603717485, 49.061173011177893 ], [ 10.257667137496455, 49.070326406262794 ], [ 10.235990156884499, 49.073983090342573 ], [ 10.240574315298165, 49.08204388274708 ], [ 10.24733431866008, 49.0802514500622 ], [ 10.250531343658876, 49.092212343042519 ], [ 10.229755069505837, 49.089708609643196 ], [ 10.222929316176106, 49.097841002268133 ], [ 10.215180189205324, 49.094251925884656 ], [ 10.204943354110746, 49.098037906880705 ], [ 10.21667498521996, 49.113260113850274 ], [ 10.225455591527172, 49.111249191575389 ], [ 10.225769541424585, 49.119482913742956 ], [ 10.255455097096073, 49.12797869184984 ], [ 10.248210421761186, 49.148585685680793 ], [ 10.231132845513729, 49.157100074335496 ], [ 10.213202594224786, 49.16266841404083 ], [ 10.198009064300905, 49.155513605120824 ], [ 10.188403482549417, 49.17340508306502 ], [ 10.177360961136943, 49.173220944438967 ], [ 10.18119828821975, 49.182118896281224 ], [ 10.171290725667717, 49.178195493715421 ], [ 10.155420446084765, 49.192971553544446 ], [ 10.136654962652104, 49.198965990501449 ], [ 10.129367481073615, 49.19524520184877 ], [ 10.126495349909723, 49.207334247227038 ], [ 10.125523832021855, 49.211216634308251 ], [ 10.140618402749373, 49.208630431318433 ], [ 10.120279512073783, 49.247737296866951 ], [ 10.132153737859932, 49.250979109495781 ], [ 10.110241747487303, 49.257138915211854 ], [ 10.122941884099717, 49.274962949317874 ], [ 10.131606009125688, 49.262409250543428 ], [ 10.14876451501029, 49.269141603290947 ], [ 10.146418528213502, 49.277505925612608 ], [ 10.156482608373636, 49.280785473458309 ], [ 10.134820451405801, 49.296135206019578 ], [ 10.132096076587509, 49.305265644638595 ], [ 10.145483027719713, 49.316220093550257 ], [ 10.138936442714034, 49.326804918303772 ], [ 10.130525754663941, 49.32612974910878 ], [ 10.120368462855161, 49.325313508080768 ], [ 10.111308320051588, 49.332676873333412 ], [ 10.102925707738857, 49.344341807759768 ], [ 10.108728071978797, 49.352044350130669 ], [ 10.123764160757048, 49.350386456725019 ], [ 10.124113279415866, 49.356801472327696 ], [ 10.113265575913603, 49.359706288408674 ], [ 10.11189317573862, 49.384673490949311 ], [ 10.144585122738247, 49.383692922340224 ], [ 10.160565121268659, 49.39006617188965 ], [ 10.161522815285602, 49.394962707592846 ], [ 10.139194377560004, 49.402440816240322 ], [ 10.148850152956735, 49.403415874685074 ], [ 10.140404967017965, 49.424003626940305 ], [ 10.132919282054244, 49.437090327643588 ], [ 10.094559466729898, 49.446575516421682 ], [ 10.104636748418418, 49.462660015840235 ], [ 10.122046081642337, 49.463745223344858 ], [ 10.118281006887507, 49.472044805213478 ], [ 10.101188651520614, 49.485596626502392 ], [ 10.101078081764236, 49.493899570010136 ], [ 10.12209943439591, 49.509490088780687 ], [ 10.106109868069353, 49.515165955494005 ], [ 10.084015928014356, 49.512055044009408 ], [ 10.076981948930907, 49.520053455136711 ], [ 10.07871123076723, 49.527172658738237 ], [ 10.088793499568235, 49.528352324889632 ], [ 10.091587381413175, 49.534146267311669 ], [ 10.083730158808702, 49.543333611715752 ], [ 10.060425376035049, 49.545018105879116 ], [ 10.059700486315986, 49.537709491418234 ], [ 10.03826536157238, 49.527521126137636 ], [ 10.057557030693502, 49.516609396713548 ], [ 10.029344895917101, 49.503689917129485 ], [ 10.019031523588117, 49.485790012362706 ], [ 9.983533409822158, 49.485394873985896 ], [ 9.960815466606689, 49.484095856852299 ], [ 9.9396668318133, 49.482791729146101 ], [ 9.913550330321227, 49.493000107477535 ], [ 9.924242858012006, 49.5093129488573 ], [ 9.916660749827818, 49.518835396836963 ], [ 9.92677727459958, 49.538116950875903 ], [ 9.921585902629328, 49.55306047927408 ], [ 9.922202706422118, 49.561275952787376 ], [ 9.899935910569646, 49.562890945152724 ], [ 9.914527559062709, 49.580269466899438 ], [ 9.912169097188132, 49.585286247767833 ], [ 9.899348071972231, 49.585884619284151 ], [ 9.87517749981421, 49.578178623188556 ], [ 9.859099162626158, 49.546295188643022 ], [ 9.825291047332772, 49.550870765756521 ], [ 9.809725450671268, 49.556312267970554 ], [ 9.820969908843947, 49.56197624181258 ], [ 9.827435174159081, 49.564649025861989 ], [ 9.848373856367862, 49.577478551230783 ], [ 9.841771342420254, 49.594785625833715 ], [ 9.872442617533613, 49.608400782259032 ], [ 9.865485185627515, 49.62554389289042 ], [ 9.854304720935058, 49.643376575866348 ], [ 9.831557490453324, 49.649191394441324 ], [ 9.827506940000125, 49.661364116703211 ], [ 9.824334945002535, 49.672935940861301 ], [ 9.836205728947753, 49.681220658542003 ], [ 9.835429625186716, 49.685850904127811 ], [ 9.823214478574165, 49.707714989043353 ], [ 9.797566294230272, 49.719961722580578 ], [ 9.796206545143859, 49.729228853233955 ], [ 9.752841991956558, 49.710184081631851 ], [ 9.749840814285687, 49.69547225615122 ], [ 9.728442865525649, 49.687167193141732 ], [ 9.711111806403375, 49.726779844335724 ], [ 9.6777443397367, 49.716466120948269 ], [ 9.675312842155115, 49.693389033818057 ], [ 9.652936881167586, 49.687411928348276 ], [ 9.632686304524883, 49.693727652968278 ], [ 9.627776545269704, 49.702469555487127 ], [ 9.63327768381729, 49.717122011181658 ], [ 9.641078743112216, 49.722915183121714 ], [ 9.627771699948992, 49.731153995900037 ], [ 9.643256238002186, 49.738401334996745 ], [ 9.640444657455667, 49.751152502307171 ], [ 9.650784762863314, 49.766237695677781 ], [ 9.65044383929966, 49.792109816233847 ], [ 9.620643176761176, 49.783489929935328 ], [ 9.560249290933463, 49.778723422758858 ], [ 9.558759696196446, 49.762704759156264 ], [ 9.569041236007282, 49.749041644356204 ], [ 9.560747675832298, 49.744303693022239 ], [ 9.54472148470157, 49.766645297593506 ], [ 9.523125910130943, 49.760316272511218 ], [ 9.513994998552739, 49.763278445468444 ], [ 9.507578786233278, 49.78589613466805 ], [ 9.480885353522229, 49.786451498606368 ], [ 9.461633213080766, 49.769478670137872 ], [ 9.44586881210102, 49.772482523892933 ], [ 9.433535857105221, 49.787195385870497 ], [ 9.421160245474704, 49.788122216926801 ], [ 9.406093416752375, 49.777198090875395 ], [ 9.386630227533296, 49.770277032523246 ], [ 9.380179816075739, 49.773173494269777 ], [ 9.373810180941753, 49.778139832268856 ], [ 9.361242589998062, 49.771494231747425 ], [ 9.317385006047571, 49.76804955131437 ], [ 9.322170639220886, 49.74137598220706 ], [ 9.295258860998059, 49.740445556564673 ], [ 9.323477667308108, 49.731177146037957 ], [ 9.354933514023465, 49.7313935726431 ], [ 9.373571558020798, 49.728365563972552 ], [ 9.350219829923066, 49.717705781976242 ], [ 9.357624611861842, 49.703984546267499 ], [ 9.38220293769486, 49.707363536060328 ], [ 9.386951320554486, 49.730774038858812 ], [ 9.408130382472361, 49.721820408417919 ], [ 9.420807962125473, 49.706808009181827 ], [ 9.420185339397811, 49.690804639688871 ], [ 9.40700695314699, 49.679422533783409 ], [ 9.410818808284739, 49.674618639238446 ], [ 9.397856761937659, 49.66906831316421 ], [ 9.417304465098351, 49.660644574937926 ], [ 9.406020046153616, 49.645061050579883 ], [ 9.38286968745979, 49.643161497839358 ], [ 9.367758322422421, 49.658729868056973 ], [ 9.341073786727627, 49.644055018556607 ], [ 9.307141638368046, 49.654933525432291 ], [ 9.287220073386223, 49.638628375354244 ], [ 9.268578335544783, 49.631754866890581 ], [ 9.284647440291648, 49.614869275272603 ], [ 9.264237391253976, 49.606793389662755 ], [ 9.258891099249746, 49.593013690769538 ], [ 9.251229938688986, 49.593513070833581 ], [ 9.24954724062852, 49.584588101767523 ], [ 9.238300363791097, 49.581273504443708 ], [ 9.226357805525977, 49.578705854469611 ], [ 9.194456376019087, 49.573879213181137 ], [ 9.102948472099769, 49.577536279706372 ], [ 9.084564704390091, 49.599766254142899 ], [ 9.067171714449513, 49.602246650694489 ], [ 9.066078684894867, 49.618443501332308 ], [ 9.102127332868992, 49.642058802194896 ], [ 9.103143633459853, 49.660364218535619 ], [ 9.089235758652327, 49.669108230094842 ], [ 9.089994351970628, 49.69430651244641 ], [ 9.106884314920519, 49.697147129097416 ], [ 9.132163191447958, 49.704200699461495 ], [ 9.121039391701951, 49.714544646550124 ], [ 9.131967799593372, 49.714776007196271 ], [ 9.135631540559757, 49.724466078036706 ], [ 9.141674758591201, 49.730117423663245 ], [ 9.149286825587957, 49.742832627621212 ], [ 9.128174040651201, 49.755582695535807 ], [ 9.10631272750182, 49.758797562625503 ], [ 9.114173622571055, 49.774100823211505 ], [ 9.134435375589046, 49.782687690111985 ], [ 9.130786641261833, 49.795520225400651 ], [ 9.107900726096512, 49.798085480742259 ], [ 9.094129964032931, 49.789898351696344 ], [ 9.087310288165357, 49.79870331282978 ], [ 9.076797138646871, 49.817811429518414 ], [ 9.087128436440665, 49.82629988305073 ], [ 9.078599388853648, 49.834292130507009 ], [ 9.088994090931905, 49.840306618803268 ], [ 9.084872400602206, 49.846959237499874 ], [ 9.066567686950348, 49.831909412940988 ], [ 9.054439590708736, 49.839143591670961 ], [ 9.057989379226013, 49.847800263032305 ], [ 9.041766727890973, 49.839971572691837 ], [ 9.036838513097736, 49.845937292014121 ], [ 9.042715764631115, 49.854858375160298 ], [ 9.033875316416474, 49.862259467803725 ], [ 9.049735316191905, 49.866106352524845 ], [ 9.037519890097968, 49.878071096650388 ], [ 9.031439943282505, 49.909434191407087 ], [ 9.023789127083059, 49.90991115876853 ], [ 9.031855746814205, 49.924827384693849 ], [ 9.022116357450841, 49.950107232235489 ], [ 9.026960691545234, 49.955450030000684 ], [ 9.013900921971231, 49.989431188723287 ], [ 9.024267196493467, 49.996296977733593 ], [ 9.040524915851625, 49.989752879840971 ], [ 9.046685536021386, 49.99317862822587 ], [ 9.033736197315651, 50.002025404409999 ], [ 9.040024808050022, 50.009989077527351 ], [ 9.030789547851091, 50.025361174690218 ], [ 9.032615263961427, 50.037322701150892 ], [ 9.02354351243102, 50.043037551062682 ], [ 8.980116870810107, 50.043950080550964 ], [ 8.982299881241239, 50.055265877512653 ], [ 8.988566400855568, 50.063005259101438 ], [ 8.991650022578378, 50.067772332624067 ], [ 8.998892046827192, 50.069517311697048 ], [ 9.003204701374155, 50.097446740388698 ], [ 9.028256186862006, 50.112390245980443 ], [ 9.036808460441675, 50.11387123789661 ], [ 9.071796583669407, 50.117782384865187 ], [ 9.092831488546626, 50.117792720418912 ], [ 9.098449942198803, 50.126077722420277 ], [ 9.117259817318986, 50.126666651890993 ], [ 9.144910539181906, 50.113805397423661 ], [ 9.154942864437318, 50.117298397111036 ], [ 9.144440769720122, 50.095572012857424 ], [ 9.149747164708721, 50.091147329690891 ], [ 9.162174996394135, 50.09786550151442 ], [ 9.172498208871755, 50.118097476663145 ], [ 9.191398692412452, 50.12896979488292 ], [ 9.183330894162442, 50.138685808564126 ], [ 9.205127110354587, 50.14340178020764 ], [ 9.213317487561261, 50.146549909497232 ], [ 9.235898714865588, 50.146173253860013 ], [ 9.260379239825369, 50.13912374078663 ], [ 9.273357582593109, 50.140636921164273 ], [ 9.283596210436853, 50.14182956399582 ], [ 9.307336336103582, 50.133234024183572 ], [ 9.321188535135766, 50.139180530914437 ], [ 9.331945074195957, 50.139543906373682 ], [ 9.341034331519518, 50.131447805730353 ], [ 9.376087389424319, 50.129071120523044 ], [ 9.404646888256382, 50.088433174555369 ], [ 9.422053929029735, 50.08523668607495 ], [ 9.462196091356388, 50.090924439502565 ], [ 9.514002198465091, 50.097147032586861 ], [ 9.52044112419339, 50.10563135303294 ], [ 9.508996309144367, 50.147932576757 ], [ 9.522695474182358, 50.149207454783543 ], [ 9.532492805355719, 50.166247889378354 ], [ 9.496544282948719, 50.170193639638256 ], [ 9.501203537211198, 50.193093180286155 ], [ 9.51720394857831, 50.194761061127522 ], [ 9.50222788074008, 50.212268257682794 ], [ 9.494427944444654, 50.227569033403007 ], [ 9.501383505217545, 50.242224973361616 ], [ 9.517038551057796, 50.233650000850091 ], [ 9.533835675423994, 50.234089748736793 ], [ 9.543199187151039, 50.224783212678879 ], [ 9.573721238524765, 50.232634761648114 ], [ 9.582540517039572, 50.220663123899968 ], [ 9.621645224127935, 50.225603268433787 ], [ 9.629393018408678, 50.231018520956162 ], [ 9.634577716067689, 50.234094185608065 ], [ 9.663654222414205, 50.233337806649757 ], [ 9.666814102154319, 50.239488440370671 ], [ 9.639241136090027, 50.248939614434143 ], [ 9.642125662587718, 50.256025743174483 ], [ 9.653718487999249, 50.271502409856218 ], [ 9.703340483850678, 50.280616772707006 ], [ 9.714263657552968, 50.292497416582314 ], [ 9.728545567415434, 50.296076508317846 ], [ 9.745399558273583, 50.310225326907684 ], [ 9.74800294985789, 50.325317017396493 ], [ 9.743142127032979, 50.346643203558457 ], [ 9.732243644998189, 50.356162757433317 ], [ 9.743171219913823, 50.362317873236726 ], [ 9.753214626854257, 50.384464603358872 ], [ 9.759329325067664, 50.403669855164893 ], [ 9.753422838109847, 50.416305729252066 ], [ 9.764649561306632, 50.42515342429062 ], [ 9.78040789873431, 50.418200379967672 ], [ 9.789302528356913, 50.425103104339016 ], [ 9.808464108887879, 50.421355211816262 ], [ 9.807942278018983, 50.412322643276376 ], [ 9.859780225208727, 50.397479318917256 ], [ 9.870018830265284, 50.409718955021049 ], [ 9.882419809467663, 50.399294690876502 ], [ 9.934432123517322, 50.419411319626739 ], [ 9.9590550779095, 50.4238126385074 ], [ 9.986984821813243, 50.44699236757782 ], [ 9.998470027940392, 50.462502819350718 ], [ 10.018469660783808, 50.467130771967312 ], [ 10.030829270360604, 50.47978535643341 ], [ 10.039185239762485, 50.502351702456508 ], [ 10.041400563664379, 50.516738946852321 ], [ 10.069904024193436, 50.528572554847507 ], [ 10.072787465290725, 50.538274100753078 ], [ 10.097882194011836, 50.55396989095739 ], [ 10.107055154957186, 50.563328571353459 ], [ 10.120395297008393, 50.564452934875789 ], [ 10.120407707804752, 50.555950139554618 ], [ 10.143558564617424, 50.542734361666867 ], [ 10.150775624777332, 50.551970064121029 ], [ 10.174896385407408, 50.544003420901262 ], [ 10.175080594303822, 50.55439524899387 ], [ 10.2039318557434, 50.55446705931179 ], [ 10.204005334279875, 50.545073689244091 ], [ 10.222251063391294, 50.537606009908487 ], [ 10.227004418286805, 50.527503423910723 ], [ 10.226020714730971, 50.518279081253681 ], [ 10.232527782821194, 50.51270979627165 ], [ 10.255783370362259, 50.512983358839186 ], [ 10.30190843388381, 50.49376294794849 ], [ 10.325574032238364, 50.494503001349301 ], [ 10.341452995258264, 50.483054004203716 ], [ 10.336380535907663, 50.465672569002315 ], [ 10.347299688873624, 50.463105253992637 ], [ 10.36711665378448, 50.438854369672505 ], [ 10.379820854423476, 50.44029894420175 ], [ 10.370854684812524, 50.432074460091286 ], [ 10.393291512949439, 50.431729188910431 ], [ 10.403280218933098, 50.426050915991986 ], [ 10.384060408684178, 50.406562459983775 ], [ 10.394139370020692, 50.394740408970861 ], [ 10.438574766043603, 50.395096631970318 ], [ 10.437777953820447, 50.401583425177634 ], [ 10.45185472686466, 50.402184014766362 ], [ 10.463798265851366, 50.376428477255459 ], [ 10.48775957519881, 50.37509289484845 ], [ 10.496199405940427, 50.366004546336818 ], [ 10.486778103574316, 50.363036120414662 ], [ 10.491401347006169, 50.355492980841483 ], [ 10.512585495027373, 50.357782543672094 ], [ 10.514508988448567, 50.347959699626372 ], [ 10.530791074731239, 50.364463360769037 ], [ 10.544955233909704, 50.363855860952199 ], [ 10.560745139386457, 50.337180006059725 ], [ 10.580447818291182, 50.334091653284503 ], [ 10.601295087890151, 50.333579403320215 ], [ 10.594099089270767, 50.320125280485044 ], [ 10.59310307835041, 50.306800827984176 ], [ 10.605014881972091, 50.293393320150521 ], [ 10.600412934080975, 50.282483522952177 ], [ 10.59099833302694, 50.271802409205307 ], [ 10.608097700013522, 50.271940528728543 ], [ 10.59926318056222, 50.263283979472334 ], [ 10.611528306043427, 50.250397387301206 ], [ 10.601104873090934, 50.245393569098198 ], [ 10.610157015504912, 50.22803114544589 ], [ 10.632414078383396, 50.223232613164114 ], [ 10.663919479080013, 50.231786905344443 ], [ 10.658587193392787, 50.223781577116569 ], [ 10.685828903773105, 50.225405167110019 ], [ 10.695929051888518, 50.212441068791179 ], [ 10.717217221722729, 50.204233042626278 ], [ 10.730726251498432, 50.211836439282145 ], [ 10.729188914792516, 50.230176281136515 ], [ 10.729220998734945, 50.252692028146207 ], [ 10.748179374831178, 50.248617507603278 ], [ 10.74616161007215, 50.243781223468041 ], [ 10.769846328438486, 50.24158653135413 ], [ 10.783259447419631, 50.251046515347852 ], [ 10.800761421947943, 50.25157778783958 ], [ 10.807421970072655, 50.240052339283672 ], [ 10.82790329776816, 50.237827195634956 ], [ 10.848286518766814, 50.245369976127208 ], [ 10.851998574621, 50.273020276575856 ], [ 10.842617566281664, 50.277090475301321 ], [ 10.817125476146828, 50.278025133056424 ], [ 10.804721959409697, 50.280314363075348 ], [ 10.804567094815374, 50.291111802863568 ], [ 10.793162785382039, 50.295595274042078 ], [ 10.768857196783392, 50.294485100954788 ], [ 10.742615545259195, 50.315381806364144 ], [ 10.71586006273548, 50.321274603769389 ], [ 10.715770752170789, 50.327602245474694 ], [ 10.728829424625667, 50.338218830556151 ], [ 10.728248773494993, 50.348936052272542 ], [ 10.713920797151983, 50.346039419279229 ], [ 10.715013632529086, 50.363645565929815 ], [ 10.75224547096726, 50.358189353817949 ], [ 10.773999058687936, 50.371959823278303 ], [ 10.786136711500781, 50.385246683074016 ], [ 10.799836173447419, 50.379696255701951 ], [ 10.830278042551885, 50.392623396968951 ], [ 10.860373193757752, 50.387521360311666 ], [ 10.876012189741155, 50.39675686109711 ], [ 10.887057716821152, 50.392824241360323 ], [ 10.891586382452994, 50.380581105559337 ], [ 10.898985441172604, 50.382799336250294 ], [ 10.932829955321729, 50.392868050758359 ], [ 10.945692859950507, 50.386754484158921 ], [ 10.985817866670162, 50.347478952694345 ], [ 10.999460671326649, 50.35174835958572 ], [ 10.993109469958641, 50.365659249251948 ], [ 11.035765127686522, 50.361122445250686 ], [ 11.033165187356309, 50.351389982858471 ], [ 11.044164172213547, 50.344380917954688 ], [ 11.084812530745122, 50.352101520382504 ], [ 11.088525919999634, 50.365651235049221 ], [ 11.115747732629087, 50.366876312779823 ], [ 11.116350083383558, 50.349507291609918 ], [ 11.126850022720838, 50.356549780111045 ], [ 11.138974268321197, 50.353495729247385 ], [ 11.159823067665753, 50.32489071628833 ], [ 11.133094652259008, 50.311616429703946 ], [ 11.133348885972064, 50.300223815484948 ], [ 11.146684429320272, 50.28519511966811 ], [ 11.157897107190202, 50.28865852607359 ], [ 11.183950076392636, 50.280992927899774 ], [ 11.176819272679499, 50.269993642854288 ], [ 11.189025464299894, 50.270849097463817 ], [ 11.196910048586661, 50.29232432128088 ], [ 11.248707877880822, 50.26747881366655 ], [ 11.261502112399855, 50.274772885587147 ], [ 11.253148396861034, 50.299383351058822 ], [ 11.270197793967172, 50.30684650034835 ], [ 11.256951178251407, 50.322726001104321 ], [ 11.261975775118934, 50.337926332081054 ], [ 11.276726804921191, 50.336405864746958 ], [ 11.264653905128593, 50.353924945823714 ], [ 11.283672375144448, 50.360923257193143 ], [ 11.277227919034841, 50.380366736774398 ], [ 11.264709738951352, 50.387640077540446 ], [ 11.270867500003176, 50.394959347916888 ], [ 11.257449653130104, 50.399997393953164 ], [ 11.268525447483642, 50.419593621056663 ], [ 11.263000585322839, 50.443619138404792 ], [ 11.246846973109992, 50.449465785769206 ], [ 11.254531465959278, 50.45585828205845 ], [ 11.247502089436775, 50.478219231821456 ], [ 11.278688789965379, 50.483536631919343 ], [ 11.295805974106647, 50.480389397695454 ], [ 11.300879685829491, 50.489234195690045 ], [ 11.322623823928055, 50.491357574511227 ], [ 11.320984313641418, 50.508897635296215 ], [ 11.346199694450929, 50.511054588157485 ], [ 11.342007549783601, 50.519236261747373 ], [ 11.369009558202592, 50.522222951088992 ], [ 11.387909593725011, 50.515546273597245 ], [ 11.423381243808205, 50.515159713050693 ], [ 11.439341560210952, 50.501020433222457 ], [ 11.434125752312559, 50.492028521173808 ], [ 11.41906858098813, 50.494579105418737 ], [ 11.42310649310993, 50.442166588588108 ], [ 11.440405163619978, 50.438796980615926 ], [ 11.452700419735987, 50.428446673352852 ], [ 11.481995734199883, 50.431683897654999 ], [ 11.488437717977037, 50.417293985981026 ], [ 11.478943340263434, 50.401465909018846 ], [ 11.492597641720353, 50.397709426817173 ], [ 11.51844697008481, 50.395742096070101 ], [ 11.520275485625014, 50.373625850329745 ], [ 11.530826553627236, 50.378862245453981 ], [ 11.565112187090755, 50.386882932527925 ], [ 11.566750652574742, 50.392423532432588 ], [ 11.573585554861742, 50.400000855087121 ], [ 11.595607399174765, 50.402104528747444 ], [ 11.61193197356072, 50.391403806187661 ], [ 11.621435433454874, 50.386901318822282 ], [ 11.638450856029133, 50.389418450598313 ], [ 11.659262425036449, 50.39237533239509 ], [ 11.682831279547061, 50.393522500878809 ], [ 11.69250955619319, 50.393430207059637 ], [ 11.70276284845284, 50.401341309948378 ], [ 11.711172261408391, 50.402593888552083 ], [ 11.713960938519939, 50.396634312488771 ], [ 11.735048155093834, 50.405141216850964 ], [ 11.742895181634516, 50.410154448280942 ], [ 11.759212373481233, 50.4052340282622 ], [ 11.752815179436455, 50.41561916668568 ], [ 11.771871846113006, 50.410991650135074 ], [ 11.777990814713394, 50.417987980161136 ], [ 11.796213954942401, 50.417910133836912 ], [ 11.822985062176238, 50.400007496421047 ], [ 11.815605610764157, 50.394069133456057 ], [ 11.824538880946701, 50.389753175744588 ], [ 11.833159111418757, 50.394636287849096 ], [ 11.851522686322026, 50.401219492614409 ], [ 11.86272408114875, 50.400199896666379 ], [ 11.876299413697904, 50.413566840787404 ], [ 11.901303309980438, 50.41666027576845 ], [ 11.922016466181642, 50.424361541026272 ], [ 11.94537730185089, 50.416277136997714 ], [ 11.953843920079104, 50.407234169982011 ], [ 11.950837104507215, 50.394682132074848 ], [ 11.964739204263292, 50.399752764817656 ], [ 11.982104494924059, 50.384821919000814 ], [ 11.982927224855491, 50.351023960286476 ], [ 11.996735771957637, 50.354136722531365 ], [ 11.998211489417287, 50.347494515418028 ], [ 12.030985302395591, 50.338962415257825 ], [ 12.033287589225937, 50.3296569449545 ], [ 12.043119488631886, 50.330716632779477 ], [ 12.047193565669986, 50.325432884498639 ], [ 12.058456590322121, 50.326814417360723 ], [ 12.060475891805909, 50.331876514976692 ], [ 12.079587289658235, 50.326946932496817 ], [ 12.091616638163677, 50.331937538946512 ], [ 12.100035392215119, 50.317136431346853 ], [ 12.125682069860698, 50.306401750240639 ], [ 12.119215128375098, 50.299081094513639 ], [ 12.139480578387117, 50.276627178515739 ], [ 12.097697066546704, 50.262253355339098 ], [ 12.102382447799227, 50.25653334460462 ], [ 12.091414373717955, 50.252231318252221 ], [ 12.107401198506249, 50.24563662850386 ], [ 12.109181567155291, 50.238178016099567 ], [ 12.146071844419225, 50.233044562858012 ], [ 12.161496385301394, 50.220350243940779 ], [ 12.159901512503703, 50.211301690651077 ], [ 12.175387816349597, 50.212775171159386 ], [ 12.1781826586612, 50.204728118804013 ], [ 12.196798689178602, 50.199089728879365 ], [ 12.189560705402592, 50.194370254599491 ], [ 12.215158126217993, 50.168465345567625 ], [ 12.195309472160984, 50.142784447379725 ], [ 12.197048959511772, 50.127450832958431 ], [ 12.200339015368904, 50.109506802815538 ], [ 12.211297807900946, 50.102584514553946 ], [ 12.228296892829997, 50.102544729341659 ], [ 12.232878620640024, 50.093110727254242 ], [ 12.246254574014815, 50.09738214999615 ], [ 12.257037693445302, 50.083849579458885 ], [ 12.275524540961605, 50.076180280793501 ], [ 12.260848134686727, 50.058344914717388 ], [ 12.300364349548685, 50.058250716867988 ], [ 12.317629650323601, 50.052442248051783 ], [ 12.326656220537554, 50.033164343563655 ], [ 12.338656248431644, 50.040666612439495 ], [ 12.36797298060055, 50.017951531076235 ], [ 12.400765288844731, 50.01481209286262 ], [ 12.397795255627452, 50.007870089984358 ], [ 12.42426974393639, 50.000896584497866 ], [ 12.433841886625322, 50.000050664376616 ], [ 12.435382516137077, 49.994012399406223 ], [ 12.425926476716898, 49.991157442859347 ], [ 12.433214774531683, 49.985021992895263 ], [ 12.464282721721263, 49.99402225117727 ], [ 12.476610143231701, 49.980956787352497 ], [ 12.489816502083068, 49.981681079016617 ], [ 12.499119290210137, 49.971914930919056 ], [ 12.490679021041316, 49.959012186894704 ], [ 12.470927648176257, 49.949023257037616 ], [ 12.477144781502954, 49.936663981355387 ], [ 12.541852983196975, 49.923706946160223 ], [ 12.55108393320093, 49.908591311083335 ], [ 12.548505149040201, 49.898890311459056 ], [ 12.522014482209844, 49.881813500572648 ], [ 12.512503356501906, 49.859508605140718 ], [ 12.497804780377871, 49.856932748857368 ], [ 12.498221489985379, 49.837623014867468 ], [ 12.487141363531604, 49.841483936160365 ], [ 12.473254331879422, 49.833619347649879 ], [ 12.472508829711046, 49.814642309787786 ], [ 12.464154543858971, 49.810044087568208 ], [ 12.47369364216237, 49.788557889943498 ], [ 12.401822242765867, 49.758204640991778 ], [ 12.403523696536402, 49.744053952495165 ], [ 12.413818019623301, 49.732453024967754 ], [ 12.425849406287156, 49.730575430544249 ], [ 12.44225411169945, 49.703972695431688 ], [ 12.482178173058568, 49.694550791950206 ], [ 12.485011852429809, 49.687967390389929 ], [ 12.52192358863207, 49.686613470075251 ], [ 12.529834509923809, 49.666509645646201 ], [ 12.517680811738805, 49.646009397940865 ], [ 12.528398521480632, 49.639581046703803 ], [ 12.523731067205455, 49.628712397679486 ], [ 12.534113467750148, 49.626458218425064 ], [ 12.532351779963596, 49.618321148162586 ], [ 12.560759433638202, 49.61972789422245 ], [ 12.564258854639322, 49.596210681403768 ], [ 12.575983028817527, 49.586897299504862 ], [ 12.574465982055861, 49.559601996296443 ], [ 12.593165193940338, 49.542715695139108 ], [ 12.589438702877811, 49.53782585994005 ], [ 12.606794329188913, 49.530924684100214 ], [ 12.620761440517262, 49.526910373554166 ], [ 12.636498723225454, 49.531320635058037 ], [ 12.641114557994522, 49.526702632414256 ], [ 12.644058362343451, 49.484707493163121 ], [ 12.633621449138071, 49.47603170990714 ], [ 12.648509498937415, 49.468391404626871 ], [ 12.657139915527353, 49.444773995639615 ], [ 12.655490800877736, 49.434802554906106 ], [ 12.708770601705256, 49.424700655038343 ], [ 12.715900631161043, 49.414087538577846 ], [ 12.758309334893596, 49.394291710957937 ], [ 12.758295670149193, 49.37496039206998 ], [ 12.781951732615621, 49.359399609461256 ], [ 12.778846411394069, 49.347969808515124 ], [ 12.786280386181533, 49.345361428421477 ], [ 12.81387158752376, 49.34099100502489 ], [ 12.847276921794004, 49.344536056423649 ], [ 12.87591017790837, 49.332398711307405 ], [ 12.888848638585134, 49.333146867217415 ], [ 12.880126237468325, 49.350307147848874 ], [ 12.919508286533919, 49.343446899684977 ], [ 12.942519532625461, 49.343968393865275 ], [ 12.972462814747823, 49.333989749225616 ], [ 13.007290849235233, 49.306495997158812 ], [ 13.029168482514017, 49.304241751926099 ], [ 13.025549848976302, 49.279121551846764 ], [ 13.033337431010109, 49.265040405745786 ], [ 13.05597793546244, 49.263798382990323 ], [ 13.05852421997904, 49.251672578113855 ], [ 13.080920265764309, 49.247373846421233 ], [ 13.09424172235344, 49.225091154532933 ], [ 13.113266165327458, 49.219366331982144 ], [ 13.110141240042612, 49.203291939655109 ], [ 13.171210355093338, 49.173042611688466 ], [ 13.177201885960352, 49.164258943118035 ], [ 13.170799409127518, 49.144079165033091 ], [ 13.205407079620333, 49.122330838461089 ], [ 13.236076636892488, 49.113677722343276 ], [ 13.282299893818136, 49.120518850489923 ], [ 13.336223357305487, 49.093538998869768 ], [ 13.376631225151577, 49.057852918342981 ], [ 13.397789121560493, 49.050492640476101 ], [ 13.391694940333787, 49.043170362675831 ], [ 13.405582936203889, 49.024564665050015 ], [ 13.400287854152761, 49.016385104994974 ], [ 13.409285590878062, 49.003081443114247 ], [ 13.403107766579266, 48.987688259711788 ], [ 13.417333522051933, 48.980008598229269 ], [ 13.433129487677213, 48.971826380254704 ], [ 13.461702599360812, 48.960477805475435 ], [ 13.492204074078554, 48.943542450669291 ], [ 13.508662485059805, 48.941857930243025 ], [ 13.50834229932695, 48.948186802129925 ], [ 13.507767015701617, 48.969012443747758 ], [ 13.529014194163098, 48.973820855566018 ], [ 13.544416797918176, 48.968045840912438 ], [ 13.580482494289765, 48.970801068414211 ], [ 13.592433317721381, 48.960964582351423 ], [ 13.59054294774835, 48.95277123043946 ], [ 13.610481244790058, 48.938885341016437 ], [ 13.611413935490221, 48.944467523440665 ], [ 13.628711388613613, 48.948844852411206 ], [ 13.62259712747977, 48.938600847868045 ], [ 13.645073763823726, 48.911397450155164 ], [ 13.655414696325991, 48.893657406260459 ], [ 13.66905393424136, 48.890326742012583 ], [ 13.671300704897078, 48.88001857827738 ], [ 13.705999258060983, 48.880848130455547 ], [ 13.72389805338306, 48.880798258201246 ], [ 13.737653489631478, 48.88606953033603 ], [ 13.765073102095043, 48.83389155710536 ], [ 13.792971304747592, 48.829749640920568 ], [ 13.795367398198394, 48.820505588138474 ], [ 13.815605138802566, 48.796910183057413 ], [ 13.80503194237248, 48.781110855970297 ], [ 13.813617356289049, 48.773977615237662 ], [ 13.839424358777885, 48.771359910723007 ], [ 13.827074494076328, 48.758096852619957 ], [ 13.817706350146704, 48.731554623611217 ], [ 13.795464466002246, 48.713996947354907 ], [ 13.816449293763837, 48.700166369760012 ], [ 13.8369014860964, 48.69955344736411 ], [ 13.833987653177008, 48.69216038757515 ], [ 13.814107018957827, 48.693133874263602 ], [ 13.817772671829355, 48.660633550074962 ], [ 13.82521543101165, 48.619923943299234 ], [ 13.801950440724839, 48.595370845770603 ], [ 13.803339800329406, 48.575625804460309 ], [ 13.767789865265064, 48.553610306918806 ], [ 13.755204900989181, 48.564927108681658 ], [ 13.743711805747619, 48.544229791435427 ], [ 13.74810344456081, 48.531194069386935 ], [ 13.734388055209129, 48.525655538886681 ], [ 13.726850156689949, 48.512681054100796 ], [ 13.663909910134464, 48.534551728967031 ], [ 13.655060330816852, 48.545658607978659 ], [ 13.597540227249702, 48.569027286479766 ], [ 13.570785195453849, 48.561712225612574 ], [ 13.513147434112719, 48.590678137864067 ], [ 13.50182091315974, 48.581887023902418 ], [ 13.506771816744973, 48.574850039211412 ], [ 13.492778754918321, 48.56539263804644 ], [ 13.464673225050216, 48.553162764437772 ], [ 13.44938449857834, 48.56418123477966 ], [ 13.437655445751583, 48.556960748838328 ], [ 13.43889318561658, 48.548702697236756 ], [ 13.449995393653573, 48.536769929305642 ], [ 13.44491493672527, 48.526662638180809 ], [ 13.456864570380013, 48.512668666203624 ], [ 13.447122861960072, 48.494435929486215 ], [ 13.426115054311262, 48.457451556922429 ], [ 13.439273551445856, 48.434073167900678 ], [ 13.422992442816067, 48.407201927599722 ], [ 13.413165037721502, 48.378177314856558 ], [ 13.398886722887207, 48.369008591033257 ], [ 13.322639090641287, 48.320211992376102 ], [ 13.263195856371812, 48.295447678920574 ], [ 13.213066394708173, 48.294699465478686 ], [ 13.177034187535199, 48.294318792568617 ], [ 13.130437146628147, 48.279419305625694 ], [ 13.098562644782104, 48.278069027756196 ], [ 13.082103587141614, 48.277306791015285 ], [ 13.012808465986771, 48.252953634733565 ], [ 12.958138892792277, 48.210013992782791 ], [ 12.933452828229068, 48.206894656336544 ] ], [ [ 10.452860545360762, 47.555279413155162 ], [ 10.481700571576628, 47.58395170794482 ], [ 10.472281541800816, 47.586662981765976 ], [ 10.435575581647521, 47.583520476839944 ], [ 10.430300008763611, 47.576292932328712 ], [ 10.452860545360762, 47.555279413155162 ] ] ] ] } },
{ "type": "Feature", "properties": { "NUTS_LEVEL": 1, "NUTS_CODE": "DE3", "NUTS_NAME": "Berlin" }, "geometry": { "type": "MultiPolygon", "coordinates": [ [ [ [ 13.309321772548799, 52.65708151847393 ], [ 13.301290110731596, 52.653628661179624 ], [ 13.309751579241022, 52.643470845327556 ], [ 13.30621191160129, 52.628215883600916 ], [ 13.344761079550414, 52.623367196141167 ], [ 13.373444767525141, 52.628375451114557 ], [ 13.395549460816989, 52.647871138520451 ], [ 13.431459645326813, 52.636898370602907 ], [ 13.443776127928873, 52.649170754371539 ], [ 13.472538953136562, 52.65270526331684 ], [ 13.451635443104111, 52.663098736637615 ], [ 13.476418419801018, 52.674355644107628 ], [ 13.475808042656364, 52.666465693145447 ], [ 13.487231528131082, 52.667703502198563 ], [ 13.488407645281862, 52.656768555268208 ], [ 13.521906031493367, 52.643525154980807 ], [ 13.50050127982397, 52.613817634632497 ], [ 13.496432397491116, 52.605614462052202 ], [ 13.507343385021684, 52.592221451262759 ], [ 13.555357403439697, 52.585066231883971 ], [ 13.581819776453512, 52.570658779307905 ], [ 13.585234896317489, 52.548619545724407 ], [ 13.611880584959682, 52.544058314297835 ], [ 13.631389324172527, 52.54121576057134 ], [ 13.625176443730091, 52.531101396848868 ], [ 13.656787312048467, 52.530637425543027 ], [ 13.657577420365032, 52.526350287875928 ], [ 13.632686189029261, 52.511428603855308 ], [ 13.624177224460011, 52.495385039412447 ], [ 13.630118575174894, 52.493457535471308 ], [ 13.611688188318906, 52.471604021693288 ], [ 13.622928781594597, 52.467468637341938 ], [ 13.62517162032767, 52.473252830448978 ], [ 13.641032186751739, 52.478942632603385 ], [ 13.666744192620468, 52.47416426867084 ], [ 13.692458791211248, 52.464124056009688 ], [ 13.696011826977994, 52.454811511836901 ], [ 13.705069232652447, 52.454750540732405 ], [ 13.703177589631892, 52.467103925160728 ], [ 13.720658779024436, 52.456602704176134 ], [ 13.752587617608746, 52.446659238268523 ], [ 13.760610562076355, 52.437180336692919 ], [ 13.744073417447238, 52.43906796401037 ], [ 13.729162717262117, 52.416271659373479 ], [ 13.737843719067477, 52.407311363751987 ], [ 13.733578833281378, 52.400921647079564 ], [ 13.716579656185356, 52.39946959657032 ], [ 13.687321671332837, 52.385333499863705 ], [ 13.698495256765362, 52.38150769734289 ], [ 13.690893397777295, 52.367459977807982 ], [ 13.671611830102767, 52.366593667615042 ], [ 13.650115620282053, 52.33849808042828 ], [ 13.635940024947278, 52.346178869138029 ], [ 13.647248844964594, 52.370430460718083 ], [ 13.628333568276998, 52.381807680833802 ], [ 13.607553574047753, 52.374858031390858 ], [ 13.605135275335606, 52.379281483191804 ], [ 13.592616651895346, 52.393552345917534 ], [ 13.535616503737828, 52.389566595929921 ], [ 13.535849129244539, 52.399383884867689 ], [ 13.515142559917791, 52.401318467721154 ], [ 13.479789320330234, 52.396107015535726 ], [ 13.463791349571856, 52.42058820590303 ], [ 13.418717993738298, 52.409981737139674 ], [ 13.427508300590338, 52.387221891367631 ], [ 13.420510925308228, 52.376195666679301 ], [ 13.388366392881929, 52.377832509119564 ], [ 13.387214060803837, 52.388338110531201 ], [ 13.369927194417627, 52.388503494095374 ], [ 13.371076428256902, 52.393831133837388 ], [ 13.341945062245545, 52.411020776660017 ], [ 13.310993208698724, 52.399463959173964 ], [ 13.296373033248527, 52.41586065415369 ], [ 13.273122924194716, 52.404492824000783 ], [ 13.248545291429709, 52.404661518912313 ], [ 13.244979965557619, 52.420492103940902 ], [ 13.223103614007712, 52.420926657538246 ], [ 13.161219287866208, 52.404206340913667 ], [ 13.158068223418702, 52.393906254365433 ], [ 13.123656544906742, 52.396857675661657 ], [ 13.109955787260095, 52.412286795909623 ], [ 13.092843938348061, 52.410038501180068 ], [ 13.088209718280915, 52.419767073189561 ], [ 13.121881975511931, 52.437871978716814 ], [ 13.109607216342363, 52.45089013980872 ], [ 13.110739134844177, 52.466559227321014 ], [ 13.117710065990259, 52.47846593453616 ], [ 13.155237805779144, 52.501220543006767 ], [ 13.166553829544902, 52.509510252169484 ], [ 13.143096570015375, 52.519889593862459 ], [ 13.117419278123778, 52.516688808616188 ], [ 13.124060003928358, 52.544433373967095 ], [ 13.12964361307518, 52.554854507912466 ], [ 13.145715260784952, 52.552766277092772 ], [ 13.153579932589402, 52.57438732186484 ], [ 13.149676753776873, 52.58280544357067 ], [ 13.132506540882456, 52.579456057135609 ], [ 13.129029398398149, 52.586901302450428 ], [ 13.164193187680668, 52.598080314281738 ], [ 13.216896572831443, 52.58726753064925 ], [ 13.201763428408517, 52.606287833280433 ], [ 13.221292568428817, 52.628227981893012 ], [ 13.238341207881289, 52.627886474579874 ], [ 13.264242874721564, 52.627369622699526 ], [ 13.261322205208527, 52.640421117961495 ], [ 13.282168766774062, 52.64167955508335 ], [ 13.282573429126925, 52.660539878578369 ], [ 13.309321772548799, 52.65708151847393 ] ] ] ] } },
{ "type": "Feature", "properties": { "NUTS_LEVEL": 1, "NUTS_CODE": "DE4", "NUTS_NAME": "Brandenburg" }, "geometry": { "type": "MultiPolygon", "coordinates": [ [ [ [ 13.588281766422963, 51.384168178161161 ], [ 13.568594581386458, 51.385449625654594 ], [ 13.551133564009682, 51.37926610486258 ], [ 13.545934963010369, 51.369752110485962 ], [ 13.539239557612666, 51.376067604659347 ], [ 13.524425611117701, 51.38126734068063 ], [ 13.515278808065002, 51.402155933779298 ], [ 13.463386866326102, 51.41231197692499 ], [ 13.47136852023675, 51.419689093204404 ], [ 13.461577640524625, 51.426586072524536 ], [ 13.450680735638686, 51.422723186283633 ], [ 13.44815209156458, 51.430727577498665 ], [ 13.427122727642082, 51.4237424908356 ], [ 13.406181550944483, 51.455118054079705 ], [ 13.376553362424575, 51.437118065018929 ], [ 13.383560224127368, 51.428053907722472 ], [ 13.375717535096975, 51.425243346002162 ], [ 13.359941263457401, 51.433392328414634 ], [ 13.338489114327423, 51.429621175714288 ], [ 13.332933245641057, 51.437827577949079 ], [ 13.322179994556706, 51.437717013455746 ], [ 13.328405396948442, 51.426767407268244 ], [ 13.28532240796476, 51.411199159410039 ], [ 13.285672418555842, 51.399396649417156 ], [ 13.260552579554259, 51.401006886912157 ], [ 13.269019266423632, 51.385052119022717 ], [ 13.244592318531103, 51.393566138233837 ], [ 13.215939180050372, 51.39647377090153 ], [ 13.206610141344523, 51.40713488917099 ], [ 13.200503526747118, 51.433092884285415 ], [ 13.191004149790185, 51.433824499356668 ], [ 13.186004184253358, 51.423138368150966 ], [ 13.1753781740051, 51.433226114662126 ], [ 13.204849592351684, 51.454068457592186 ], [ 13.184258031582504, 51.469592514109607 ], [ 13.183971511655908, 51.491070215657601 ], [ 13.200500986249914, 51.492065301698155 ], [ 13.208472472722827, 51.510603021017673 ], [ 13.186211536152543, 51.556917356946265 ], [ 13.160447290302548, 51.559401003634555 ], [ 13.141531297601421, 51.571324846812772 ], [ 13.161540161587093, 51.592630647639041 ], [ 13.15524775926075, 51.600262211931572 ], [ 13.14561839962046, 51.59772381630826 ], [ 13.120537234317618, 51.620143362439357 ], [ 13.094064063713555, 51.605636476843557 ], [ 13.085762342849648, 51.608033415239703 ], [ 13.050732600902345, 51.647359415843354 ], [ 13.151351132837769, 51.686463151823716 ], [ 13.161338222041103, 51.693323315129227 ], [ 13.155689056683901, 51.71225521461767 ], [ 13.168837303764677, 51.709569672256045 ], [ 13.165172498713847, 51.717083016078334 ], [ 13.186560087466585, 51.716536326227754 ], [ 13.176723585215262, 51.733160716660315 ], [ 13.155518545216237, 51.743207214786118 ], [ 13.164784651291342, 51.757552017499506 ], [ 13.147835623722703, 51.76050941181127 ], [ 13.170488900703102, 51.786922233305503 ], [ 13.157302845776039, 51.788505536287325 ], [ 13.16299794172893, 51.805267867537424 ], [ 13.143232825043222, 51.819482431090982 ], [ 13.122947660192006, 51.853885729719771 ], [ 13.153225086718303, 51.860611868445339 ], [ 13.149855195357578, 51.872403554069365 ], [ 13.131531860626145, 51.882184633245757 ], [ 13.083866425483494, 51.873168102010794 ], [ 13.081480200217635, 51.868017418417111 ], [ 13.033440128864781, 51.874493886805347 ], [ 13.045588163856369, 51.900097208817549 ], [ 12.973707530510909, 51.900256406076799 ], [ 12.975628590084618, 51.920575365208009 ], [ 12.956005293915863, 51.922422472667755 ], [ 12.960295004859612, 51.934905677480927 ], [ 12.918819871951449, 51.938994471714473 ], [ 12.917365986814742, 51.931582527780236 ], [ 12.899076743252715, 51.928114423094129 ], [ 12.890262861836952, 51.928442211467996 ], [ 12.888632429180042, 51.934748298162951 ], [ 12.852663872005031, 51.93529278075782 ], [ 12.844183198960005, 51.968076961507649 ], [ 12.811614711090439, 51.962270359520254 ], [ 12.776707215146841, 51.965418242269529 ], [ 12.769378856815024, 51.978823328730272 ], [ 12.698352257530429, 52.002941846087886 ], [ 12.656226304438155, 52.012692792416097 ], [ 12.644617928880892, 51.995111685881369 ], [ 12.614667484809312, 51.991498894842607 ], [ 12.615468292032872, 51.982098947760775 ], [ 12.602365276129639, 51.981684696769143 ], [ 12.540325687815368, 51.984940242595833 ], [ 12.536693008292591, 52.001067811508911 ], [ 12.49407570017569, 52.011306067929709 ], [ 12.479964113880094, 52.033443008680145 ], [ 12.460705157375431, 52.034760168847022 ], [ 12.448348412167444, 52.016777713384961 ], [ 12.435800702505979, 52.01698224294298 ], [ 12.389361988457141, 52.04347055519613 ], [ 12.374916190328779, 52.04523723305833 ], [ 12.358378455738322, 52.04725970922447 ], [ 12.330389652023506, 52.067865218353091 ], [ 12.313922099765184, 52.093039641552068 ], [ 12.275772176030245, 52.104329052833634 ], [ 12.262873166879642, 52.132092764724206 ], [ 12.242941198238904, 52.140369202358293 ], [ 12.233853489425886, 52.162687776488383 ], [ 12.216677414374434, 52.170367010657074 ], [ 12.228043603311882, 52.185218887668739 ], [ 12.247453108520167, 52.184109174537021 ], [ 12.243234161423588, 52.191224212518961 ], [ 12.251085943177063, 52.212422857431925 ], [ 12.286430694084416, 52.22070405355251 ], [ 12.291995334178832, 52.22992890547431 ], [ 12.256069147689901, 52.243237378444789 ], [ 12.244045488640289, 52.246514588568616 ], [ 12.272508049970574, 52.305302648329793 ], [ 12.308637309870415, 52.346173409058771 ], [ 12.283981089709952, 52.364525643504692 ], [ 12.305567260542212, 52.378407904897863 ], [ 12.292309185174938, 52.385821264704497 ], [ 12.302512207399054, 52.397183525980637 ], [ 12.300143002982466, 52.408167113032441 ], [ 12.274660062786513, 52.416219465560438 ], [ 12.298016356074674, 52.424139642282427 ], [ 12.289926739689877, 52.431250062863263 ], [ 12.302280813316596, 52.434708873063038 ], [ 12.304338107829777, 52.452219769532505 ], [ 12.316688825849889, 52.453968022025549 ], [ 12.313956926614601, 52.461430705254898 ], [ 12.324069562191104, 52.464570299178973 ], [ 12.330645965670765, 52.479205412619322 ], [ 12.314235166042973, 52.476701150549594 ], [ 12.309201116271886, 52.485668587382996 ], [ 12.321046194169131, 52.49344252237568 ], [ 12.29803257213025, 52.496252617845514 ], [ 12.271278469209575, 52.488333251719801 ], [ 12.257070798916839, 52.519168172639695 ], [ 12.23497098290084, 52.524581876022992 ], [ 12.220056323385936, 52.501003436904462 ], [ 12.187033637987485, 52.497323660973549 ], [ 12.171124148740475, 52.50624367271368 ], [ 12.167788729218586, 52.514862151625529 ], [ 12.187699611987837, 52.532269139292161 ], [ 12.173662112611744, 52.53949886340169 ], [ 12.14259219988609, 52.530994273486861 ], [ 12.158804509496195, 52.560967878198802 ], [ 12.181065359315033, 52.575231228922306 ], [ 12.173449349483045, 52.597418931899107 ], [ 12.17235806970907, 52.625569197081859 ], [ 12.203582678401208, 52.618826429846685 ], [ 12.236458164506722, 52.630279117698372 ], [ 12.23809072667726, 52.66552755037408 ], [ 12.231783048608133, 52.689369836155194 ], [ 12.222344981339726, 52.689019249903275 ], [ 12.217762707151918, 52.697459471962645 ], [ 12.223386245637057, 52.703381106896558 ], [ 12.204720755777892, 52.71340152895506 ], [ 12.211396130337691, 52.717067093130545 ], [ 12.205159256020814, 52.722704487248215 ], [ 12.202268446563824, 52.729360810132619 ], [ 12.222394894933798, 52.739663903998839 ], [ 12.205951318998794, 52.761069812527396 ], [ 12.212507232129406, 52.773931032489621 ], [ 12.221585964314695, 52.774387028918298 ], [ 12.221127214885161, 52.789949538994485 ], [ 12.24301846793932, 52.786470808813036 ], [ 12.249793200491871, 52.793661449318044 ], [ 12.253644602287215, 52.809057340492259 ], [ 12.232747803624743, 52.860058068547097 ], [ 12.209171436801061, 52.864688939161923 ], [ 12.196804547077294, 52.87792680113261 ], [ 12.174569598374905, 52.865455286199058 ], [ 12.127057414569505, 52.853151104281075 ], [ 12.132483427313341, 52.865803310678032 ], [ 12.121166745052097, 52.874812941191081 ], [ 12.128316998906243, 52.890920668484362 ], [ 12.121386898323902, 52.894024199640015 ], [ 12.110312780416381, 52.876243752964029 ], [ 12.080158514073201, 52.877282173324296 ], [ 12.076641789214156, 52.886281741906814 ], [ 12.043394164221924, 52.88816918493648 ], [ 12.022275956763812, 52.89029601579788 ], [ 12.005375890675541, 52.884083809776399 ], [ 11.987911501787055, 52.877757298446234 ], [ 11.958342880141124, 52.881052448429188 ], [ 11.926631472387548, 52.891307386536738 ], [ 11.89081299661836, 52.894572980903298 ], [ 11.872515969842009, 52.908268984212015 ], [ 11.836966160998676, 52.909663115498148 ], [ 11.822743557041269, 52.915546452342575 ], [ 11.821637984223932, 52.925890049398063 ], [ 11.843314849346031, 52.939868793482404 ], [ 11.84526695417253, 52.949018595132941 ], [ 11.830483767017002, 52.957118325885915 ], [ 11.785602464714579, 52.960390227541865 ], [ 11.76332945935469, 52.981307499095699 ], [ 11.744234183393463, 52.988948782853917 ], [ 11.704182091697852, 52.978645928588676 ], [ 11.688181239534439, 52.980090569103744 ], [ 11.682519871550481, 53.001310612683056 ], [ 11.674920833899554, 53.009260178301183 ], [ 11.644244719068105, 53.005847750905069 ], [ 11.628943924851926, 53.009631720368205 ], [ 11.623864476318978, 53.019775312927869 ], [ 11.641067295408634, 53.035870782838323 ], [ 11.629956017358165, 53.04174621376405 ], [ 11.597698156800792, 53.036655384224169 ], [ 11.573821942592476, 53.038027694774961 ], [ 11.543536934975005, 53.052980915256676 ], [ 11.524412889258247, 53.0467772465528 ], [ 11.505134630395283, 53.048567157534222 ], [ 11.475257325365089, 53.066428721953848 ], [ 11.452205455338664, 53.078576553974273 ], [ 11.420499540501259, 53.074441556282942 ], [ 11.382610742178308, 53.06533576816809 ], [ 11.340632764624075, 53.055217027512263 ], [ 11.325632866736324, 53.064228320349713 ], [ 11.272925145805381, 53.097489908723425 ], [ 11.268166449172721, 53.121045687963104 ], [ 11.302057920149483, 53.116126433260668 ], [ 11.325262354610697, 53.119343040825825 ], [ 11.335646829401226, 53.113770823983792 ], [ 11.395479766512079, 53.113523325279786 ], [ 11.393259321798801, 53.13680073027512 ], [ 11.412194749613203, 53.136515657499743 ], [ 11.42106560756848, 53.141123744762595 ], [ 11.439563685242911, 53.136416273906569 ], [ 11.463665701271607, 53.140869823202117 ], [ 11.472813463544329, 53.127076604769506 ], [ 11.534754900835283, 53.125435223434707 ], [ 11.556430230932587, 53.138770574214305 ], [ 11.551017750994694, 53.149434147521575 ], [ 11.567308590438032, 53.165807164193389 ], [ 11.563558208021135, 53.174527444108278 ], [ 11.566586082896315, 53.182608607208422 ], [ 11.556425890590955, 53.18530635281099 ], [ 11.550439017381111, 53.21201333925351 ], [ 11.564795480346103, 53.214674736670979 ], [ 11.588096677901625, 53.216630543343008 ], [ 11.628391290022362, 53.240968621371032 ], [ 11.649425377816936, 53.238498871522253 ], [ 11.661058860952933, 53.244987344814014 ], [ 11.695191010223907, 53.244745196608292 ], [ 11.71320052589849, 53.229901495962999 ], [ 11.727552255012553, 53.231827758764453 ], [ 11.728784046671956, 53.218668544009304 ], [ 11.779252376779597, 53.229564035636677 ], [ 11.799052452260714, 53.22654086004863 ], [ 11.830947271669041, 53.230150835488622 ], [ 11.798191236880225, 53.253103430624691 ], [ 11.819766926608446, 53.254031008277735 ], [ 11.859400163188884, 53.249213803446729 ], [ 11.897337938690852, 53.278597625862822 ], [ 11.919476044133775, 53.27554883781545 ], [ 11.955283317575818, 53.274255237389021 ], [ 11.973891698990835, 53.30031145874802 ], [ 11.985596860208231, 53.300501422882114 ], [ 11.996008198718023, 53.292428531641647 ], [ 12.003571556719063, 53.30020467241215 ], [ 12.016948066772944, 53.299407524911814 ], [ 12.021698892846624, 53.32138218228333 ], [ 12.014003064058699, 53.334586997011179 ], [ 12.056265955975451, 53.350425434199181 ], [ 12.048222196427037, 53.370312452064276 ], [ 12.066227854226014, 53.373293845501401 ], [ 12.077209575021149, 53.368678228387516 ], [ 12.081629433717108, 53.346766468593536 ], [ 12.109001436556964, 53.343920930210842 ], [ 12.109529520370989, 53.350143763039505 ], [ 12.133001455213034, 53.34906093504879 ], [ 12.139323180533095, 53.359458581025322 ], [ 12.152033864130983, 53.361400913576666 ], [ 12.168490841679796, 53.339657310034454 ], [ 12.185947662582045, 53.343266577984636 ], [ 12.188261599310133, 53.353851686056586 ], [ 12.212379331002133, 53.353517946305743 ], [ 12.229598061254697, 53.358095312021405 ], [ 12.24207024180901, 53.335327487164868 ], [ 12.258553571144324, 53.324232555462366 ], [ 12.297170430417067, 53.328178523327786 ], [ 12.328374966817726, 53.319752324721776 ], [ 12.396240715043101, 53.300336060759491 ], [ 12.392449535601326, 53.286153213473838 ], [ 12.410341358062013, 53.279762083560989 ], [ 12.431282149506673, 53.273239332900637 ], [ 12.444083645635802, 53.251305432682436 ], [ 12.490661074696286, 53.255463689815841 ], [ 12.502869606357518, 53.262263531177965 ], [ 12.539130085181316, 53.263413134872927 ], [ 12.605481959590325, 53.244574822867193 ], [ 12.628302080482577, 53.25447505700518 ], [ 12.674509564620505, 53.24936709728852 ], [ 12.664597618497975, 53.233141034625042 ], [ 12.688587888690057, 53.226725983809402 ], [ 12.757686532782783, 53.224446728758075 ], [ 12.739836649973038, 53.199586310405444 ], [ 12.771922001381107, 53.188374522994842 ], [ 12.815575428117249, 53.195448028947823 ], [ 12.847829660871515, 53.201083913110196 ], [ 12.854045331731328, 53.193489782066585 ], [ 12.875787439778247, 53.180880295094347 ], [ 12.889996772480163, 53.180164765292453 ], [ 12.891061356189596, 53.1888528987824 ], [ 12.905305659629507, 53.194558053830796 ], [ 12.92521341037973, 53.195379338826939 ], [ 12.920021576245366, 53.187370027355605 ], [ 12.941359485541239, 53.186856251361867 ], [ 12.939260547538758, 53.195454040842499 ], [ 12.954169791203279, 53.200746811636073 ], [ 12.975404468819432, 53.197477266360885 ], [ 12.978406033509748, 53.191453759856572 ], [ 12.951247268923224, 53.177875793482812 ], [ 12.976412443030469, 53.162742740517885 ], [ 12.984362284159717, 53.165844702483056 ], [ 13.005292194972922, 53.168349790614187 ], [ 13.025074207648656, 53.18660540878507 ], [ 13.036537100575869, 53.194300935932056 ], [ 13.069209049007849, 53.202433515307355 ], [ 13.077108112817243, 53.19944335884955 ], [ 13.086735831777995, 53.214467081505354 ], [ 13.106375512375783, 53.215678511750873 ], [ 13.102788484210524, 53.234372226277223 ], [ 13.110976224264311, 53.238982725166764 ], [ 13.129431906756238, 53.236231593750745 ], [ 13.147868840350688, 53.250179882531931 ], [ 13.176750364689489, 53.24646744399621 ], [ 13.180758654224919, 53.250490116549209 ], [ 13.205674822600901, 53.220072433147003 ], [ 13.229435678371113, 53.216810782151256 ], [ 13.240490333014042, 53.230973115898244 ], [ 13.251967390158351, 53.263853434154377 ], [ 13.271778013992497, 53.263224991345766 ], [ 13.298485880851338, 53.280707788440282 ], [ 13.340414406346525, 53.273310789566636 ], [ 13.361236591237178, 53.277854668356625 ], [ 13.390561849058479, 53.241348971449931 ], [ 13.405205212449113, 53.246426506085236 ], [ 13.407384349933512, 53.262413085823439 ], [ 13.440170530223995, 53.2855768074715 ], [ 13.436744951166844, 53.296754142289153 ], [ 13.4547313775187, 53.297907252358186 ], [ 13.460824699586807, 53.288353291568555 ], [ 13.483136266501498, 53.290861982671537 ], [ 13.505634416343918, 53.316956545895763 ], [ 13.522742052106857, 53.319774629446442 ], [ 13.517095229105617, 53.339954628094901 ], [ 13.525255215587556, 53.351303442319356 ], [ 13.516702994300562, 53.351765657418703 ], [ 13.52607405666434, 53.366259799890251 ], [ 13.542511403774586, 53.365179229184726 ], [ 13.555308712019192, 53.377292689088485 ], [ 13.554348705703203, 53.388210165622731 ], [ 13.545205225316863, 53.39538014446503 ], [ 13.572101259038647, 53.408318287158629 ], [ 13.612117605807049, 53.413727445457781 ], [ 13.625697173731929, 53.409222110090859 ], [ 13.640056782196217, 53.447566923447425 ], [ 13.650724798817301, 53.443894273221034 ], [ 13.662642438392453, 53.457906955122652 ], [ 13.707985595582576, 53.478332420046513 ], [ 13.743538361497521, 53.485433988433456 ], [ 13.753544196595625, 53.478621685172271 ], [ 13.785632649616597, 53.474603563280155 ], [ 13.812138177743115, 53.48436437055846 ], [ 13.826405300526078, 53.497877961448033 ], [ 13.809183187831795, 53.502353538721543 ], [ 13.799220632219011, 53.498482820766007 ], [ 13.790424744875853, 53.510726532180321 ], [ 13.777234152479584, 53.513929341103363 ], [ 13.785020217076383, 53.552948886695155 ], [ 13.79116917604393, 53.558763386621656 ], [ 13.801572896916552, 53.557134257833425 ], [ 13.798184607053225, 53.545842587939354 ], [ 13.821430650053818, 53.518026702355733 ], [ 13.846930757407968, 53.513981805198448 ], [ 13.879509050395189, 53.504133351398771 ], [ 13.874115308990831, 53.490328822094028 ], [ 13.884212656033062, 53.483376977894899 ], [ 13.875786876978321, 53.473649764270888 ], [ 13.916098362001049, 53.456515990224823 ], [ 13.916977397879812, 53.451741562767715 ], [ 13.901461018222017, 53.431812729062472 ], [ 13.918512748116516, 53.421938786728006 ], [ 13.945822942290024, 53.430821165539591 ], [ 13.963544465178385, 53.430323538392585 ], [ 14.00138363369129, 53.435766198883101 ], [ 14.007073538911898, 53.430988711098415 ], [ 14.045447709385636, 53.429726836770023 ], [ 14.050979171295172, 53.413750036467746 ], [ 14.085576371249207, 53.41273583162755 ], [ 14.121161449860528, 53.441728630077492 ], [ 14.136431413456643, 53.441053373780143 ], [ 14.181628839070093, 53.422415143267934 ], [ 14.204832702866632, 53.423374038799963 ], [ 14.222943246958982, 53.43406603923524 ], [ 14.240946779528228, 53.422721805903549 ], [ 14.242917604678309, 53.399553564233152 ], [ 14.233393950937693, 53.373252079652879 ], [ 14.205553695440827, 53.343958284523374 ], [ 14.174306713778661, 53.322532452085355 ], [ 14.105699117491895, 53.280738955532314 ], [ 14.098258983154961, 53.26226722815052 ], [ 14.127678586429667, 53.260121906786438 ], [ 14.162036068908876, 53.267037098719321 ], [ 14.21084083003038, 53.254805494506243 ], [ 14.265087022052667, 53.260026142479923 ], [ 14.262740746570918, 53.276837760793804 ], [ 14.301077443441701, 53.28592370603247 ], [ 14.312551178495593, 53.301875190191524 ], [ 14.316270371355499, 53.312019287812348 ], [ 14.349935879205479, 53.310175267890742 ], [ 14.374746928002422, 53.315649081748191 ], [ 14.395768402389027, 53.329005599073817 ], [ 14.412279938967549, 53.328714282325251 ], [ 14.405667995557632, 53.309619294278846 ], [ 14.421171321110371, 53.276344496453703 ], [ 14.444211593720382, 53.274390029971286 ], [ 14.450127674924, 53.262336217139534 ], [ 14.420212884231088, 53.233027016053235 ], [ 14.404277595528246, 53.209782588689585 ], [ 14.376889603508747, 53.200797347677167 ], [ 14.367049843453355, 53.170289297433783 ], [ 14.38672281752185, 53.143120457458501 ], [ 14.382656239271579, 53.131430849450716 ], [ 14.36427414133898, 53.079030637180466 ], [ 14.341978182158412, 53.050371329342106 ], [ 14.258465059545777, 53.003304657042825 ], [ 14.205963931900067, 52.986100844747767 ], [ 14.145490776644138, 52.962586299503073 ], [ 14.139307922120432, 52.951225319886056 ], [ 14.155401800176541, 52.896022934548014 ], [ 14.160559362455036, 52.882923198434924 ], [ 14.126112042315459, 52.846824789290856 ], [ 14.127446240072913, 52.830895713144486 ], [ 14.216523340929225, 52.817217185114714 ], [ 14.253028266216544, 52.789138454164146 ], [ 14.281302776671664, 52.773386336001302 ], [ 14.32642030493311, 52.760787215442626 ], [ 14.374129990075389, 52.735608014350433 ], [ 14.433013891516238, 52.68254506402311 ], [ 14.498384210115958, 52.647270617424105 ], [ 14.593417998262765, 52.61162855786808 ], [ 14.611463916908541, 52.588895521204421 ], [ 14.639080842440222, 52.570279879958619 ], [ 14.616759342671534, 52.555003540249793 ], [ 14.606488137432693, 52.52550610511291 ], [ 14.612661073751623, 52.510389267339846 ], [ 14.634763032222349, 52.495383119247833 ], [ 14.611596312143416, 52.472648074601672 ], [ 14.579074858305964, 52.441747679617649 ], [ 14.549641065287698, 52.434555785985069 ], [ 14.533853472577647, 52.394808542474571 ], [ 14.552060343546382, 52.374335023835961 ], [ 14.560961535642512, 52.32901599401243 ], [ 14.585043931305055, 52.30634551159622 ], [ 14.575269002397958, 52.289915225903911 ], [ 14.601978113161021, 52.272050788686094 ], [ 14.693737187243332, 52.255449152797105 ], [ 14.715562964665921, 52.234700872512455 ], [ 14.705478104859042, 52.20821852529722 ], [ 14.684966091206322, 52.193389132759755 ], [ 14.701882830526849, 52.18000286580142 ], [ 14.704932214910061, 52.166796451805361 ], [ 14.679493984703587, 52.142680456759393 ], [ 14.682322302711263, 52.114067716993574 ], [ 14.700329976213263, 52.098896859073392 ], [ 14.736000960624422, 52.088938179419983 ], [ 14.759815572125531, 52.067069827063122 ], [ 14.74515186917181, 52.054123450680827 ], [ 14.747232815055382, 52.031903040790851 ], [ 14.714345867861251, 52.001852742434203 ], [ 14.720298861133006, 51.99288419971689 ], [ 14.705111876298178, 51.97721332411399 ], [ 14.720561616880607, 51.950392985443472 ], [ 14.69367905113786, 51.909574533356839 ], [ 14.693932253715165, 51.901744914384977 ], [ 14.663169407627151, 51.889808312943359 ], [ 14.652404907908277, 51.874625440610515 ], [ 14.623999194822353, 51.858507661340219 ], [ 14.611010063403587, 51.857263731351125 ], [ 14.604193788532582, 51.840579786480468 ], [ 14.590723900723486, 51.838459499382878 ], [ 14.590596897993807, 51.821030417562397 ], [ 14.606425873940882, 51.804716087259429 ], [ 14.644515599183629, 51.796064682513105 ], [ 14.65645400191749, 51.741702375963314 ], [ 14.66733223804799, 51.726695879786426 ], [ 14.690334046605182, 51.70858285625566 ], [ 14.737077324439827, 51.687777517560463 ], [ 14.757718448642255, 51.661002273220035 ], [ 14.753498170505905, 51.655503253961243 ], [ 14.753647734084165, 51.627401860688025 ], [ 14.764570248399538, 51.608372089090544 ], [ 14.728621318004279, 51.581929776168401 ], [ 14.711125041186262, 51.595577523442195 ], [ 14.695819942791372, 51.596942594074271 ], [ 14.705116160123975, 51.577768949327172 ], [ 14.696162503131307, 51.576295321525549 ], [ 14.676361214928917, 51.551656049176145 ], [ 14.609447772270686, 51.550570578569719 ], [ 14.598425347373935, 51.572588446445479 ], [ 14.571005827742653, 51.580016893427441 ], [ 14.544593977012289, 51.57327282050607 ], [ 14.547579855069779, 51.563511641005285 ], [ 14.51619809503425, 51.554343316763699 ], [ 14.49957934773588, 51.559316419947464 ], [ 14.450530805486734, 51.556109385824996 ], [ 14.447654457463852, 51.542471004692182 ], [ 14.409281914321008, 51.537333007342149 ], [ 14.386594065420264, 51.541248967876598 ], [ 14.386708803496568, 51.534938860006882 ], [ 14.341998864238846, 51.521306932882609 ], [ 14.338005037401802, 51.50568982393392 ], [ 14.323296959820647, 51.508654840379471 ], [ 14.323257437555114, 51.519259344620707 ], [ 14.272180418383945, 51.532376743466884 ], [ 14.244665515953766, 51.528297663144656 ], [ 14.213358591853414, 51.539738056325248 ], [ 14.163343039026882, 51.540729874781931 ], [ 14.133458369176536, 51.541002409290591 ], [ 14.128593485949992, 51.532768262011757 ], [ 14.140266612153789, 51.523544718876558 ], [ 14.108235431235157, 51.521945966013917 ], [ 14.095670953934661, 51.498288591599085 ], [ 14.074075959676176, 51.492227424740214 ], [ 14.088158309035853, 51.477837623825657 ], [ 14.071742204144705, 51.472635535124283 ], [ 14.038516587580782, 51.479980508782404 ], [ 14.032255376754749, 51.475097699073856 ], [ 14.056305855522846, 51.459556410347787 ], [ 14.05267415227094, 51.451010289321992 ], [ 14.06347064120331, 51.445612529713934 ], [ 14.042313168146336, 51.438612975728006 ], [ 14.042043972764047, 51.425726105140512 ], [ 14.044985890614992, 51.418667325294813 ], [ 14.036310948872282, 51.416648348986726 ], [ 14.015935288190882, 51.404791710071656 ], [ 14.026521590464561, 51.397493864719578 ], [ 14.004542781732804, 51.394575931314044 ], [ 14.000004903654599, 51.372608062965242 ], [ 13.969929573283606, 51.375507550777414 ], [ 13.972080747514521, 51.394441243912681 ], [ 13.963363546310548, 51.396235221515603 ], [ 13.884378515308342, 51.375520982758964 ], [ 13.836164536319632, 51.383587694567424 ], [ 13.835024677862348, 51.376978318949774 ], [ 13.820146632463503, 51.369383538839848 ], [ 13.781701485441872, 51.369312560630867 ], [ 13.77638738697296, 51.360662707258051 ], [ 13.762167293352318, 51.362580760027384 ], [ 13.767760834818487, 51.370647399090728 ], [ 13.75840732516038, 51.371419523570481 ], [ 13.741002887234533, 51.361045169279613 ], [ 13.712258519818095, 51.363976721633719 ], [ 13.69004360544098, 51.374243723373638 ], [ 13.682638548805432, 51.368077965767377 ], [ 13.669522460281621, 51.375629627339769 ], [ 13.661382615268458, 51.369089313843666 ], [ 13.612187985250578, 51.370210963124116 ], [ 13.595217585901246, 51.369622938256846 ], [ 13.588281766422963, 51.384168178161161 ] ], [ [ 13.656787312048467, 52.530637425543027 ], [ 13.625176443730091, 52.531101396848868 ], [ 13.631389324172527, 52.54121576057134 ], [ 13.611880584959682, 52.544058314297835 ], [ 13.585234896317489, 52.548619545724407 ], [ 13.581819776453512, 52.570658779307905 ], [ 13.555357403439697, 52.585066231883971 ], [ 13.507343385021684, 52.592221451262759 ], [ 13.496432397491116, 52.605614462052202 ], [ 13.50050127982397, 52.613817634632497 ], [ 13.521906031493367, 52.643525154980807 ], [ 13.488407645281862, 52.656768555268208 ], [ 13.487231528131082, 52.667703502198563 ], [ 13.475808042656364, 52.666465693145447 ], [ 13.476418419801018, 52.674355644107628 ], [ 13.451635443104111, 52.663098736637615 ], [ 13.472538953136562, 52.65270526331684 ], [ 13.443776127928873, 52.649170754371539 ], [ 13.431459645326813, 52.636898370602907 ], [ 13.395549460816989, 52.647871138520451 ], [ 13.373444767525141, 52.628375451114557 ], [ 13.344761079550414, 52.623367196141167 ], [ 13.30621191160129, 52.628215883600916 ], [ 13.309751579241022, 52.643470845327556 ], [ 13.301290110731596, 52.653628661179624 ], [ 13.309321772548799, 52.65708151847393 ], [ 13.282573429126925, 52.660539878578369 ], [ 13.282168766774062, 52.64167955508335 ], [ 13.261322205208527, 52.640421117961495 ], [ 13.264242874721564, 52.627369622699526 ], [ 13.238341207881289, 52.627886474579874 ], [ 13.221292568428817, 52.628227981893012 ], [ 13.201763428408517, 52.606287833280433 ], [ 13.216896572831443, 52.58726753064925 ], [ 13.164193187680668, 52.598080314281738 ], [ 13.129029398398149, 52.586901302450428 ], [ 13.132506540882456, 52.579456057135609 ], [ 13.149676753776873, 52.58280544357067 ], [ 13.153579932589402, 52.57438732186484 ], [ 13.145715260784952, 52.552766277092772 ], [ 13.12964361307518, 52.554854507912466 ], [ 13.124060003928358, 52.544433373967095 ], [ 13.117419278123778, 52.516688808616188 ], [ 13.143096570015375, 52.519889593862459 ], [ 13.166553829544902, 52.509510252169484 ], [ 13.155237805779144, 52.501220543006767 ], [ 13.117710065990259, 52.47846593453616 ], [ 13.110739134844177, 52.466559227321014 ], [ 13.109607216342363, 52.45089013980872 ], [ 13.121881975511931, 52.437871978716814 ], [ 13.088209718280915, 52.419767073189561 ], [ 13.092843938348061, 52.410038501180068 ], [ 13.109955787260095, 52.412286795909623 ], [ 13.123656544906742, 52.396857675661657 ], [ 13.158068223418702, 52.393906254365433 ], [ 13.161219287866208, 52.404206340913667 ], [ 13.223103614007712, 52.420926657538246 ], [ 13.244979965557619, 52.420492103940902 ], [ 13.248545291429709, 52.404661518912313 ], [ 13.273122924194716, 52.404492824000783 ], [ 13.296373033248527, 52.41586065415369 ], [ 13.310993208698724, 52.399463959173964 ], [ 13.341945062245545, 52.411020776660017 ], [ 13.371076428256902, 52.393831133837388 ], [ 13.369927194417627, 52.388503494095374 ], [ 13.387214060803837, 52.388338110531201 ], [ 13.388366392881929, 52.377832509119564 ], [ 13.420510925308228, 52.376195666679301 ], [ 13.427508300590338, 52.387221891367631 ], [ 13.418717993738298, 52.409981737139674 ], [ 13.463791349571856, 52.42058820590303 ], [ 13.479789320330234, 52.396107015535726 ], [ 13.515142559917791, 52.401318467721154 ], [ 13.535849129244539, 52.399383884867689 ], [ 13.535616503737828, 52.389566595929921 ], [ 13.592616651895346, 52.393552345917534 ], [ 13.605135275335606, 52.379281483191804 ], [ 13.607553574047753, 52.374858031390858 ], [ 13.628333568276998, 52.381807680833802 ], [ 13.647248844964594, 52.370430460718083 ], [ 13.635940024947278, 52.346178869138029 ], [ 13.650115620282053, 52.33849808042828 ], [ 13.671611830102767, 52.366593667615042 ], [ 13.690893397777295, 52.367459977807982 ], [ 13.698495256765362, 52.38150769734289 ], [ 13.687321671332837, 52.385333499863705 ], [ 13.716579656185356, 52.39946959657032 ], [ 13.733578833281378, 52.400921647079564 ], [ 13.737843719067477, 52.407311363751987 ], [ 13.729162717262117, 52.416271659373479 ], [ 13.744073417447238, 52.43906796401037 ], [ 13.760610562076355, 52.437180336692919 ], [ 13.752587617608746, 52.446659238268523 ], [ 13.720658779024436, 52.456602704176134 ], [ 13.703177589631892, 52.467103925160728 ], [ 13.705069232652447, 52.454750540732405 ], [ 13.696011826977994, 52.454811511836901 ], [ 13.692458791211248, 52.464124056009688 ], [ 13.666744192620468, 52.47416426867084 ], [ 13.641032186751739, 52.478942632603385 ], [ 13.62517162032767, 52.473252830448978 ], [ 13.622928781594597, 52.467468637341938 ], [ 13.611688188318906, 52.471604021693288 ], [ 13.630118575174894, 52.493457535471308 ], [ 13.624177224460011, 52.495385039412447 ], [ 13.632686189029261, 52.511428603855308 ], [ 13.657577420365032, 52.526350287875928 ], [ 13.656787312048467, 52.530637425543027 ] ] ] ] } },
{ "type": "Feature", "properties": { "NUTS_LEVEL": 1, "NUTS_CODE": "DE5", "NUTS_NAME": "Bremen" }, "geometry": { "type": "MultiPolygon", "coordinates": [ [ [ [ 8.562482039131792, 53.549098229340814 ], [ 8.52327784564895, 53.592018742092577 ], [ 8.509901760259355, 53.603084841298809 ], [ 8.51849277172092, 53.605928445683233 ], [ 8.557154334642785, 53.604528770204787 ], [ 8.593756503756621, 53.593449712788626 ], [ 8.6243315782885, 53.605890024846808 ], [ 8.652245582778836, 53.6072830505287 ], [ 8.635580050648409, 53.594087827013176 ], [ 8.642768672005642, 53.590095920547718 ], [ 8.61614733535508, 53.575213951050024 ], [ 8.629561717516948, 53.55534632925422 ], [ 8.644662987198313, 53.555205664048806 ], [ 8.639934784982797, 53.534325649136214 ], [ 8.65007206323059, 53.511130069267985 ], [ 8.638192107159494, 53.503269591965797 ], [ 8.605985672571945, 53.484218007992531 ], [ 8.569913612875521, 53.488468546928317 ], [ 8.506618436370569, 53.472870786847096 ], [ 8.49209558132368, 53.474484505470578 ], [ 8.508933328782676, 53.497573347730487 ], [ 8.552550203916441, 53.515511510000195 ], [ 8.561790892871739, 53.511501865623849 ], [ 8.579805517480558, 53.533488023129109 ], [ 8.562482039131792, 53.549098229340814 ] ] ], [ [ [ 8.481138723955961, 53.224876929403159 ], [ 8.516921462190766, 53.22833697515388 ], [ 8.529756653025691, 53.216396516038948 ], [ 8.553992118685416, 53.208628692054077 ], [ 8.578153249864551, 53.217156532095572 ], [ 8.59904333328152, 53.212447390046606 ], [ 8.581798467639794, 53.190850611625798 ], [ 8.597333283530302, 53.187145790991835 ], [ 8.628356373218846, 53.197595641130981 ], [ 8.652972226696388, 53.187882596108679 ], [ 8.659666122322081, 53.17806905854021 ], [ 8.673267260270142, 53.178969662004306 ], [ 8.698509858326704, 53.184981424429957 ], [ 8.708359454468512, 53.175748114107201 ], [ 8.71561672842436, 53.182992753927437 ], [ 8.727811841533462, 53.183081404872624 ], [ 8.743122563242153, 53.172008336874455 ], [ 8.742530930529666, 53.164312312985096 ], [ 8.777726751962627, 53.161736445221578 ], [ 8.829280417277751, 53.162920694249586 ], [ 8.864331994391435, 53.131862514868956 ], [ 8.909168873987912, 53.133668457920926 ], [ 8.941411122136383, 53.152226984709579 ], [ 8.956467195115538, 53.147652812149367 ], [ 8.981741351520176, 53.127366931560822 ], [ 8.950571548362753, 53.115983655034313 ], [ 8.962514085445161, 53.099780164473195 ], [ 8.990830709886586, 53.09777764443669 ], [ 8.962879199904732, 53.087979351595735 ], [ 8.962051541099157, 53.06210405278155 ], [ 8.979162236273263, 53.04604473320034 ], [ 8.945414952042539, 53.03074347852553 ], [ 8.92640923367709, 53.011876380758082 ], [ 8.894317947742817, 53.013788194310273 ], [ 8.867390503056662, 53.038904525347952 ], [ 8.861425034790802, 53.038827293285287 ], [ 8.867711997026603, 53.020862177194815 ], [ 8.848027839546949, 53.016460741446707 ], [ 8.818137652036425, 53.022547617899875 ], [ 8.807418248067435, 53.031882563672077 ], [ 8.77901942288382, 53.039137347924132 ], [ 8.772367148389787, 53.052108702900647 ], [ 8.761029513253158, 53.049726606694612 ], [ 8.753676612383325, 53.038651241201585 ], [ 8.741677546033177, 53.041769973724236 ], [ 8.732765864947474, 53.03627285587276 ], [ 8.711125676669303, 53.044625875017701 ], [ 8.709851844727799, 53.076151471122976 ], [ 8.668186904977146, 53.090361287108543 ], [ 8.670104820604452, 53.103581262527271 ], [ 8.654558461445273, 53.109138197379671 ], [ 8.61673767692051, 53.168628740522266 ], [ 8.57335891274845, 53.175951973950326 ], [ 8.510313339024538, 53.197740143045181 ], [ 8.481138723955961, 53.224876929403159 ] ] ] ] } },
{ "type": "Feature", "properties": { "NUTS_LEVEL": 1, "NUTS_CODE": "DE6", "NUTS_NAME": "Hamburg" }, "geometry": { "type": "MultiPolygon", "coordinates": [ [ [ [ 8.45930437216755, 53.957266850747089 ], [ 8.432560205461476, 53.944901891934492 ], [ 8.420336832212502, 53.947277449180014 ], [ 8.438028940444942, 53.95482301978376 ], [ 8.438006115786095, 53.963952168999711 ], [ 8.45930437216755, 53.957266850747089 ] ] ], [ [ [ 8.500589028103281, 53.912550324311489 ], [ 8.486715718487043, 53.91475802017964 ], [ 8.497040899022437, 53.931864611936341 ], [ 8.518481321276877, 53.921201809566661 ], [ 8.500589028103281, 53.912550324311489 ] ] ], [ [ [ 10.192684445857813, 53.7312552520916 ], [ 10.181036619880947, 53.709901129693456 ], [ 10.172822404521815, 53.712876179349294 ], [ 10.156653309667169, 53.7044318760286 ], [ 10.158788983019486, 53.690799064647521 ], [ 10.140733733678665, 53.679310399245011 ], [ 10.172200499947756, 53.668569749776402 ], [ 10.195497510142458, 53.654515937810316 ], [ 10.190139632699594, 53.639487725771133 ], [ 10.22161044319439, 53.633668283291541 ], [ 10.217639895912956, 53.625815203802041 ], [ 10.189751377151893, 53.613249842335236 ], [ 10.201841230663526, 53.584331300343941 ], [ 10.162073271726696, 53.585295342995664 ], [ 10.148321166200866, 53.564023773998713 ], [ 10.161541382180928, 53.558399657968863 ], [ 10.152922149315851, 53.54721528300901 ], [ 10.154756457964258, 53.536545107975208 ], [ 10.167495611316186, 53.537460710741584 ], [ 10.164269802013326, 53.521420859418093 ], [ 10.186028491863816, 53.513031175480457 ], [ 10.209321928416173, 53.519702057814307 ], [ 10.225033772110358, 53.505243399764936 ], [ 10.218290616047627, 53.499228526916113 ], [ 10.236715326604722, 53.496213972201119 ], [ 10.239078911376151, 53.482987889195854 ], [ 10.250989882324951, 53.48102038498363 ], [ 10.272501354752945, 53.467418599240048 ], [ 10.26686957404881, 53.461341272407402 ], [ 10.291123615728848, 53.454511680414001 ], [ 10.303893553972694, 53.442048605639791 ], [ 10.31146980788848, 53.451325670828609 ], [ 10.324663788920763, 53.449817433813621 ], [ 10.314000439382337, 53.434127324111238 ], [ 10.25939572262995, 53.41830747537761 ], [ 10.24402167300841, 53.399166373737991 ], [ 10.229948962381178, 53.394925148353245 ], [ 10.166825117047155, 53.398662521632239 ], [ 10.148991413922813, 53.408378255277206 ], [ 10.138695028068442, 53.42089692029996 ], [ 10.108492390422564, 53.426942860981377 ], [ 10.084131435979147, 53.451598718744826 ], [ 10.052232145277335, 53.464124294126371 ], [ 10.042190704770173, 53.456424620456687 ], [ 10.047297066140541, 53.446000883885823 ], [ 10.021336273008943, 53.446837352933748 ], [ 10.015631704996593, 53.442681109626804 ], [ 10.028749489038143, 53.434976340431966 ], [ 9.995291000026587, 53.426126392034519 ], [ 9.985296043477105, 53.416208253862287 ], [ 9.97341821770873, 53.413183277706182 ], [ 9.974881206950171, 53.420406154582651 ], [ 9.95064365584722, 53.431300492499396 ], [ 9.942134999735163, 53.421142829218951 ], [ 9.929206259890304, 53.419232212712956 ], [ 9.906383211769899, 53.415969770126758 ], [ 9.919697770660546, 53.434302396830468 ], [ 9.90348639946663, 53.456478127880054 ], [ 9.85685690639453, 53.436848959767133 ], [ 9.799889710425774, 53.469445266539097 ], [ 9.802878760861562, 53.493805323990024 ], [ 9.782650773787484, 53.492474148806046 ], [ 9.786426355332491, 53.499394037402865 ], [ 9.768388047603846, 53.504718936017646 ], [ 9.770787349611711, 53.521780596673516 ], [ 9.779369927760643, 53.519809069571131 ], [ 9.766874294817868, 53.541676429267874 ], [ 9.81497505326721, 53.530175500129943 ], [ 9.826171144157657, 53.533777750061184 ], [ 9.811199573319065, 53.541036899194232 ], [ 9.818285503282837, 53.545489688406796 ], [ 9.823054651409747, 53.556781163295632 ], [ 9.735944216708351, 53.566902657406871 ], [ 9.75692661389688, 53.618095309790178 ], [ 9.770321519310032, 53.627624317843214 ], [ 9.7705000039957, 53.616024904787487 ], [ 9.796088557955208, 53.610161789274812 ], [ 9.792061414351821, 53.60131478814256 ], [ 9.822748898723621, 53.584395691227193 ], [ 9.858778380089536, 53.598938222958765 ], [ 9.868765579298623, 53.609260260140942 ], [ 9.884054421622373, 53.621207311044351 ], [ 9.896436659926998, 53.634045677032915 ], [ 9.906674478097626, 53.652129908721612 ], [ 9.944484027623034, 53.652915204715477 ], [ 9.989446674195586, 53.650557058344084 ], [ 9.998409556050794, 53.680010745455149 ], [ 10.068969150614986, 53.679449805208179 ], [ 10.070834584473895, 53.706034028586018 ], [ 10.080998218819506, 53.720667899794805 ], [ 10.121411816684475, 53.713798971279218 ], [ 10.169523128154637, 53.739551111256212 ], [ 10.192684445857813, 53.7312552520916 ] ] ] ] } },
{ "type": "Feature", "properties": { "NUTS_LEVEL": 1, "NUTS_CODE": "DE7", "NUTS_NAME": "Hessen" }, "geometry": { "type": "MultiPolygon", "coordinates": [ [ [ [ 8.898301330646527, 49.502836870234049 ], [ 8.880694131755112, 49.505842993663919 ], [ 8.85671573150819, 49.50115513801817 ], [ 8.845605965352737, 49.502004899892576 ], [ 8.831993711861546, 49.492176470165518 ], [ 8.817428525844702, 49.504521858923113 ], [ 8.822446319911645, 49.524572787948102 ], [ 8.807141007650644, 49.525944797155717 ], [ 8.796513850662759, 49.512153748067448 ], [ 8.772641186327068, 49.517685024069095 ], [ 8.767547189904956, 49.514844452572994 ], [ 8.749041298792193, 49.522027770028231 ], [ 8.728026966516023, 49.518397495402326 ], [ 8.732332781348704, 49.526059794430267 ], [ 8.703429376792998, 49.536303156344395 ], [ 8.705005815174436, 49.548438186277849 ], [ 8.684852174795349, 49.569301802744135 ], [ 8.683424378480655, 49.589400407126782 ], [ 8.694794853905933, 49.589978443930917 ], [ 8.697670099069899, 49.599995087878568 ], [ 8.691493880097207, 49.606609713232757 ], [ 8.682075434722833, 49.603671167603942 ], [ 8.670948693660048, 49.610136109049193 ], [ 8.672565801727243, 49.623862448007038 ], [ 8.598930375324302, 49.610590512439956 ], [ 8.595034655660038, 49.605485398781489 ], [ 8.589207076644845, 49.604356509421201 ], [ 8.594056923070136, 49.592159066754277 ], [ 8.603431574196192, 49.59279363375569 ], [ 8.616053112341802, 49.540369824388975 ], [ 8.60761016827661, 49.5278272758285 ], [ 8.598647873829544, 49.531051379152366 ], [ 8.581435895910239, 49.519637469151512 ], [ 8.560394642284731, 49.51970995437113 ], [ 8.540845364189371, 49.528578629275032 ], [ 8.494135235977136, 49.572611774866417 ], [ 8.480186200406584, 49.574244289236901 ], [ 8.464814471945846, 49.589114921505761 ], [ 8.423175038686038, 49.583335932859619 ], [ 8.415680222693821, 49.594906746729869 ], [ 8.384418733286184, 49.625205109313519 ], [ 8.367618855090344, 49.663210786576961 ], [ 8.356371663469293, 49.684576396978102 ], [ 8.368864001242956, 49.701280795153437 ], [ 8.42590897324926, 49.716414492441011 ], [ 8.448399242360956, 49.731669007721699 ], [ 8.479598174516271, 49.760185734977938 ], [ 8.472861398624138, 49.767870134229014 ], [ 8.442322966192693, 49.765720141640266 ], [ 8.417432296958708, 49.773904747911942 ], [ 8.413612067015469, 49.784056831640264 ], [ 8.400473775945262, 49.803608480147545 ], [ 8.390578347640401, 49.814305221685423 ], [ 8.377856919455322, 49.827421988217729 ], [ 8.378942545674882, 49.833076476587642 ], [ 8.386262965189781, 49.853972594922986 ], [ 8.376936519005362, 49.861122170059716 ], [ 8.35922000718101, 49.864638601233096 ], [ 8.34400902576532, 49.881666426480919 ], [ 8.350111389173255, 49.901025487842944 ], [ 8.356478052800043, 49.916185827459685 ], [ 8.34969586582651, 49.931810710255959 ], [ 8.347050720485084, 49.941737972039633 ], [ 8.333938658765501, 49.962599795516013 ], [ 8.290159362436819, 49.993308081183159 ], [ 8.246037990242199, 50.026906018260945 ], [ 8.189710659092366, 50.035424596199007 ], [ 8.176648238374371, 50.034475284296789 ], [ 8.152821087703577, 50.028289593455405 ], [ 8.138170014851442, 50.025871859919043 ], [ 8.092627833073637, 50.010831985201037 ], [ 8.054326580876502, 50.00516818716882 ], [ 7.99172565655662, 49.98526448115134 ], [ 7.976660625284643, 49.980084246703917 ], [ 7.946345421688861, 49.974436751974196 ], [ 7.870425796505895, 49.972423135979689 ], [ 7.863021298758499, 49.983231734817444 ], [ 7.862861939215107, 50.008481354761273 ], [ 7.830637873921449, 50.021726751934999 ], [ 7.807164174373741, 50.036995331849425 ], [ 7.780458425231716, 50.050740273445307 ], [ 7.774300801225483, 50.067339649106437 ], [ 7.787891045695994, 50.068799394679388 ], [ 7.802153371235363, 50.084871793624934 ], [ 7.832444930261914, 50.08135677293717 ], [ 7.840367448327567, 50.08716487672941 ], [ 7.832011350648302, 50.094397615570436 ], [ 7.839485318382853, 50.109010786612103 ], [ 7.847916110091512, 50.127159119535264 ], [ 7.867247541941962, 50.123742368666782 ], [ 7.884627040093259, 50.11448432838742 ], [ 7.903117831884159, 50.121694098692849 ], [ 7.926501960644261, 50.102776640400329 ], [ 7.928232574956144, 50.144640045144435 ], [ 7.915524366700298, 50.150193951676933 ], [ 7.904044434102425, 50.157735789725514 ], [ 7.88467437383988, 50.168026158431793 ], [ 7.883002148794518, 50.180745223651726 ], [ 7.912503781696099, 50.196036686787373 ], [ 7.907283008742804, 50.201832297750499 ], [ 7.947208007864282, 50.210126837656759 ], [ 7.94497036029766, 50.216077330777637 ], [ 7.953803755186128, 50.220252714489099 ], [ 7.985212238878264, 50.227248357869961 ], [ 7.991254779329296, 50.23710574956398 ], [ 8.000380957344182, 50.22912248933995 ], [ 8.012125195129387, 50.217735053094884 ], [ 8.035435763486475, 50.215205119259878 ], [ 8.041162794142958, 50.225374892791194 ], [ 8.05638442715974, 50.236278330590451 ], [ 8.03785890709541, 50.249412493237536 ], [ 8.021377081686172, 50.25740263876731 ], [ 8.033859259771388, 50.264177816994113 ], [ 8.042809613709236, 50.27408168628768 ], [ 8.060648105530262, 50.272968448443841 ], [ 8.07376651343422, 50.271891724860673 ], [ 8.079497503201969, 50.261024631628132 ], [ 8.090667233952239, 50.264965189365199 ], [ 8.102792859360116, 50.259610943600727 ], [ 8.11184035587314, 50.270611360662457 ], [ 8.121603474667804, 50.277538852434859 ], [ 8.116558990137481, 50.302829289210187 ], [ 8.104497793269305, 50.307007263225245 ], [ 8.107351484179425, 50.322766691070591 ], [ 8.085529781390258, 50.330033813161371 ], [ 8.07611874837183, 50.332612866614582 ], [ 8.069857845461344, 50.356826334063435 ], [ 8.062220756017949, 50.36960224297794 ], [ 8.043315273592519, 50.385800341670205 ], [ 8.030308874999243, 50.381704560616434 ], [ 8.01505081235546, 50.384823750002731 ], [ 8.020391132597807, 50.389287338785365 ], [ 8.023348778068133, 50.399965195647972 ], [ 8.013876253671906, 50.401353450627077 ], [ 8.009745468977563, 50.396860946626795 ], [ 7.986486621103174, 50.399319713186628 ], [ 7.983792682952685, 50.406902888294795 ], [ 7.970462882057931, 50.406178347464284 ], [ 7.961762121556744, 50.418507711879244 ], [ 7.981091885240532, 50.419438714433035 ], [ 7.987704958460051, 50.42778487120632 ], [ 7.987334891794401, 50.434699946698707 ], [ 7.977225318857151, 50.43501893723171 ], [ 7.989840417245909, 50.443991495937524 ], [ 8.000826089925059, 50.445256862434547 ], [ 8.009951426961086, 50.449458465545653 ], [ 8.011238423517895, 50.46053500310537 ], [ 7.996767455460657, 50.46666426631424 ], [ 7.987343468314242, 50.473573380477511 ], [ 7.97822650460263, 50.485654933506247 ], [ 7.981940080285575, 50.495333202673855 ], [ 7.988530322701076, 50.497457652280119 ], [ 7.982970955507485, 50.510570544440569 ], [ 7.99594398961767, 50.51720908192614 ], [ 7.990818580257873, 50.525197659593722 ], [ 8.009630424469519, 50.529335921741129 ], [ 8.024778436903977, 50.541704070382643 ], [ 8.031664790308497, 50.551347859465778 ], [ 8.041063096147807, 50.556936557080327 ], [ 8.065821526346342, 50.548522032148 ], [ 8.070129516578312, 50.538746109934834 ], [ 8.105115755844315, 50.533581324478639 ], [ 8.122126417096293, 50.53791407316097 ], [ 8.111068522751012, 50.542680117854779 ], [ 8.119369167214762, 50.549342167065625 ], [ 8.136832804491979, 50.55134885326234 ], [ 8.131319604062099, 50.557546376637156 ], [ 8.143698720971638, 50.57853088256369 ], [ 8.151574876963371, 50.599433465348064 ], [ 8.123876065728922, 50.609732678961819 ], [ 8.138727449773, 50.618989067716534 ], [ 8.141142834181675, 50.631286792968844 ], [ 8.120349870037058, 50.649657331015561 ], [ 8.112317702073982, 50.652206628741482 ], [ 8.112147050393673, 50.6757930337277 ], [ 8.120413589319153, 50.678159942088847 ], [ 8.126323785202956, 50.685924298692278 ], [ 8.131718228784791, 50.696909567889882 ], [ 8.142693267736044, 50.695435318675088 ], [ 8.167404585149082, 50.734696030853883 ], [ 8.152818512597246, 50.759580398590757 ], [ 8.136643992271205, 50.7673176508751 ], [ 8.128358718521852, 50.788429714834578 ], [ 8.164474517274536, 50.802696613912531 ], [ 8.198019871887736, 50.834074429908917 ], [ 8.230498524475628, 50.850155807855131 ], [ 8.271205763943387, 50.882619130377897 ], [ 8.282947229562563, 50.883415227637947 ], [ 8.305623906252237, 50.861604891269636 ], [ 8.337447520534585, 50.865671945562219 ], [ 8.355744388925158, 50.861861526786377 ], [ 8.368266186309132, 50.86421632703582 ], [ 8.371838943642937, 50.87441728224109 ], [ 8.384863590166063, 50.875816292857529 ], [ 8.387210632226191, 50.891170064574446 ], [ 8.416270064395707, 50.908301532248558 ], [ 8.432523990032983, 50.917394905499258 ], [ 8.455500885030567, 50.916216964093408 ], [ 8.450138237105357, 50.9415952793589 ], [ 8.461767726203368, 50.949612373025673 ], [ 8.458128632021172, 50.965189118298767 ], [ 8.465412537799704, 50.968437371677155 ], [ 8.478768324668341, 50.969215690539521 ], [ 8.473905454214453, 50.975791785987141 ], [ 8.53864508857259, 51.019653136462694 ], [ 8.535337650352233, 51.02421398484551 ], [ 8.519077469895226, 51.043110866354418 ], [ 8.505571688154612, 51.040441470871357 ], [ 8.526890204965099, 51.059471373858464 ], [ 8.518918847479519, 51.070140986572738 ], [ 8.504745025428672, 51.073855083215243 ], [ 8.503104783038232, 51.080029262217387 ], [ 8.527027382929365, 51.096492952217645 ], [ 8.542911843782212, 51.096058279398832 ], [ 8.549986676722696, 51.10183794834758 ], [ 8.656299401360293, 51.094294930889475 ], [ 8.669664116448098, 51.100769282986001 ], [ 8.68913761254311, 51.109055930209365 ], [ 8.714566900565272, 51.10880848364669 ], [ 8.720227895473387, 51.115140827575757 ], [ 8.701859650055718, 51.116470474966256 ], [ 8.692383440983935, 51.132470146255798 ], [ 8.757716851750688, 51.176706333013279 ], [ 8.750277378940922, 51.180717140830708 ], [ 8.750332171547365, 51.198933355291288 ], [ 8.768491037671696, 51.208986067631372 ], [ 8.741580895554605, 51.218097520956221 ], [ 8.727339712024708, 51.250110645768316 ], [ 8.734964193450031, 51.263725229717359 ], [ 8.721527076726405, 51.268462868045553 ], [ 8.721210462519251, 51.274811816111388 ], [ 8.693974744071474, 51.276717227239239 ], [ 8.682025813281388, 51.268981697426796 ], [ 8.628098752293493, 51.260806738062264 ], [ 8.625748312098997, 51.253344190302577 ], [ 8.597660094863661, 51.246897387710014 ], [ 8.567317822695808, 51.270485055532149 ], [ 8.556302501935686, 51.277548000263167 ], [ 8.573632626362055, 51.291832874416315 ], [ 8.620946637961472, 51.336597869375197 ], [ 8.636810311728752, 51.343429224112874 ], [ 8.655338364661095, 51.340691246312851 ], [ 8.653840195363314, 51.349691018296468 ], [ 8.682798098651517, 51.361519437179304 ], [ 8.676420845411, 51.370816162813618 ], [ 8.700880118623203, 51.377385043642448 ], [ 8.731009001148994, 51.372082993172405 ], [ 8.804181719460063, 51.390755666953289 ], [ 8.823434336817927, 51.390168023332812 ], [ 8.854331676222902, 51.377664164524539 ], [ 8.890471239469559, 51.392761182275109 ], [ 8.937544059694003, 51.389553992791392 ], [ 8.950235213279603, 51.425206981274108 ], [ 8.94513251852459, 51.430149446723632 ], [ 8.919522936016806, 51.43055460019869 ], [ 8.920975357253472, 51.445683026923724 ], [ 8.890696729127678, 51.481987049966001 ], [ 8.969678844602438, 51.50582476624627 ], [ 9.019421412697584, 51.518359379810136 ], [ 9.038721388951814, 51.502445420783076 ], [ 9.061203480346759, 51.49861895108419 ], [ 9.079076710551462, 51.503847921814049 ], [ 9.09452383703376, 51.49567391250558 ], [ 9.079005060783459, 51.463795799821781 ], [ 9.087037053720532, 51.462128830915709 ], [ 9.089605918864649, 51.446025682761601 ], [ 9.113750844646145, 51.44424304163325 ], [ 9.138676500287712, 51.449969836253302 ], [ 9.1570044418454, 51.442828123086294 ], [ 9.17501603624517, 51.463341092136098 ], [ 9.185762827829116, 51.466340959744826 ], [ 9.215122430493675, 51.459124773875914 ], [ 9.218858187116634, 51.468970602288437 ], [ 9.217185409619928, 51.481183335053728 ], [ 9.226321845559527, 51.489488627033261 ], [ 9.241360326626719, 51.4976944077901 ], [ 9.263577684808224, 51.498658534423917 ], [ 9.268849471822479, 51.506883750765908 ], [ 9.282917600682303, 51.514111148055576 ], [ 9.307615502819536, 51.512627101428507 ], [ 9.320423282575197, 51.552727464085763 ], [ 9.372667716429854, 51.591122536289603 ], [ 9.336578624371079, 51.611835283105393 ], [ 9.370460752128933, 51.619694971582625 ], [ 9.376971574704873, 51.627080839011647 ], [ 9.398573697618426, 51.62627653701071 ], [ 9.429630274137047, 51.63282404593167 ], [ 9.443588963635314, 51.647651966178387 ], [ 9.465929042505079, 51.655056074446591 ], [ 9.465966835209942, 51.655031141399689 ], [ 9.488801124662878, 51.656782366750242 ], [ 9.493864180656805, 51.632004614943064 ], [ 9.509355269387614, 51.62530724656515 ], [ 9.531681834781391, 51.632046625137029 ], [ 9.54988806784073, 51.639178997603658 ], [ 9.563232216358712, 51.625723529106658 ], [ 9.58243916367406, 51.624708936687554 ], [ 9.592780170384289, 51.628566388192318 ], [ 9.613923471029374, 51.632017402805857 ], [ 9.624458126034179, 51.637361396716287 ], [ 9.630773087142499, 51.633737316900913 ], [ 9.637572198449174, 51.608973828672738 ], [ 9.684987656586761, 51.582634929066614 ], [ 9.683683715074997, 51.566665398540017 ], [ 9.672458919149959, 51.568701479097783 ], [ 9.635544764142223, 51.583836708652456 ], [ 9.627815995298176, 51.581812404364307 ], [ 9.629386776910927, 51.565269542367488 ], [ 9.647747365629526, 51.552169021361813 ], [ 9.627741817677308, 51.548566850820677 ], [ 9.609223319767725, 51.555092105698435 ], [ 9.614790224350493, 51.54372608075704 ], [ 9.622362616710108, 51.539323975256529 ], [ 9.617917074480481, 51.527413399884615 ], [ 9.590078647780985, 51.518804347047912 ], [ 9.62088966299126, 51.479193962543768 ], [ 9.642191262375878, 51.471190600022361 ], [ 9.640937536368151, 51.464280581385481 ], [ 9.627533609475877, 51.444378605017413 ], [ 9.640112442694582, 51.415500769355859 ], [ 9.630032904368953, 51.406734064520705 ], [ 9.611418767705098, 51.408997819032621 ], [ 9.602686801612117, 51.401798681144619 ], [ 9.595151098027451, 51.398265635391027 ], [ 9.57930568070041, 51.40159761475126 ], [ 9.570616263376637, 51.390264369576414 ], [ 9.559521177622143, 51.377255636728421 ], [ 9.576272413441391, 51.369992565929763 ], [ 9.566948251855065, 51.36123622381578 ], [ 9.542860104055363, 51.362682222226105 ], [ 9.553358088433157, 51.354475558751048 ], [ 9.568024766543873, 51.339299643162619 ], [ 9.581167882793604, 51.341508691297143 ], [ 9.603935435474162, 51.32579934585133 ], [ 9.630819763418602, 51.325779633982449 ], [ 9.626945908308597, 51.312055933670464 ], [ 9.636493429209221, 51.311209209433635 ], [ 9.638922897843649, 51.316599404406126 ], [ 9.662217595856058, 51.313170129217937 ], [ 9.668880036466156, 51.317896222293612 ], [ 9.688316649386602, 51.307195083622986 ], [ 9.730711274357937, 51.294773748462639 ], [ 9.76785602775289, 51.306714993450328 ], [ 9.77258822368093, 51.323389583099271 ], [ 9.769695297824523, 51.335583701522239 ], [ 9.740921537175131, 51.319484736931386 ], [ 9.727006319586328, 51.340742086248 ], [ 9.707240941159672, 51.356526667070618 ], [ 9.703496892931806, 51.365282771824788 ], [ 9.733280203619923, 51.368576044790665 ], [ 9.765774200603049, 51.386931124710536 ], [ 9.79914317757415, 51.385434406474978 ], [ 9.793400427435452, 51.407326168866746 ], [ 9.80337705581716, 51.410561161914814 ], [ 9.820868611300789, 51.412452078193155 ], [ 9.839511590486161, 51.402007053863052 ], [ 9.839387941620961, 51.384578889056762 ], [ 9.84913927953404, 51.374232584655388 ], [ 9.868317475979042, 51.373086665060526 ], [ 9.85576427144148, 51.385677494040152 ], [ 9.854552724843392, 51.413345752200676 ], [ 9.867150568428675, 51.413545557215144 ], [ 9.879863636860748, 51.405208439482692 ], [ 9.883930848501491, 51.415079254807353 ], [ 9.906512319664365, 51.421577467895176 ], [ 9.914777541110805, 51.41179398004855 ], [ 9.906803997432947, 51.407271326626699 ], [ 9.927897927596888, 51.395369338234772 ], [ 9.928416205254226, 51.37566171214231 ], [ 9.924694571339765, 51.359968484763691 ], [ 9.925171524619866, 51.353541735132936 ], [ 9.929480578289519, 51.340349424885893 ], [ 9.950026918210826, 51.329161036455218 ], [ 9.946799907082477, 51.320894223940016 ], [ 9.94058855123888, 51.306269968759977 ], [ 9.959429054357551, 51.305048358114504 ], [ 9.976275997802304, 51.292387086865119 ], [ 9.971786275179301, 51.28562340163073 ], [ 9.984216891198303, 51.283843309318961 ], [ 10.004995713250525, 51.285202995054277 ], [ 10.026690483106448, 51.277634455830103 ], [ 10.057394751879096, 51.277385094846395 ], [ 10.058972953121099, 51.270542679855573 ], [ 10.045889532411804, 51.263980683905537 ], [ 10.046647947013875, 51.253933735692577 ], [ 10.061803030448127, 51.252407883168765 ], [ 10.075710972039808, 51.24401594417543 ], [ 10.06788738721094, 51.227337212034683 ], [ 10.097159543671063, 51.222054930769382 ], [ 10.111274638837674, 51.223618289031016 ], [ 10.11358529895762, 51.216067792540017 ], [ 10.137704790110863, 51.221257983177942 ], [ 10.149129996195127, 51.20723912435286 ], [ 10.170440669125593, 51.211089640480658 ], [ 10.202812019785719, 51.192493197896958 ], [ 10.235519404869812, 51.185989879795009 ], [ 10.228792430699427, 51.173495322102056 ], [ 10.207367940836152, 51.164823742501753 ], [ 10.201117266047184, 51.15117310071799 ], [ 10.208832197165817, 51.143036561675736 ], [ 10.209488147619275, 51.118304588201148 ], [ 10.198455143742223, 51.112527573012372 ], [ 10.177678721575218, 51.128838014596077 ], [ 10.185713324688873, 51.133241596054582 ], [ 10.182742222886029, 51.141097221095151 ], [ 10.168273223078053, 51.152841794168197 ], [ 10.146353137666578, 51.145031452823176 ], [ 10.128941693855351, 51.145716395625186 ], [ 10.120322115081303, 51.139786460191026 ], [ 10.15393394436841, 51.118540120091964 ], [ 10.170541721047728, 51.119064994391152 ], [ 10.178348465128124, 51.108980741123339 ], [ 10.16081371199553, 51.107240192765147 ], [ 10.165584202681128, 51.09903846192681 ], [ 10.156980687256961, 51.096316053381294 ], [ 10.146138584724792, 51.085442389812592 ], [ 10.155676323379028, 51.070733156149913 ], [ 10.144248630429127, 51.065543355535056 ], [ 10.146268809528934, 51.055301418573919 ], [ 10.182008518174657, 51.048098396650929 ], [ 10.215075026809629, 51.025861238425733 ], [ 10.208695314950418, 51.019060794570251 ], [ 10.196291400149889, 51.021546784068256 ], [ 10.192405646122939, 51.015937008523942 ], [ 10.20209939022835, 51.013025810968045 ], [ 10.196118066101482, 51.000910969522643 ], [ 10.183832738920779, 50.998419334210055 ], [ 10.145650194071269, 50.993377035771843 ], [ 10.132388498912878, 50.99664958671891 ], [ 10.132869851143436, 51.004947480036094 ], [ 10.12117603258762, 51.010972863434418 ], [ 10.103789405964962, 51.004475164428762 ], [ 10.074688111149177, 51.011748403972071 ], [ 10.031883578760887, 51.010513640414771 ], [ 10.021095473834649, 50.993104469748978 ], [ 10.020243305053732, 50.980378353336782 ], [ 10.040431463919932, 50.968295002414216 ], [ 10.033002372590161, 50.960302556909696 ], [ 10.044166802659097, 50.954893292838527 ], [ 10.043568413215342, 50.947792784726957 ], [ 10.063302543881408, 50.946066503949154 ], [ 10.048977288039239, 50.939356105556499 ], [ 10.029357334024658, 50.938999484943118 ], [ 10.024824988740146, 50.943684055713149 ], [ 10.012564366649155, 50.935250317054617 ], [ 9.985537013454561, 50.942169378294373 ], [ 9.95367221907798, 50.941324240649834 ], [ 9.951414201231469, 50.927321041881406 ], [ 9.95615775976918, 50.923447302281531 ], [ 9.966857038095641, 50.931890494361284 ], [ 9.987915283606325, 50.931294291626052 ], [ 9.968556682556187, 50.911243766900391 ], [ 9.979838859189353, 50.905252559830025 ], [ 10.004020876368291, 50.921897664736505 ], [ 10.025346887870647, 50.911990232449035 ], [ 10.05142052693771, 50.900171832331594 ], [ 10.041620229399603, 50.892629557964796 ], [ 10.058344781743251, 50.890219941533687 ], [ 10.054126896399517, 50.880576340270132 ], [ 10.022446470013037, 50.865511536581884 ], [ 10.021457486483682, 50.84878350278855 ], [ 10.035422634840465, 50.853671967347765 ], [ 10.037950035458621, 50.845359175532039 ], [ 10.026338526418217, 50.84120944197285 ], [ 10.023562665092925, 50.831957428908886 ], [ 10.006779529847885, 50.837999308353403 ], [ 9.996898686259382, 50.826320334914556 ], [ 9.975255958394571, 50.832692397130046 ], [ 9.950445986424969, 50.817777773889446 ], [ 9.957149264444498, 50.809315406315676 ], [ 9.94363420838887, 50.797073741938178 ], [ 9.951478639757095, 50.780346832392055 ], [ 9.945369164226181, 50.771920307442656 ], [ 9.930118068120816, 50.777203043634621 ], [ 9.925814625066748, 50.767270701077614 ], [ 9.921257925540189, 50.758873203648896 ], [ 9.930100956690053, 50.757541790432377 ], [ 9.938573110576282, 50.75639182317007 ], [ 9.940857843114436, 50.742376850462591 ], [ 9.934587140559817, 50.724651728424263 ], [ 9.907560121356937, 50.703501400532772 ], [ 9.923573496984927, 50.694121136214761 ], [ 9.894860453739296, 50.683828866372217 ], [ 9.880401219962639, 50.669569348553061 ], [ 9.879115551228283, 50.634490894247058 ], [ 9.907267500529684, 50.640271330784017 ], [ 9.928969936347105, 50.630104983559306 ], [ 9.960735017354333, 50.629582689009709 ], [ 9.968930405279247, 50.641632730852166 ], [ 9.949044458587325, 50.663683386544413 ], [ 9.960451051978167, 50.668910903089653 ], [ 9.973984796076786, 50.665891023020301 ], [ 9.999999399251713, 50.676448773331927 ], [ 10.054390498469036, 50.672966858347706 ], [ 10.069773648487542, 50.656508357127677 ], [ 10.073117319894182, 50.649136834483933 ], [ 10.077368305860421, 50.637752001748048 ], [ 10.081725173512737, 50.619206105674635 ], [ 10.058717164705085, 50.626550732976149 ], [ 10.035477702124213, 50.60660312033194 ], [ 10.048797502997855, 50.598617439237643 ], [ 10.052271813698198, 50.562318138633486 ], [ 10.062016335922847, 50.556247205677593 ], [ 10.04939148731644, 50.539876676469191 ], [ 10.041550181583482, 50.533187443402078 ], [ 10.041400563664379, 50.516738946852321 ], [ 10.039185239762485, 50.502351702456508 ], [ 10.030829270360604, 50.47978535643341 ], [ 10.018469660783808, 50.467130771967312 ], [ 9.998470027940392, 50.462502819350718 ], [ 9.986984821813243, 50.44699236757782 ], [ 9.9590550779095, 50.4238126385074 ], [ 9.934432123517322, 50.419411319626739 ], [ 9.882419809467663, 50.399294690876502 ], [ 9.870018830265284, 50.409718955021049 ], [ 9.859780225208727, 50.397479318917256 ], [ 9.807942278018983, 50.412322643276376 ], [ 9.808464108887879, 50.421355211816262 ], [ 9.789302528356913, 50.425103104339016 ], [ 9.78040789873431, 50.418200379967672 ], [ 9.764649561306632, 50.42515342429062 ], [ 9.753422838109847, 50.416305729252066 ], [ 9.759329325067664, 50.403669855164893 ], [ 9.753214626854257, 50.384464603358872 ], [ 9.743171219913823, 50.362317873236726 ], [ 9.732243644998189, 50.356162757433317 ], [ 9.743142127032979, 50.346643203558457 ], [ 9.74800294985789, 50.325317017396493 ], [ 9.745399558273583, 50.310225326907684 ], [ 9.728545567415434, 50.296076508317846 ], [ 9.714263657552968, 50.292497416582314 ], [ 9.703340483850678, 50.280616772707006 ], [ 9.653718487999249, 50.271502409856218 ], [ 9.642125662587718, 50.256025743174483 ], [ 9.639241136090027, 50.248939614434143 ], [ 9.666814102154319, 50.239488440370671 ], [ 9.663654222414205, 50.233337806649757 ], [ 9.634577716067689, 50.234094185608065 ], [ 9.629393018408678, 50.231018520956162 ], [ 9.621645224127935, 50.225603268433787 ], [ 9.582540517039572, 50.220663123899968 ], [ 9.573721238524765, 50.232634761648114 ], [ 9.543199187151039, 50.224783212678879 ], [ 9.533835675423994, 50.234089748736793 ], [ 9.517038551057796, 50.233650000850091 ], [ 9.501383505217545, 50.242224973361616 ], [ 9.494427944444654, 50.227569033403007 ], [ 9.50222788074008, 50.212268257682794 ], [ 9.51720394857831, 50.194761061127522 ], [ 9.501203537211198, 50.193093180286155 ], [ 9.496544282948719, 50.170193639638256 ], [ 9.532492805355719, 50.166247889378354 ], [ 9.522695474182358, 50.149207454783543 ], [ 9.508996309144367, 50.147932576757 ], [ 9.52044112419339, 50.10563135303294 ], [ 9.514002198465091, 50.097147032586861 ], [ 9.462196091356388, 50.090924439502565 ], [ 9.422053929029735, 50.08523668607495 ], [ 9.404646888256382, 50.088433174555369 ], [ 9.376087389424319, 50.129071120523044 ], [ 9.341034331519518, 50.131447805730353 ], [ 9.331945074195957, 50.139543906373682 ], [ 9.321188535135766, 50.139180530914437 ], [ 9.307336336103582, 50.133234024183572 ], [ 9.283596210436853, 50.14182956399582 ], [ 9.273357582593109, 50.140636921164273 ], [ 9.260379239825369, 50.13912374078663 ], [ 9.235898714865588, 50.146173253860013 ], [ 9.213317487561261, 50.146549909497232 ], [ 9.205127110354587, 50.14340178020764 ], [ 9.183330894162442, 50.138685808564126 ], [ 9.191398692412452, 50.12896979488292 ], [ 9.172498208871755, 50.118097476663145 ], [ 9.162174996394135, 50.09786550151442 ], [ 9.149747164708721, 50.091147329690891 ], [ 9.144440769720122, 50.095572012857424 ], [ 9.154942864437318, 50.117298397111036 ], [ 9.144910539181906, 50.113805397423661 ], [ 9.117259817318986, 50.126666651890993 ], [ 9.098449942198803, 50.126077722420277 ], [ 9.092831488546626, 50.117792720418912 ], [ 9.071796583669407, 50.117782384865187 ], [ 9.036808460441675, 50.11387123789661 ], [ 9.028256186862006, 50.112390245980443 ], [ 9.003204701374155, 50.097446740388698 ], [ 8.998892046827192, 50.069517311697048 ], [ 8.991650022578378, 50.067772332624067 ], [ 8.988566400855568, 50.063005259101438 ], [ 8.982299881241239, 50.055265877512653 ], [ 8.980116870810107, 50.043950080550964 ], [ 9.02354351243102, 50.043037551062682 ], [ 9.032615263961427, 50.037322701150892 ], [ 9.030789547851091, 50.025361174690218 ], [ 9.040024808050022, 50.009989077527351 ], [ 9.033736197315651, 50.002025404409999 ], [ 9.046685536021386, 49.99317862822587 ], [ 9.040524915851625, 49.989752879840971 ], [ 9.024267196493467, 49.996296977733593 ], [ 9.013900921971231, 49.989431188723287 ], [ 9.026960691545234, 49.955450030000684 ], [ 9.022116357450841, 49.950107232235489 ], [ 9.031855746814205, 49.924827384693849 ], [ 9.023789127083059, 49.90991115876853 ], [ 9.031439943282505, 49.909434191407087 ], [ 9.037519890097968, 49.878071096650388 ], [ 9.049735316191905, 49.866106352524845 ], [ 9.033875316416474, 49.862259467803725 ], [ 9.042715764631115, 49.854858375160298 ], [ 9.036838513097736, 49.845937292014121 ], [ 9.041766727890973, 49.839971572691837 ], [ 9.057989379226013, 49.847800263032305 ], [ 9.054439590708736, 49.839143591670961 ], [ 9.066567686950348, 49.831909412940988 ], [ 9.084872400602206, 49.846959237499874 ], [ 9.088994090931905, 49.840306618803268 ], [ 9.078599388853648, 49.834292130507009 ], [ 9.087128436440665, 49.82629988305073 ], [ 9.076797138646871, 49.817811429518414 ], [ 9.087310288165357, 49.79870331282978 ], [ 9.094129964032931, 49.789898351696344 ], [ 9.107900726096512, 49.798085480742259 ], [ 9.130786641261833, 49.795520225400651 ], [ 9.134435375589046, 49.782687690111985 ], [ 9.114173622571055, 49.774100823211505 ], [ 9.10631272750182, 49.758797562625503 ], [ 9.128174040651201, 49.755582695535807 ], [ 9.149286825587957, 49.742832627621212 ], [ 9.141674758591201, 49.730117423663245 ], [ 9.135631540559757, 49.724466078036706 ], [ 9.131967799593372, 49.714776007196271 ], [ 9.121039391701951, 49.714544646550124 ], [ 9.132163191447958, 49.704200699461495 ], [ 9.106884314920519, 49.697147129097416 ], [ 9.089994351970628, 49.69430651244641 ], [ 9.089235758652327, 49.669108230094842 ], [ 9.103143633459853, 49.660364218535619 ], [ 9.102127332868992, 49.642058802194896 ], [ 9.066078684894867, 49.618443501332308 ], [ 9.067171714449513, 49.602246650694489 ], [ 9.084564704390091, 49.599766254142899 ], [ 9.102948472099769, 49.577536279706372 ], [ 9.100455991290248, 49.560580676300241 ], [ 9.073896860686679, 49.571130552357289 ], [ 9.08619136599849, 49.542046165451431 ], [ 9.115101609734477, 49.533930055666964 ], [ 9.126361153207393, 49.516855179427374 ], [ 9.106668756915296, 49.509235900205645 ], [ 9.099951637057458, 49.525834373732081 ], [ 9.08376734553959, 49.525776555792923 ], [ 9.062692331815001, 49.528398591173136 ], [ 9.033496384536749, 49.49776384069299 ], [ 8.992298929725672, 49.503105652100444 ], [ 8.986016344505913, 49.509976909710446 ], [ 8.967308106839393, 49.501293461788869 ], [ 8.951914335137545, 49.505231446891933 ], [ 8.957365337918738, 49.495147426619504 ], [ 8.931201860115447, 49.469835568248314 ], [ 8.951223594836005, 49.452422494206175 ], [ 8.92828689545483, 49.448002182124647 ], [ 8.92427822640192, 49.439137095585586 ], [ 8.907752609413929, 49.436754697829052 ], [ 8.90326747187402, 49.443145345912093 ], [ 8.897439313664762, 49.425001378513961 ], [ 8.886069330275831, 49.415039591764746 ], [ 8.850087053340575, 49.394822919766199 ], [ 8.834123942635379, 49.406717161351231 ], [ 8.823463421062979, 49.394924665969683 ], [ 8.814456470810484, 49.397417646063332 ], [ 8.801872873820678, 49.410563720040692 ], [ 8.806505239240558, 49.419190588275725 ], [ 8.832341617820143, 49.424668758488615 ], [ 8.832479771133762, 49.453380734931933 ], [ 8.824754858769294, 49.462969090802012 ], [ 8.826819500982184, 49.470657167931236 ], [ 8.851826358215343, 49.483856610731927 ], [ 8.866211398255329, 49.474320876935025 ], [ 8.867713642122633, 49.464678713960765 ], [ 8.899519591523408, 49.48416522257903 ], [ 8.898301330646527, 49.502836870234049 ] ] ] ] } },
{ "type": "Feature", "properties": { "NUTS_LEVEL": 1, "NUTS_CODE": "DE8", "NUTS_NAME": "Mecklenburg-Vorpommern" }, "geometry": { "type": "MultiPolygon", "coordinates": [ [ [ [ 11.51667686047004, 54.038441616010431 ], [ 11.509703380841822, 54.039001937195941 ], [ 11.510612874098863, 54.057148874645215 ], [ 11.522548972135414, 54.067859440228972 ], [ 11.51667686047004, 54.038441616010431 ] ] ], [ [ [ 13.523587710553667, 54.309939616424643 ], [ 13.517547059089475, 54.316091835979641 ], [ 13.540911745571542, 54.332836389908714 ], [ 13.545898614207061, 54.324232630315826 ], [ 13.523587710553667, 54.309939616424643 ] ] ], [ [ [ 13.392633976915457, 54.539646990804506 ], [ 13.356011555654135, 54.54845168865338 ], [ 13.373401012626314, 54.560364907651639 ], [ 13.392633976915457, 54.539646990804506 ] ] ], [ [ [ 13.046502959641129, 54.444449840620706 ], [ 13.007801695398742, 54.442556738709435 ], [ 12.97991413458675, 54.433353400575477 ], [ 12.929941702223999, 54.432159911041076 ], [ 12.926416495052196, 54.437876145093313 ], [ 12.931514424958603, 54.443503636822861 ], [ 13.039358977123323, 54.450972959258657 ], [ 13.047700789749605, 54.459884029166332 ], [ 13.058677229047305, 54.451604424452135 ], [ 13.046502959641129, 54.444449840620706 ] ] ], [ [ [ 13.200485767670694, 54.485317203871062 ], [ 13.218728969130272, 54.485681090625135 ], [ 13.22391830554052, 54.471204235881494 ], [ 13.187899380852837, 54.465472834222773 ], [ 13.186064832790283, 54.457958595394899 ], [ 13.163159243324618, 54.457002227449394 ], [ 13.159535419569325, 54.450234837509562 ], [ 13.121309001185613, 54.442512053023719 ], [ 13.157563487812585, 54.487791131368532 ], [ 13.186714354064403, 54.493524973753743 ], [ 13.200485767670694, 54.485317203871062 ] ] ], [ [ [ 13.148188592071348, 54.598072931872544 ], [ 13.15795918018247, 54.573393054130278 ], [ 13.144356284527509, 54.573930358642166 ], [ 13.133752185883214, 54.591527160949902 ], [ 13.125130392078724, 54.584335531393407 ], [ 13.111171524569752, 54.583402852294398 ], [ 13.118775463067596, 54.574767095811808 ], [ 13.109971735510152, 54.568078072623805 ], [ 13.116235989137651, 54.549218994274995 ], [ 13.124699042814621, 54.549211188802936 ], [ 13.125209977911648, 54.543570572868418 ], [ 13.095822179098128, 54.526740565436057 ], [ 13.07193555626154, 54.463629618287015 ], [ 13.059477219098417, 54.464105638210015 ], [ 13.064506606702269, 54.490003178058871 ], [ 13.098223070456092, 54.557901195900143 ], [ 13.098507181804889, 54.590516363134235 ], [ 13.127206490944483, 54.604752194563176 ], [ 13.144414934513732, 54.603576621491932 ], [ 13.148188592071348, 54.598072931872544 ] ] ], [ [ [ 11.496410132523799, 54.01636646158039 ], [ 11.488910251236595, 53.999006513513862 ], [ 11.48155210515552, 54.008011282351433 ], [ 11.480409161001516, 53.982446562341792 ], [ 11.454235235951849, 53.957254924593414 ], [ 11.441620156105698, 53.964115001719883 ], [ 11.446040059326839, 53.997021353370187 ], [ 11.429032132986634, 53.985929818459546 ], [ 11.428564443075599, 53.960547883252467 ], [ 11.394352127582851, 53.974586599135421 ], [ 11.388741651067928, 53.968491476209337 ], [ 11.406165686187892, 53.965651895551069 ], [ 11.383198021989617, 53.969339311580363 ], [ 11.376223818363655, 53.995150736660435 ], [ 11.401174325806231, 54.008096475933598 ], [ 11.457004984537557, 54.0240140968791 ], [ 11.483587578753303, 54.023950488478874 ], [ 11.493548645489875, 54.032198458373713 ], [ 11.499807244988478, 54.029825580962807 ], [ 11.492616278050434, 54.023307241582096 ], [ 11.496410132523799, 54.01636646158039 ] ] ], [ [ [ 13.915999203394692, 54.062005504514197 ], [ 13.910783154355704, 54.046539241224657 ], [ 13.934770273103979, 54.028083572222016 ], [ 13.925022870749737, 54.016267044479555 ], [ 13.916493526128438, 54.020780791726509 ], [ 13.919982568316959, 54.028722096625188 ], [ 13.911432252001651, 54.029696827327555 ], [ 13.898476889074043, 54.012820988237841 ], [ 13.855029452802979, 54.001589205820814 ], [ 13.853012363540383, 54.013772462858007 ], [ 13.86679789175402, 54.034575095978909 ], [ 13.87829718882201, 54.035783014074148 ], [ 13.874196345526304, 54.043462400185724 ], [ 13.859761473439695, 54.047612590968228 ], [ 13.848248916887384, 54.046717081507353 ], [ 13.81031864306363, 54.030898980727379 ], [ 13.798257075863836, 54.018019118210212 ], [ 13.772242551297717, 54.019139507912278 ], [ 13.767046523390126, 54.031231927482423 ], [ 13.774960362062941, 54.038431029358172 ], [ 13.783710895838148, 54.037672126926807 ], [ 13.79196344916757, 54.049941976381056 ], [ 13.800308879241143, 54.063130084101822 ], [ 13.813269235101846, 54.100225231018506 ], [ 13.810164528364735, 54.109434297919378 ], [ 13.792524188565876, 54.113301147737275 ], [ 13.774916415276536, 54.132806916961378 ], [ 13.755357382474902, 54.138607027732689 ], [ 13.749111551955513, 54.158281274043794 ], [ 13.759341680827234, 54.167588762468384 ], [ 13.788521921020438, 54.174367804070116 ], [ 13.813239215465519, 54.16901497711936 ], [ 13.83793682529574, 54.126278413872086 ], [ 13.863276461696085, 54.106747426642883 ], [ 13.900528838653813, 54.087695869853199 ], [ 13.936406322103515, 54.075592808150809 ], [ 13.969129288161165, 54.069890052951912 ], [ 14.025423138131316, 54.047142386533565 ], [ 14.047972912972918, 54.031849277412434 ], [ 14.112837239433286, 53.995555805076286 ], [ 14.177476599974122, 53.951568259561682 ], [ 14.226316992896521, 53.928624879348142 ], [ 14.207646479724099, 53.915867454370705 ], [ 14.190056814085628, 53.914100366646835 ], [ 14.204196885799673, 53.907230821308566 ], [ 14.213704488945229, 53.889468681993144 ], [ 14.214243659712118, 53.866058028869446 ], [ 14.187483902224763, 53.872961933626179 ], [ 14.151234978517857, 53.871382777708028 ], [ 14.132855022037631, 53.871620218056968 ], [ 14.038120885663151, 53.874424258744043 ], [ 13.98430686080248, 53.849189168738995 ], [ 13.944668864805267, 53.844169981470664 ], [ 13.92803588706121, 53.845420400633031 ], [ 13.930076161841878, 53.85023252867942 ], [ 13.952615877222113, 53.852635782198504 ], [ 13.952784354501542, 53.862092812931074 ], [ 13.929186153737996, 53.873051866239024 ], [ 13.914267640728541, 53.845663964865217 ], [ 13.899308563485015, 53.840573250329136 ], [ 13.826236811893146, 53.850706004086426 ], [ 13.823100571480229, 53.856692022235983 ], [ 13.833831462661573, 53.868275403675824 ], [ 13.896493199115385, 53.878805230913031 ], [ 13.923815559406785, 53.890627690629813 ], [ 13.937795535118541, 53.913559852719722 ], [ 13.921675100585951, 53.949406439796782 ], [ 13.8957294443692, 53.965159764472666 ], [ 13.900086855765732, 53.98240391777837 ], [ 13.909208211980895, 53.990912653565239 ], [ 13.944645864522689, 53.994452540652276 ], [ 13.963911960512227, 53.98997139645806 ], [ 13.964044502068999, 53.972936880780111 ], [ 13.97189341725154, 53.969814018188323 ], [ 13.950605389676042, 53.958940375407678 ], [ 13.958470062490068, 53.934829810222048 ], [ 13.970048762450807, 53.950783895068 ], [ 13.964803494922119, 53.957826959670157 ], [ 13.98470423026953, 53.958998440551966 ], [ 14.024457268291297, 53.962196611877594 ], [ 14.010973558321462, 53.950113690764837 ], [ 14.039511460446631, 53.940835378421021 ], [ 14.037061526672197, 53.951135124522459 ], [ 14.047751399903754, 53.982964788419622 ], [ 14.042911601415566, 54.00511566682966 ], [ 14.029053696632504, 54.018050970883301 ], [ 14.015756927398506, 54.020352174788407 ], [ 14.018141744931864, 54.014188398495556 ], [ 14.004641914007092, 54.01094462497668 ], [ 13.9982623638275, 54.035518432972509 ], [ 13.969705384262188, 54.062061240515845 ], [ 13.951373034139058, 54.059310966909855 ], [ 13.924894098191324, 54.06316373090057 ], [ 13.915999203394692, 54.062005504514197 ] ] ], [ [ [ 13.238475144000772, 54.404104363112367 ], [ 13.236322816273599, 54.411222109598746 ], [ 13.220080030373946, 54.414196719588318 ], [ 13.21047792494131, 54.430179006186918 ], [ 13.150880055656621, 54.421995796422095 ], [ 13.171047938781623, 54.449369375714376 ], [ 13.190335754557234, 54.453314665270533 ], [ 13.200082336496537, 54.448880877756785 ], [ 13.205812779913225, 54.459762870863258 ], [ 13.252318088999866, 54.463841443414083 ], [ 13.236007138512194, 54.468195465999869 ], [ 13.258772892368937, 54.476257755304275 ], [ 13.253693767011431, 54.486188905758453 ], [ 13.231030637531289, 54.485472088196225 ], [ 13.227464161774614, 54.510877592538655 ], [ 13.19994741390321, 54.503438202874946 ], [ 13.170006203356186, 54.506917366876934 ], [ 13.161560839126498, 54.501317278753113 ], [ 13.152761151633158, 54.50580750576578 ], [ 13.155109903685924, 54.512346177025627 ], [ 13.164075678947723, 54.512907054206444 ], [ 13.157226240255431, 54.538261829575355 ], [ 13.13962389134374, 54.540633661651533 ], [ 13.143352208880728, 54.546214468645815 ], [ 13.212673143459904, 54.550279137061878 ], [ 13.242278147507299, 54.554832323417713 ], [ 13.286707440477677, 54.542731400829162 ], [ 13.295240044787192, 54.536183167997507 ], [ 13.287243634330711, 54.523002210231525 ], [ 13.302674116260912, 54.514333540456725 ], [ 13.312038217534564, 54.523135502916418 ], [ 13.30286890267179, 54.527669060651554 ], [ 13.30704856579567, 54.538634284578649 ], [ 13.297350480495512, 54.552377335906066 ], [ 13.355963530788317, 54.580997652583413 ], [ 13.370295217453698, 54.577951565122959 ], [ 13.342183471061555, 54.54746319363359 ], [ 13.358459344880231, 54.53784500371296 ], [ 13.343956788270921, 54.523795485413309 ], [ 13.349543864980848, 54.518414382198088 ], [ 13.373793738961531, 54.521784674320521 ], [ 13.392633976915457, 54.539646990804506 ], [ 13.414545944351753, 54.518746074463124 ], [ 13.406444731283546, 54.506113063322012 ], [ 13.417414571378552, 54.491256928836563 ], [ 13.442559206047482, 54.485987858542167 ], [ 13.450108241482916, 54.471724599656234 ], [ 13.48075243739744, 54.484031756260286 ], [ 13.499050237413144, 54.481352191871608 ], [ 13.471536815175012, 54.458203254182067 ], [ 13.474710915942934, 54.45150678570598 ], [ 13.505741876612204, 54.452271527610861 ], [ 13.512967118668403, 54.443213036216328 ], [ 13.503987913900712, 54.435637362193013 ], [ 13.488530445352843, 54.434717934795323 ], [ 13.492699618266439, 54.444209641866543 ], [ 13.479256542785635, 54.442916469486462 ], [ 13.475200489944354, 54.426373804262205 ], [ 13.534520693163236, 54.416477415569631 ], [ 13.541538881943893, 54.426362748105845 ], [ 13.520470787659663, 54.433320710494968 ], [ 13.546692314210571, 54.434383760154297 ], [ 13.55603307469247, 54.437935562712227 ], [ 13.553176435147572, 54.445651128186704 ], [ 13.524346308714382, 54.448484318896547 ], [ 13.546577575985243, 54.456916197117671 ], [ 13.547908913432536, 54.473452109653195 ], [ 13.52704536066706, 54.479470907468247 ], [ 13.503207189709547, 54.479025192397948 ], [ 13.500455068210373, 54.493025449120914 ], [ 13.512488293846955, 54.509171143546347 ], [ 13.507486320114793, 54.535587736646796 ], [ 13.499082688175617, 54.556547850605781 ], [ 13.510247074052632, 54.558483414300092 ], [ 13.510044882490039, 54.566142258730338 ], [ 13.485036197968137, 54.562957471050197 ], [ 13.487684576704574, 54.551375984994259 ], [ 13.447684969130863, 54.55121647156227 ], [ 13.424849942486388, 54.568913722200477 ], [ 13.407114857784245, 54.572745116959133 ], [ 13.396704846769442, 54.572453938665518 ], [ 13.384469339187397, 54.581527722907509 ], [ 13.371322071066011, 54.612639054433103 ], [ 13.354745137441494, 54.612320440031731 ], [ 13.349185578983192, 54.601549721019751 ], [ 13.328145416551525, 54.593398499187543 ], [ 13.334316469356654, 54.582903669499736 ], [ 13.306950191003526, 54.574510708576256 ], [ 13.242443651504637, 54.559095366524211 ], [ 13.257491234431923, 54.592038390003168 ], [ 13.283892884248241, 54.619821955623031 ], [ 13.285244421185617, 54.642349121132675 ], [ 13.262806588069429, 54.642606792915231 ], [ 13.229340172130252, 54.62565548090565 ], [ 13.23751471953795, 54.596395872055894 ], [ 13.226763384309457, 54.587288028991672 ], [ 13.175307226229222, 54.560344826491352 ], [ 13.16209968782133, 54.557973842917008 ], [ 13.160612150668573, 54.564858389517731 ], [ 13.222271451247806, 54.603183841482803 ], [ 13.218420470774303, 54.639046479578383 ], [ 13.274902680152396, 54.669035288297032 ], [ 13.302351042411052, 54.673829443287211 ], [ 13.36721776655892, 54.681914599051737 ], [ 13.428320847612813, 54.684671467273226 ], [ 13.437690835260835, 54.677799209019945 ], [ 13.427126613306497, 54.659181274411395 ], [ 13.382952362741918, 54.645391309690098 ], [ 13.377286535185744, 54.625471952614959 ], [ 13.394425203845376, 54.597442333574641 ], [ 13.422777269150149, 54.578160277651186 ], [ 13.462061077058431, 54.570212711351147 ], [ 13.546950117047601, 54.580027654270971 ], [ 13.642914149283296, 54.582288391484767 ], [ 13.678784387711749, 54.563423805417322 ], [ 13.678239764220185, 54.532009255529985 ], [ 13.667410769155966, 54.520349347534967 ], [ 13.607577678615133, 54.497828367917094 ], [ 13.599214312055341, 54.483757916993355 ], [ 13.573811150817356, 54.477255722410227 ], [ 13.573902009294349, 54.447007513211418 ], [ 13.606893584159849, 54.407650839722272 ], [ 13.626092513627022, 54.398854900430209 ], [ 13.665808401309592, 54.402769271346152 ], [ 13.676819884789357, 54.398592003572006 ], [ 13.703725392500651, 54.381267490188179 ], [ 13.714948467865188, 54.364556795050973 ], [ 13.726574797793191, 54.355718516987935 ], [ 13.766878184874104, 54.340838007685797 ], [ 13.740180429602917, 54.335390434417398 ], [ 13.731237582132367, 54.323640549422251 ], [ 13.715816376457294, 54.301253071957092 ], [ 13.723164684247262, 54.273221043702485 ], [ 13.709731483704962, 54.268747744742612 ], [ 13.686717529326952, 54.280604451590044 ], [ 13.689177177403833, 54.285968891350947 ], [ 13.708618649531056, 54.281206172264753 ], [ 13.70035535618752, 54.295653247856301 ], [ 13.656315442636595, 54.288256534985486 ], [ 13.647099313186059, 54.298760133133179 ], [ 13.698847683594488, 54.316272617238035 ], [ 13.702884628198017, 54.32567825549544 ], [ 13.620129004306381, 54.319311519604113 ], [ 13.676713477330052, 54.339390825076862 ], [ 13.684355183577786, 54.348849559369143 ], [ 13.651538478331503, 54.348822657752216 ], [ 13.613296515757323, 54.330373044457801 ], [ 13.591467726641634, 54.350859321349517 ], [ 13.573496354036816, 54.352838438998958 ], [ 13.551498382453676, 54.339867769921966 ], [ 13.504148671132064, 54.341606805294894 ], [ 13.463435678018238, 54.329114830183109 ], [ 13.459673779826224, 54.316021082010238 ], [ 13.416927400064946, 54.30057617119261 ], [ 13.389713959609752, 54.271608572647978 ], [ 13.374404255263629, 54.279495851538321 ], [ 13.370856890700859, 54.271902964903461 ], [ 13.352052259125957, 54.268476516721222 ], [ 13.359439736186314, 54.249723596068094 ], [ 13.368773342731828, 54.261458633590877 ], [ 13.379945049522709, 54.254001114391706 ], [ 13.398862259187378, 54.264808695820882 ], [ 13.417541741390734, 54.254849196111486 ], [ 13.423692748658674, 54.237631649061946 ], [ 13.392629660237185, 54.224450097240002 ], [ 13.321609925230804, 54.238054886649628 ], [ 13.295501652640157, 54.248391511988771 ], [ 13.29863384517658, 54.253401545869913 ], [ 13.323265146237802, 54.247695295481954 ], [ 13.3344995560862, 54.27679471401904 ], [ 13.31057892772105, 54.266707005241663 ], [ 13.315198298027159, 54.258932699167175 ], [ 13.28765149901659, 54.261116200000892 ], [ 13.27143392698907, 54.253595469696165 ], [ 13.227835712519038, 54.268352212664752 ], [ 13.217199801245728, 54.27365614514639 ], [ 13.199911638918435, 54.270222604566314 ], [ 13.196061334518909, 54.284546864226478 ], [ 13.203347556763482, 54.289547706715567 ], [ 13.195471787671185, 54.296455676754427 ], [ 13.181681329485031, 54.287891608982683 ], [ 13.16722845787926, 54.28960094482909 ], [ 13.140404826418536, 54.282207016780326 ], [ 13.140295167763336, 54.295677517128475 ], [ 13.155731021706787, 54.304363907311554 ], [ 13.17601007343398, 54.296698795406478 ], [ 13.18476124655604, 54.300998080129823 ], [ 13.171339806622045, 54.30905556765132 ], [ 13.136995647151206, 54.31625864079259 ], [ 13.115162691126905, 54.332230619562011 ], [ 13.12285590134085, 54.364817429363299 ], [ 13.129842338937886, 54.372128294044835 ], [ 13.154605024993023, 54.375184160234895 ], [ 13.23494734559138, 54.369825692857262 ], [ 13.237305758704037, 54.377851347235129 ], [ 13.261819652384007, 54.38258980196688 ], [ 13.237599079765632, 54.387392492822784 ], [ 13.229735364557712, 54.398129475500134 ], [ 13.238475144000772, 54.404104363112367 ] ] ], [ [ [ 13.793175514358598, 54.085050646690412 ], [ 13.789327851525684, 54.06662090630352 ], [ 13.773579445449377, 54.059305501219605 ], [ 13.779318469681808, 54.053235279614952 ], [ 13.742393013347606, 54.03081672817828 ], [ 13.755707369281014, 54.026237885089309 ], [ 13.766863373493617, 54.011481724951956 ], [ 13.836492441129279, 53.980366430682409 ], [ 13.853880606752163, 53.963910362292864 ], [ 13.853266326182126, 53.952426661358359 ], [ 13.876632825342703, 53.951013208628197 ], [ 13.88441226649844, 53.944633681398606 ], [ 13.906778663931215, 53.931524922949329 ], [ 13.912816750776809, 53.918410760195719 ], [ 13.863835801023598, 53.899655755343872 ], [ 13.848550024447398, 53.879933240761133 ], [ 13.825816153384771, 53.87779305224025 ], [ 13.814844299856393, 53.863644580759754 ], [ 13.807217416406148, 53.855717241620006 ], [ 13.813365024052514, 53.847676887001469 ], [ 13.818577139615515, 53.842215121907067 ], [ 13.858407202979315, 53.839060736759798 ], [ 13.898474323178748, 53.803399540738837 ], [ 13.915939328999334, 53.806022836144379 ], [ 13.943995446010055, 53.788021771069609 ], [ 13.96990881875444, 53.772030459641023 ], [ 13.988701680953813, 53.768868941397209 ], [ 14.031766130876335, 53.757409634375939 ], [ 14.061001103817594, 53.754806260842443 ], [ 14.101440550723019, 53.740388553370487 ], [ 14.138815861137658, 53.739061713243132 ], [ 14.165109559272816, 53.742767700779574 ], [ 14.181941496297476, 53.736169844496068 ], [ 14.216704959271132, 53.752575128248644 ], [ 14.230072019306609, 53.761906305376954 ], [ 14.249137348390404, 53.758524599671937 ], [ 14.271246546360389, 53.740194972231954 ], [ 14.251604549405476, 53.720037434630413 ], [ 14.230715328685077, 53.712194164713857 ], [ 14.216044550795473, 53.707309659119304 ], [ 14.22197449159834, 53.698270457726785 ], [ 14.269469891319648, 53.696698422556778 ], [ 14.283501214425876, 53.682127805580159 ], [ 14.269517750808049, 53.664754787136751 ], [ 14.283429808348652, 53.658594621095219 ], [ 14.284174412975471, 53.634694053276782 ], [ 14.316576090054223, 53.617619676234419 ], [ 14.311845182861648, 53.57465719039935 ], [ 14.307182249121174, 53.54317541658461 ], [ 14.327021181040463, 53.503320288023147 ], [ 14.35103024843219, 53.496579225896987 ], [ 14.354187667673258, 53.484440319367522 ], [ 14.358971911561538, 53.457222063743494 ], [ 14.3716993545173, 53.456732375605021 ], [ 14.37029264842743, 53.433621950557047 ], [ 14.37414010446852, 53.408590759665394 ], [ 14.393895313160186, 53.378483782958178 ], [ 14.390108393469692, 53.353737215977155 ], [ 14.404339152572467, 53.347309480180961 ], [ 14.412279938967549, 53.328714282325251 ], [ 14.395768402389027, 53.329005599073817 ], [ 14.374746928002422, 53.315649081748191 ], [ 14.349935879205479, 53.310175267890742 ], [ 14.316270371355499, 53.312019287812348 ], [ 14.312551178495593, 53.301875190191524 ], [ 14.301077443441701, 53.28592370603247 ], [ 14.262740746570918, 53.276837760793804 ], [ 14.265087022052667, 53.260026142479923 ], [ 14.21084083003038, 53.254805494506243 ], [ 14.162036068908876, 53.267037098719321 ], [ 14.127678586429667, 53.260121906786438 ], [ 14.098258983154961, 53.26226722815052 ], [ 14.105699117491895, 53.280738955532314 ], [ 14.174306713778661, 53.322532452085355 ], [ 14.205553695440827, 53.343958284523374 ], [ 14.233393950937693, 53.373252079652879 ], [ 14.242917604678309, 53.399553564233152 ], [ 14.240946779528228, 53.422721805903549 ], [ 14.222943246958982, 53.43406603923524 ], [ 14.204832702866632, 53.423374038799963 ], [ 14.181628839070093, 53.422415143267934 ], [ 14.136431413456643, 53.441053373780143 ], [ 14.121161449860528, 53.441728630077492 ], [ 14.085576371249207, 53.41273583162755 ], [ 14.050979171295172, 53.413750036467746 ], [ 14.045447709385636, 53.429726836770023 ], [ 14.007073538911898, 53.430988711098415 ], [ 14.00138363369129, 53.435766198883101 ], [ 13.963544465178385, 53.430323538392585 ], [ 13.945822942290024, 53.430821165539591 ], [ 13.918512748116516, 53.421938786728006 ], [ 13.901461018222017, 53.431812729062472 ], [ 13.916977397879812, 53.451741562767715 ], [ 13.916098362001049, 53.456515990224823 ], [ 13.875786876978321, 53.473649764270888 ], [ 13.884212656033062, 53.483376977894899 ], [ 13.874115308990831, 53.490328822094028 ], [ 13.879509050395189, 53.504133351398771 ], [ 13.846930757407968, 53.513981805198448 ], [ 13.821430650053818, 53.518026702355733 ], [ 13.798184607053225, 53.545842587939354 ], [ 13.801572896916552, 53.557134257833425 ], [ 13.79116917604393, 53.558763386621656 ], [ 13.785020217076383, 53.552948886695155 ], [ 13.777234152479584, 53.513929341103363 ], [ 13.790424744875853, 53.510726532180321 ], [ 13.799220632219011, 53.498482820766007 ], [ 13.809183187831795, 53.502353538721543 ], [ 13.826405300526078, 53.497877961448033 ], [ 13.812138177743115, 53.48436437055846 ], [ 13.785632649616597, 53.474603563280155 ], [ 13.753544196595625, 53.478621685172271 ], [ 13.743538361497521, 53.485433988433456 ], [ 13.707985595582576, 53.478332420046513 ], [ 13.662642438392453, 53.457906955122652 ], [ 13.650724798817301, 53.443894273221034 ], [ 13.640056782196217, 53.447566923447425 ], [ 13.625697173731929, 53.409222110090859 ], [ 13.612117605807049, 53.413727445457781 ], [ 13.572101259038647, 53.408318287158629 ], [ 13.545205225316863, 53.39538014446503 ], [ 13.554348705703203, 53.388210165622731 ], [ 13.555308712019192, 53.377292689088485 ], [ 13.542511403774586, 53.365179229184726 ], [ 13.52607405666434, 53.366259799890251 ], [ 13.516702994300562, 53.351765657418703 ], [ 13.525255215587556, 53.351303442319356 ], [ 13.517095229105617, 53.339954628094901 ], [ 13.522742052106857, 53.319774629446442 ], [ 13.505634416343918, 53.316956545895763 ], [ 13.483136266501498, 53.290861982671537 ], [ 13.460824699586807, 53.288353291568555 ], [ 13.4547313775187, 53.297907252358186 ], [ 13.436744951166844, 53.296754142289153 ], [ 13.440170530223995, 53.2855768074715 ], [ 13.407384349933512, 53.262413085823439 ], [ 13.405205212449113, 53.246426506085236 ], [ 13.390561849058479, 53.241348971449931 ], [ 13.361236591237178, 53.277854668356625 ], [ 13.340414406346525, 53.273310789566636 ], [ 13.298485880851338, 53.280707788440282 ], [ 13.271778013992497, 53.263224991345766 ], [ 13.251967390158351, 53.263853434154377 ], [ 13.240490333014042, 53.230973115898244 ], [ 13.229435678371113, 53.216810782151256 ], [ 13.205674822600901, 53.220072433147003 ], [ 13.180758654224919, 53.250490116549209 ], [ 13.176750364689489, 53.24646744399621 ], [ 13.147868840350688, 53.250179882531931 ], [ 13.129431906756238, 53.236231593750745 ], [ 13.110976224264311, 53.238982725166764 ], [ 13.102788484210524, 53.234372226277223 ], [ 13.106375512375783, 53.215678511750873 ], [ 13.086735831777995, 53.214467081505354 ], [ 13.077108112817243, 53.19944335884955 ], [ 13.069209049007849, 53.202433515307355 ], [ 13.036537100575869, 53.194300935932056 ], [ 13.025074207648656, 53.18660540878507 ], [ 13.005292194972922, 53.168349790614187 ], [ 12.984362284159717, 53.165844702483056 ], [ 12.976412443030469, 53.162742740517885 ], [ 12.951247268923224, 53.177875793482812 ], [ 12.978406033509748, 53.191453759856572 ], [ 12.975404468819432, 53.197477266360885 ], [ 12.954169791203279, 53.200746811636073 ], [ 12.939260547538758, 53.195454040842499 ], [ 12.941359485541239, 53.186856251361867 ], [ 12.920021576245366, 53.187370027355605 ], [ 12.92521341037973, 53.195379338826939 ], [ 12.905305659629507, 53.194558053830796 ], [ 12.891061356189596, 53.1888528987824 ], [ 12.889996772480163, 53.180164765292453 ], [ 12.875787439778247, 53.180880295094347 ], [ 12.854045331731328, 53.193489782066585 ], [ 12.847829660871515, 53.201083913110196 ], [ 12.815575428117249, 53.195448028947823 ], [ 12.771922001381107, 53.188374522994842 ], [ 12.739836649973038, 53.199586310405444 ], [ 12.757686532782783, 53.224446728758075 ], [ 12.688587888690057, 53.226725983809402 ], [ 12.664597618497975, 53.233141034625042 ], [ 12.674509564620505, 53.24936709728852 ], [ 12.628302080482577, 53.25447505700518 ], [ 12.605481959590325, 53.244574822867193 ], [ 12.539130085181316, 53.263413134872927 ], [ 12.502869606357518, 53.262263531177965 ], [ 12.490661074696286, 53.255463689815841 ], [ 12.444083645635802, 53.251305432682436 ], [ 12.431282149506673, 53.273239332900637 ], [ 12.410341358062013, 53.279762083560989 ], [ 12.392449535601326, 53.286153213473838 ], [ 12.396240715043101, 53.300336060759491 ], [ 12.328374966817726, 53.319752324721776 ], [ 12.297170430417067, 53.328178523327786 ], [ 12.258553571144324, 53.324232555462366 ], [ 12.24207024180901, 53.335327487164868 ], [ 12.229598061254697, 53.358095312021405 ], [ 12.212379331002133, 53.353517946305743 ], [ 12.188261599310133, 53.353851686056586 ], [ 12.185947662582045, 53.343266577984636 ], [ 12.168490841679796, 53.339657310034454 ], [ 12.152033864130983, 53.361400913576666 ], [ 12.139323180533095, 53.359458581025322 ], [ 12.133001455213034, 53.34906093504879 ], [ 12.109529520370989, 53.350143763039505 ], [ 12.109001436556964, 53.343920930210842 ], [ 12.081629433717108, 53.346766468593536 ], [ 12.077209575021149, 53.368678228387516 ], [ 12.066227854226014, 53.373293845501401 ], [ 12.048222196427037, 53.370312452064276 ], [ 12.056265955975451, 53.350425434199181 ], [ 12.014003064058699, 53.334586997011179 ], [ 12.021698892846624, 53.32138218228333 ], [ 12.016948066772944, 53.299407524911814 ], [ 12.003571556719063, 53.30020467241215 ], [ 11.996008198718023, 53.292428531641647 ], [ 11.985596860208231, 53.300501422882114 ], [ 11.973891698990835, 53.30031145874802 ], [ 11.955283317575818, 53.274255237389021 ], [ 11.919476044133775, 53.27554883781545 ], [ 11.897337938690852, 53.278597625862822 ], [ 11.859400163188884, 53.249213803446729 ], [ 11.819766926608446, 53.254031008277735 ], [ 11.798191236880225, 53.253103430624691 ], [ 11.830947271669041, 53.230150835488622 ], [ 11.799052452260714, 53.22654086004863 ], [ 11.779252376779597, 53.229564035636677 ], [ 11.728784046671956, 53.218668544009304 ], [ 11.727552255012553, 53.231827758764453 ], [ 11.71320052589849, 53.229901495962999 ], [ 11.695191010223907, 53.244745196608292 ], [ 11.661058860952933, 53.244987344814014 ], [ 11.649425377816936, 53.238498871522253 ], [ 11.628391290022362, 53.240968621371032 ], [ 11.588096677901625, 53.216630543343008 ], [ 11.564795480346103, 53.214674736670979 ], [ 11.550439017381111, 53.21201333925351 ], [ 11.556425890590955, 53.18530635281099 ], [ 11.566586082896315, 53.182608607208422 ], [ 11.563558208021135, 53.174527444108278 ], [ 11.567308590438032, 53.165807164193389 ], [ 11.551017750994694, 53.149434147521575 ], [ 11.556430230932587, 53.138770574214305 ], [ 11.534754900835283, 53.125435223434707 ], [ 11.472813463544329, 53.127076604769506 ], [ 11.463665701271607, 53.140869823202117 ], [ 11.439563685242911, 53.136416273906569 ], [ 11.42106560756848, 53.141123744762595 ], [ 11.412194749613203, 53.136515657499743 ], [ 11.393259321798801, 53.13680073027512 ], [ 11.395479766512079, 53.113523325279786 ], [ 11.335646829401226, 53.113770823983792 ], [ 11.325262354610697, 53.119343040825825 ], [ 11.302057920149483, 53.116126433260668 ], [ 11.268166449172721, 53.121045687963104 ], [ 11.235655042856994, 53.139247491712119 ], [ 11.214442226674306, 53.143925850057471 ], [ 11.197269274543526, 53.135736844799659 ], [ 11.18769018694479, 53.134465498983836 ], [ 11.171374311967501, 53.157051388558472 ], [ 11.189400928694957, 53.165918261877515 ], [ 11.193348398628988, 53.18099712895873 ], [ 11.13735294910224, 53.191879591952791 ], [ 11.145480305172306, 53.197542261745745 ], [ 11.087761704134268, 53.217445181397601 ], [ 11.062294892625889, 53.236006170251954 ], [ 11.028742928915021, 53.277793381705429 ], [ 11.009385241758562, 53.28184802974495 ], [ 11.008980449587426, 53.301335726667467 ], [ 10.998763112526209, 53.321231853298606 ], [ 10.981830383268159, 53.328013306429789 ], [ 10.986833008764895, 53.333745709525665 ], [ 10.958699055441116, 53.338428699895246 ], [ 10.955108672859918, 53.333930258305266 ], [ 10.930612394107317, 53.340876121699345 ], [ 10.928268882670302, 53.348505760375879 ], [ 10.918326466176522, 53.34857596030897 ], [ 10.908890814262186, 53.33691490925019 ], [ 10.882432370325047, 53.335112732530142 ], [ 10.887987591038229, 53.324849403751941 ], [ 10.880363558430863, 53.321592748206029 ], [ 10.865740379668848, 53.326661277860737 ], [ 10.868634608987023, 53.317323406144006 ], [ 10.834109527143719, 53.304893282447082 ], [ 10.827062791070174, 53.311698022301819 ], [ 10.805111283310573, 53.314423889752653 ], [ 10.759040245421454, 53.330329979109877 ], [ 10.758374634742712, 53.341233643383276 ], [ 10.738209448290046, 53.344823301596655 ], [ 10.712508295977207, 53.367323272090239 ], [ 10.650798880580069, 53.369025069173439 ], [ 10.597697664255319, 53.366265485845098 ], [ 10.599707450185257, 53.378492129598747 ], [ 10.615749217856594, 53.383317579236355 ], [ 10.619579762311881, 53.412732956705845 ], [ 10.618553057815744, 53.416867914151233 ], [ 10.626347476303653, 53.444939445053144 ], [ 10.634290261451447, 53.454458916509076 ], [ 10.652085056674121, 53.460704113362802 ], [ 10.677737011912209, 53.457971835079071 ], [ 10.69283896782429, 53.45546182175611 ], [ 10.699428003864334, 53.474046188382076 ], [ 10.701029945052944, 53.478561984863035 ], [ 10.719574192304039, 53.47561874520148 ], [ 10.756107185735249, 53.483441733072539 ], [ 10.77728147213835, 53.495090832291098 ], [ 10.784644515763441, 53.507569642064659 ], [ 10.821926221105057, 53.514563585698774 ], [ 10.817731118465781, 53.532530366607403 ], [ 10.831002464111736, 53.544312047679682 ], [ 10.822285243761725, 53.573384937916856 ], [ 10.842372203922293, 53.575505093191083 ], [ 10.850256547345275, 53.565474525379898 ], [ 10.862356991659667, 53.56486452830152 ], [ 10.911738059146899, 53.572212910225012 ], [ 10.924993060883159, 53.584676128770582 ], [ 10.917849848771663, 53.595689889827511 ], [ 10.927820362776343, 53.623636486902527 ], [ 10.937272883958283, 53.636237749825206 ], [ 10.952180259986168, 53.648052615165909 ], [ 10.954434905259374, 53.658359262542994 ], [ 10.937935376955478, 53.666255745100401 ], [ 10.943461455203099, 53.681453745905195 ], [ 10.918510177896115, 53.689960059693867 ], [ 10.925802354435636, 53.694530274801714 ], [ 10.916715643756302, 53.699295507802169 ], [ 10.886287426817896, 53.705850815925395 ], [ 10.871069816148458, 53.702546358006082 ], [ 10.849465425246363, 53.700811939497676 ], [ 10.849133230405579, 53.706268699463855 ], [ 10.832538452427041, 53.710822424088967 ], [ 10.810303908980901, 53.721104427703935 ], [ 10.806746989192932, 53.740454538271997 ], [ 10.791553345422857, 53.744149827310515 ], [ 10.761268816551032, 53.747430598629045 ], [ 10.768044235673193, 53.78075001024856 ], [ 10.773743146464476, 53.789685502066781 ], [ 10.77018047008154, 53.799898874609944 ], [ 10.764739373475075, 53.811005435309823 ], [ 10.76290399410045, 53.823783972795219 ], [ 10.748257231340277, 53.835384787653481 ], [ 10.748037139995006, 53.851395544440074 ], [ 10.771746459486547, 53.87328987146023 ], [ 10.807602839482783, 53.879843853076238 ], [ 10.818012138774918, 53.893688499111597 ], [ 10.846117556622168, 53.89717068498949 ], [ 10.84710433138414, 53.904269591737503 ], [ 10.874698219878065, 53.91459983143308 ], [ 10.880375899351117, 53.923434840937702 ], [ 10.910685387185039, 53.9130826841538 ], [ 10.901292780197821, 53.906553870705217 ], [ 10.908778772707345, 53.898615599333539 ], [ 10.930384332953576, 53.900896311836824 ], [ 10.963860272303844, 53.909041430325622 ], [ 10.963089975869234, 53.913476837038125 ], [ 10.894116433660473, 53.925956090287421 ], [ 10.894891233261081, 53.935318998559097 ], [ 10.90917074572951, 53.946671760927529 ], [ 10.903374459577236, 53.957047391914593 ], [ 10.978922996777213, 53.986484528368088 ], [ 11.039965009383058, 54.006220487951346 ], [ 11.091229594171216, 54.014107955228141 ], [ 11.120974226088945, 54.011304864856029 ], [ 11.146217757746873, 54.00959589508593 ], [ 11.18270176809923, 54.014916711598921 ], [ 11.200792488156486, 53.991525580582184 ], [ 11.217700882183427, 53.984396264458994 ], [ 11.257085864628223, 53.986328239410014 ], [ 11.241351023866388, 53.953025492996865 ], [ 11.247677275254203, 53.941004653267406 ], [ 11.267737981733314, 53.932458965989191 ], [ 11.285361427986423, 53.930981450672512 ], [ 11.313188995814684, 53.941636414571093 ], [ 11.330293071380195, 53.959426508855984 ], [ 11.35063013858284, 53.943236975369295 ], [ 11.367588986052315, 53.934693982963793 ], [ 11.387593768838459, 53.939215307882769 ], [ 11.406685130392091, 53.935529536258045 ], [ 11.40368415586334, 53.922283175995169 ], [ 11.434274116599655, 53.910029057214089 ], [ 11.435897017190566, 53.900116845420996 ], [ 11.459706120055655, 53.896126560405619 ], [ 11.463439711437108, 53.903302522822514 ], [ 11.447395434072398, 53.905626590671318 ], [ 11.445726398996545, 53.912116332791911 ], [ 11.473242783883787, 53.928685265392026 ], [ 11.481911237916018, 53.927665014825976 ], [ 11.479851020418794, 53.938830092545594 ], [ 11.481622969518314, 53.950583455962352 ], [ 11.483368282086087, 53.967107457691064 ], [ 11.473544906377358, 53.963860845233725 ], [ 11.472588844607209, 53.968099273872568 ], [ 11.50007514675862, 53.986656099904593 ], [ 11.491452285905529, 53.993497918279502 ], [ 11.508375111718015, 54.010591061394685 ], [ 11.533436678845595, 54.01974595067631 ], [ 11.516638457112796, 54.026728508378383 ], [ 11.522628347586876, 54.03358708475313 ], [ 11.541077170962101, 54.025386381752497 ], [ 11.562859772786469, 54.028382692099775 ], [ 11.586476149845158, 54.045955769226588 ], [ 11.582219262115389, 54.063103988400911 ], [ 11.61223131423777, 54.07053829235069 ], [ 11.626043274775345, 54.0889537641537 ], [ 11.613731122986758, 54.102058010109303 ], [ 11.532276254541079, 54.049127996796173 ], [ 11.534714341004191, 54.07320693333503 ], [ 11.525145902204212, 54.072234864274279 ], [ 11.559964694272365, 54.096447307058909 ], [ 11.607521606280804, 54.106678815424893 ], [ 11.663723164214254, 54.14354182819423 ], [ 11.695540890836682, 54.154514007246384 ], [ 11.760488959679359, 54.155251469025004 ], [ 11.782279577355181, 54.150099326499358 ], [ 11.810059626942609, 54.146371786398568 ], [ 11.858951348653449, 54.146059215927401 ], [ 11.925604857194108, 54.160334334264256 ], [ 11.996192632004485, 54.174933392450768 ], [ 12.059811020327443, 54.177993058786221 ], [ 12.084853236310858, 54.183636933942473 ], [ 12.093943591143434, 54.164173338751674 ], [ 12.083659086520735, 54.14401008600985 ], [ 12.088164734680165, 54.112612373516377 ], [ 12.108477012957044, 54.093771226318644 ], [ 12.128715860372987, 54.094700058701847 ], [ 12.101398755475852, 54.112788510755351 ], [ 12.100481784844565, 54.150911552141423 ], [ 12.113946584259692, 54.158906802596768 ], [ 12.133417860731045, 54.15619272373408 ], [ 12.143176247606892, 54.174170144882332 ], [ 12.122906694004664, 54.1775054857575 ], [ 12.103841061585534, 54.169548075242083 ], [ 12.097712923253605, 54.18157678817925 ], [ 12.109479108864058, 54.179134540782755 ], [ 12.13528997656592, 54.190692938788125 ], [ 12.201716359734631, 54.245354286077301 ], [ 12.285572688483139, 54.27522205558563 ], [ 12.334803560034294, 54.296365390986395 ], [ 12.363319902075897, 54.32369019941477 ], [ 12.390542271306748, 54.358509070801794 ], [ 12.404608205277535, 54.376430043917253 ], [ 12.444045924131981, 54.399357860148903 ], [ 12.511076552520922, 54.482635106548393 ], [ 12.528811307778341, 54.482456360496876 ], [ 12.521758881434121, 54.4726868261696 ], [ 12.55843855167201, 54.454952577208232 ], [ 12.627077257918291, 54.44916604936332 ], [ 12.677061032457152, 54.442318355285657 ], [ 12.834388345943607, 54.440052904597984 ], [ 12.918331848324193, 54.445149831719398 ], [ 12.913374395251955, 54.43727532309245 ], [ 12.923025936788465, 54.424865008571075 ], [ 12.874582419878841, 54.413832486404424 ], [ 12.832818823688697, 54.422642529796342 ], [ 12.801909926242471, 54.409261610630764 ], [ 12.787530330588037, 54.416233054871832 ], [ 12.761150998422808, 54.412766011589227 ], [ 12.730942391679489, 54.418315368322062 ], [ 12.681441654125125, 54.415819394121243 ], [ 12.669433872623465, 54.42194221665541 ], [ 12.667273627531392, 54.411033139412268 ], [ 12.652314710991938, 54.411163591989428 ], [ 12.635876146880642, 54.422933755196262 ], [ 12.618521851328826, 54.418585332222548 ], [ 12.615292770936758, 54.407763072716556 ], [ 12.587878981210775, 54.407914893563813 ], [ 12.575970819477574, 54.402429234408707 ], [ 12.57621277671074, 54.396613474789582 ], [ 12.598439734351976, 54.39058480502662 ], [ 12.592067690717098, 54.383316897110127 ], [ 12.578548785824657, 54.38885783286068 ], [ 12.549123600855019, 54.389492652917383 ], [ 12.516337865795025, 54.372992992093145 ], [ 12.497976000413791, 54.38237486390026 ], [ 12.445355255888849, 54.38212977255202 ], [ 12.419190211528381, 54.370532540800873 ], [ 12.41712538587333, 54.357020242299008 ], [ 12.416480576578001, 54.336372733300564 ], [ 12.391868765072225, 54.343253601227723 ], [ 12.387401503423948, 54.338221145524962 ], [ 12.396320128572716, 54.331953971389545 ], [ 12.393667817238951, 54.322903535801331 ], [ 12.380937460798126, 54.309156095316254 ], [ 12.36502387618328, 54.310201530173181 ], [ 12.356818993554411, 54.300541919175039 ], [ 12.381281327287965, 54.27840595844048 ], [ 12.363878586178975, 54.26749170629715 ], [ 12.376303870806652, 54.261320028743235 ], [ 12.416549128566187, 54.246955710189695 ], [ 12.45461376226381, 54.247052899960451 ], [ 12.454242278452487, 54.253043073227659 ], [ 12.417412850006244, 54.258772363588186 ], [ 12.40903693507723, 54.279199819660825 ], [ 12.435581365170361, 54.2967129614307 ], [ 12.477337933865316, 54.30381247565699 ], [ 12.473159164590268, 54.329882878789185 ], [ 12.525962191904579, 54.334414642600919 ], [ 12.551429552245883, 54.357256036456796 ], [ 12.53474876329074, 54.364487621059631 ], [ 12.555533505966338, 54.375118706521661 ], [ 12.581502435283564, 54.372974431114521 ], [ 12.57449439223973, 54.359752171898876 ], [ 12.583845287672236, 54.35627440821969 ], [ 12.598310086467487, 54.362447169703934 ], [ 12.596808455887571, 54.371219314337743 ], [ 12.643157433839159, 54.380894988947539 ], [ 12.669896749914813, 54.390559680722909 ], [ 12.664023007752077, 54.404022962537539 ], [ 12.710648951162568, 54.410149131689714 ], [ 12.713649408932941, 54.403612567633651 ], [ 12.685849788166621, 54.398917567809889 ], [ 12.691233416876564, 54.383821162881084 ], [ 12.700319952881125, 54.395560072430065 ], [ 12.714809737479813, 54.395766997326895 ], [ 12.719914835942658, 54.372327319417685 ], [ 12.73723249802182, 54.371406291684231 ], [ 12.744561495321548, 54.383852985123767 ], [ 12.754426407524891, 54.371267595824392 ], [ 12.767033135642215, 54.372276433170988 ], [ 12.775049158245595, 54.392389174939467 ], [ 12.787467028955888, 54.393239614824871 ], [ 12.78897489450398, 54.379254006946944 ], [ 12.802975879173481, 54.372342685475509 ], [ 12.807847244137831, 54.349723777834605 ], [ 12.810026903235812, 54.343846106717564 ], [ 12.828888301584888, 54.352283638454125 ], [ 12.851576704826696, 54.352948620414246 ], [ 12.879729958731568, 54.366704504059527 ], [ 12.897149282048355, 54.398277312899474 ], [ 12.923908550399558, 54.413252696556825 ], [ 12.989462203425873, 54.425789568946172 ], [ 13.016091246447765, 54.436892393795233 ], [ 13.030628331684273, 54.435543329888105 ], [ 13.03456895060226, 54.424792548348933 ], [ 13.022359130774531, 54.411033076860932 ], [ 13.030369580199952, 54.39437046979937 ], [ 13.049916885116392, 54.380582054613697 ], [ 13.076671688444819, 54.381911963047479 ], [ 13.093149419163669, 54.365343132424201 ], [ 13.076213928466503, 54.345828600281507 ], [ 13.088751488552115, 54.319974594962112 ], [ 13.110532315641912, 54.305113225647638 ], [ 13.106807307535426, 54.281183700561343 ], [ 13.134433585293705, 54.268702304298472 ], [ 13.153196121778343, 54.26979047562731 ], [ 13.166303564602973, 54.277410020880993 ], [ 13.181542380679032, 54.265980365249824 ], [ 13.214693816916173, 54.249839527994226 ], [ 13.215657124180773, 54.240788192169568 ], [ 13.285369888714225, 54.235602739424422 ], [ 13.318053737123826, 54.193805219365707 ], [ 13.330053928834843, 54.18353891611531 ], [ 13.366053988182895, 54.187237940921236 ], [ 13.371557620965692, 54.181082347500784 ], [ 13.334599886134436, 54.175030085960508 ], [ 13.31803099061892, 54.160411063320218 ], [ 13.382255030351212, 54.176055561293111 ], [ 13.393980717237948, 54.173680590172687 ], [ 13.393963725130169, 54.18175827905759 ], [ 13.424871331498599, 54.173125544727952 ], [ 13.415490073356153, 54.158136193224273 ], [ 13.40693271105048, 54.163779224931396 ], [ 13.379745076447854, 54.151503893066163 ], [ 13.388799595379092, 54.1431066499688 ], [ 13.405314838563051, 54.150154950653722 ], [ 13.428072736279992, 54.13736776047184 ], [ 13.43937528404491, 54.121383094285981 ], [ 13.440197923016507, 54.111013783006825 ], [ 13.467234326720911, 54.087355293263194 ], [ 13.504690217340162, 54.084599057057098 ], [ 13.493834483440327, 54.094707946076831 ], [ 13.477438000977614, 54.119440480401934 ], [ 13.50506233583959, 54.127462502867147 ], [ 13.547368695133349, 54.130178387956207 ], [ 13.577730153475978, 54.132500326666118 ], [ 13.615549116532051, 54.137947497948296 ], [ 13.696965033950955, 54.175806210421861 ], [ 13.717173515831179, 54.163564493149067 ], [ 13.695522586282427, 54.157715187651661 ], [ 13.698512192575741, 54.149462664875429 ], [ 13.761572163251749, 54.127865706167981 ], [ 13.753477839062647, 54.123225111363901 ], [ 13.802484914510851, 54.099919236883871 ], [ 13.796971826766812, 54.091328906267655 ], [ 13.793175514358598, 54.085050646690412 ] ] ] ] } },
{ "type": "Feature", "properties": { "NUTS_LEVEL": 1, "NUTS_CODE": "DE9", "NUTS_NAME": "Niedersachsen" }, "geometry": { "type": "MultiPolygon", "coordinates": [ [ [ [ 6.865479495803377, 53.584721856554857 ], [ 6.852692905582258, 53.589966791367431 ], [ 6.863724689431736, 53.596728056933983 ], [ 6.87525238124179, 53.593226739157991 ], [ 6.865479495803377, 53.584721856554857 ] ] ], [ [ [ 6.906972261169603, 53.641710856123652 ], [ 6.891766595304183, 53.625489162381825 ], [ 6.875511404214717, 53.629529550452354 ], [ 6.865194380274434, 53.641110401969932 ], [ 6.89853623550631, 53.653870581977863 ], [ 6.906972261169603, 53.641710856123652 ] ] ], [ [ [ 7.428474826701519, 53.720187536823666 ], [ 7.368306356618571, 53.721522593360874 ], [ 7.36300126862263, 53.727292315037083 ], [ 7.38270743649018, 53.735039923312101 ], [ 7.430945828399203, 53.732204459747337 ], [ 7.428474826701519, 53.720187536823666 ] ] ], [ [ [ 7.934357678317175, 53.789840524241207 ], [ 7.97373736845798, 53.782000533960449 ], [ 7.978262288564055, 53.777840162770076 ], [ 7.969360261283971, 53.77530044936325 ], [ 7.946881823062477, 53.782094178021531 ], [ 7.912813217146746, 53.780047330445996 ], [ 7.874899231430875, 53.78784508606342 ], [ 7.867557614857824, 53.773692784218156 ], [ 7.846123191913331, 53.786993507045985 ], [ 7.868256307766129, 53.795273569782744 ], [ 7.934357678317175, 53.789840524241207 ] ] ], [ [ [ 7.097155786019623, 53.679364043965435 ], [ 6.851934413165894, 53.662652149375297 ], [ 6.867998398984863, 53.671095130457729 ], [ 7.026978945742039, 53.685167025435973 ], [ 7.084589068492209, 53.687410774621583 ], [ 7.097155786019623, 53.679364043965435 ] ] ], [ [ [ 7.744070451383135, 53.781227170497544 ], [ 7.814697355876557, 53.781371131241578 ], [ 7.813990288899277, 53.774841649550609 ], [ 7.75671306224901, 53.760161517650019 ], [ 7.695723880294074, 53.762942178030038 ], [ 7.68381421775579, 53.752126326416096 ], [ 7.668771499467448, 53.753905599390265 ], [ 7.670538322077769, 53.766874513614432 ], [ 7.685664710529469, 53.777485765829454 ], [ 7.744070451383135, 53.781227170497544 ] ] ], [ [ [ 7.500392533086904, 53.721984891918758 ], [ 7.464725302538784, 53.723316924275807 ], [ 7.464854632573813, 53.740836359596287 ], [ 7.48588937885541, 53.755781240585975 ], [ 7.590616426779437, 53.758830878318349 ], [ 7.624470035783454, 53.754873217245361 ], [ 7.63118316546026, 53.748771009509326 ], [ 7.513353426987535, 53.742922482647728 ], [ 7.500392533086904, 53.721984891918758 ] ] ], [ [ [ 7.234037410577114, 53.722783524954906 ], [ 7.341086953654593, 53.726010542855832 ], [ 7.346203264594674, 53.718061717504739 ], [ 7.270835452595224, 53.704610767297531 ], [ 7.205668028054043, 53.706114034121356 ], [ 7.194395297265449, 53.69865474677097 ], [ 7.170307970186289, 53.704321886632108 ], [ 7.152507813275567, 53.697241587069605 ], [ 7.137838027284766, 53.705883000556348 ], [ 7.143179006451303, 53.71172098550727 ], [ 7.187706653713031, 53.723262283578144 ], [ 7.234037410577114, 53.722783524954906 ] ] ], [ [ [ 6.748592603266586, 53.557768812209929 ], [ 6.740507523167687, 53.556721946685769 ], [ 6.742922123501181, 53.563795515599196 ], [ 6.732102345322264, 53.568342249447767 ], [ 6.70737761271954, 53.568346549211917 ], [ 6.716774798852859, 53.558913080194543 ], [ 6.664979290188248, 53.577787041146507 ], [ 6.656202420860439, 53.585589975460238 ], [ 6.658253471410243, 53.599096338235377 ], [ 6.757170523064604, 53.618197950760873 ], [ 6.812072685166162, 53.604442932495068 ], [ 6.783836912447485, 53.596340136724095 ], [ 6.754166422965775, 53.596299880671218 ], [ 6.719524548644627, 53.584279005944694 ], [ 6.758351843629513, 53.568043191455942 ], [ 6.748592603266586, 53.557768812209929 ] ] ], [ [ [ 9.433218549467517, 51.652234674677864 ], [ 9.388749967428113, 51.645962336235065 ], [ 9.374834453657767, 51.649913486274372 ], [ 9.38084208780319, 51.667425034863818 ], [ 9.395677245952584, 51.672620900008468 ], [ 9.386585566127001, 51.688838383115041 ], [ 9.40412162805749, 51.702381996314863 ], [ 9.387131422357298, 51.718731645276044 ], [ 9.391540512826134, 51.734290967969486 ], [ 9.378853086156363, 51.738079780390287 ], [ 9.383857385643836, 51.757864455773159 ], [ 9.399523969640743, 51.758676779315756 ], [ 9.408515165005973, 51.767902918944039 ], [ 9.415811402159221, 51.774884371859621 ], [ 9.447355246116484, 51.794277984976006 ], [ 9.427168275315433, 51.81427802823746 ], [ 9.440405612183572, 51.825398593613599 ], [ 9.433393397585034, 51.840406188390219 ], [ 9.459868448414474, 51.85508943245592 ], [ 9.459508941744653, 51.861284808414716 ], [ 9.405829758113402, 51.855431418353703 ], [ 9.361195488455557, 51.864835971649576 ], [ 9.336030222789521, 51.853903987479327 ], [ 9.32397167743024, 51.855035694358861 ], [ 9.336184904653743, 51.856946369704211 ], [ 9.344341234914877, 51.889926482365603 ], [ 9.340761608123209, 51.90829842367657 ], [ 9.309444403029731, 51.922212345252035 ], [ 9.286041898099381, 51.92134597204781 ], [ 9.272503783127867, 51.93291146154526 ], [ 9.270286978736765, 51.955136823258066 ], [ 9.283963566015631, 51.960423305575553 ], [ 9.263111349477725, 51.975889125772866 ], [ 9.218525716264903, 51.974149047879159 ], [ 9.211031107647447, 51.960546388152139 ], [ 9.195142423628974, 51.963187378116551 ], [ 9.17468970023317, 51.983259413699209 ], [ 9.195905516375362, 51.996889385292924 ], [ 9.180058848060581, 52.00206114769901 ], [ 9.196936371640222, 52.010991724037524 ], [ 9.174934320346356, 52.042782429600429 ], [ 9.173310261977974, 52.059875243283521 ], [ 9.181130736058615, 52.067977589414319 ], [ 9.194386194686228, 52.068951043059556 ], [ 9.174773031945328, 52.086214326005496 ], [ 9.154499654709038, 52.091268232178926 ], [ 9.154976897831043, 52.097328012301169 ], [ 9.132465429916806, 52.096919311771124 ], [ 9.158582303080406, 52.120092658418272 ], [ 9.143655783980087, 52.134902469832014 ], [ 9.127278008547854, 52.138421782263713 ], [ 9.099486537507223, 52.132701603250268 ], [ 9.068478820537928, 52.140151747796338 ], [ 9.070281975142461, 52.147865027976891 ], [ 9.05325007518185, 52.148181833802376 ], [ 9.039727435680094, 52.138085553946645 ], [ 9.017517245665761, 52.132783114155153 ], [ 9.010414766816011, 52.136266304711363 ], [ 9.017216083995288, 52.148216981731977 ], [ 9.012024828829972, 52.162879277187642 ], [ 9.022225609006583, 52.171687090046014 ], [ 8.984992859449948, 52.19426034200518 ], [ 9.00545499578006, 52.189479912251649 ], [ 9.012937067925131, 52.195186703829371 ], [ 9.021232063333546, 52.183720593820148 ], [ 9.042460954745513, 52.184385998707043 ], [ 9.049922154555583, 52.196333393129208 ], [ 9.035909715064937, 52.223519365996388 ], [ 9.061755281121831, 52.223778690488992 ], [ 9.074749132528099, 52.233955363982794 ], [ 8.971410682738442, 52.264706220522122 ], [ 8.976821958626697, 52.271620949284866 ], [ 8.963621455571928, 52.279481309987247 ], [ 8.98657018614063, 52.287451020142854 ], [ 8.998389621992935, 52.326111434824888 ], [ 9.018349958928376, 52.330990542637352 ], [ 9.026602290664314, 52.345340817895028 ], [ 9.060472578888113, 52.340273635217031 ], [ 9.059927045984926, 52.347229427507351 ], [ 9.073869826441417, 52.349896537815638 ], [ 9.097665347229631, 52.371612151099434 ], [ 9.095193766335859, 52.387702330915552 ], [ 9.117448036642077, 52.398817279533375 ], [ 9.125231992792571, 52.412119949682172 ], [ 9.123483207955715, 52.422156085266721 ], [ 9.109388378050157, 52.42168809963551 ], [ 9.109719292363412, 52.435723716038382 ], [ 9.093873861318894, 52.443095105194075 ], [ 9.102579058264338, 52.456625539109062 ], [ 9.125597304064941, 52.468493551884997 ], [ 9.123133340895532, 52.47440176049313 ], [ 9.135129899780855, 52.47560336346551 ], [ 9.127963870706614, 52.48454866576273 ], [ 9.114616961282616, 52.485466202656475 ], [ 9.09461650353459, 52.497934632888359 ], [ 9.0546589860897, 52.500349078380744 ], [ 9.040524280876644, 52.487226481924843 ], [ 9.04466363227513, 52.48316603857451 ], [ 9.024780720650547, 52.478039994596323 ], [ 9.017359360279272, 52.460103244987629 ], [ 8.9992558077676, 52.457353119585591 ], [ 8.978885424223586, 52.450549282891231 ], [ 8.988105221356429, 52.445293987723858 ], [ 8.980303053503739, 52.428113668599316 ], [ 8.94558413070963, 52.416267348716616 ], [ 8.937883977424972, 52.402158666596847 ], [ 8.921251073275119, 52.402984808015539 ], [ 8.890277242608157, 52.404703588794355 ], [ 8.88907052054077, 52.39604513016652 ], [ 8.866163761744335, 52.396320595960496 ], [ 8.856831798340297, 52.389176198878346 ], [ 8.787496550181162, 52.398895613545093 ], [ 8.774892249412229, 52.395321503823993 ], [ 8.746988439969048, 52.387372615546923 ], [ 8.7247950181607, 52.40133228596283 ], [ 8.71642677258246, 52.392797199032863 ], [ 8.709091024086749, 52.395344657172807 ], [ 8.704451081104267, 52.417258700769288 ], [ 8.717746145153543, 52.430005648607583 ], [ 8.703414741299875, 52.443187127350726 ], [ 8.710775257140929, 52.464256726544235 ], [ 8.698749761633389, 52.485847289788381 ], [ 8.702887435960763, 52.500526195461845 ], [ 8.686965605493528, 52.518827241277869 ], [ 8.671638679730812, 52.516796588584462 ], [ 8.652039761016367, 52.531576963208813 ], [ 8.556896773749914, 52.500571615275639 ], [ 8.509685226745487, 52.514779166733106 ], [ 8.482282856250878, 52.497185802030394 ], [ 8.472954545494144, 52.49911066556178 ], [ 8.460291298910086, 52.492378664021615 ], [ 8.452753358596354, 52.460537916307167 ], [ 8.429501718838365, 52.447601089804216 ], [ 8.424224110077978, 52.451243740198869 ], [ 8.413578084431371, 52.446021949861588 ], [ 8.395876745997953, 52.449734137439293 ], [ 8.368659013099675, 52.443761176126593 ], [ 8.345602171314903, 52.452650548631354 ], [ 8.29693467113009, 52.456060941394909 ], [ 8.306931869578548, 52.444961298359502 ], [ 8.303709795721486, 52.435390709869182 ], [ 8.313578284032708, 52.435443947654996 ], [ 8.321372709291481, 52.425601137449917 ], [ 8.314208288019266, 52.405569377084731 ], [ 8.390991708387828, 52.383820068091573 ], [ 8.444678027529598, 52.361456414740864 ], [ 8.46111952633426, 52.317408407509255 ], [ 8.470326396726589, 52.315090343843366 ], [ 8.464794826776638, 52.30369391794769 ], [ 8.457928582033619, 52.304402380927186 ], [ 8.463046361271724, 52.276067806655163 ], [ 8.466306439353218, 52.267552888116704 ], [ 8.458931703377282, 52.2581151986412 ], [ 8.467569926954326, 52.246349512935204 ], [ 8.459358361487427, 52.241936074567079 ], [ 8.460985063494372, 52.230204065363829 ], [ 8.443176625822618, 52.214234576048312 ], [ 8.448011805863977, 52.200344209660841 ], [ 8.473196642576196, 52.19254969875464 ], [ 8.516660099541205, 52.184982550126009 ], [ 8.481484897508924, 52.160073249543728 ], [ 8.45295316756674, 52.155287033416684 ], [ 8.408867139050768, 52.135240926211402 ], [ 8.410089483780183, 52.115430413939691 ], [ 8.388298812362969, 52.108181343410834 ], [ 8.368394334920383, 52.114042406043474 ], [ 8.324321913232605, 52.125434436847748 ], [ 8.310577334053072, 52.11852435762659 ], [ 8.284978903889606, 52.125746059808002 ], [ 8.284508763191388, 52.133854052114231 ], [ 8.26780549690776, 52.13156338354046 ], [ 8.262640869353584, 52.12038939099785 ], [ 8.246387361176403, 52.121514554888591 ], [ 8.19991173875451, 52.087602094170371 ], [ 8.193403405645629, 52.073698814317353 ], [ 8.17535198408134, 52.074130751885377 ], [ 8.133992728447993, 52.072040217814724 ], [ 8.097306294344982, 52.057474538192807 ], [ 8.092406022130808, 52.063972395903654 ], [ 8.058416748367945, 52.067650386217849 ], [ 8.047484030612296, 52.063300007059148 ], [ 8.031820187809156, 52.068592723790125 ], [ 7.994148365473277, 52.050284155221334 ], [ 7.980938058814159, 52.036091566056811 ], [ 7.916342048104887, 52.05062420735274 ], [ 7.919493545105949, 52.057475858183409 ], [ 7.884863638739006, 52.083227577980317 ], [ 7.899959146350337, 52.091801787071766 ], [ 7.950504621639792, 52.102108467746667 ], [ 7.971707791777161, 52.116023339259399 ], [ 8.008697236522732, 52.115693940601496 ], [ 7.998817470027248, 52.149236189342005 ], [ 8.00317358873988, 52.159631810922768 ], [ 8.023636677490256, 52.160446752304246 ], [ 8.016756618422892, 52.171631435184715 ], [ 8.007135569870295, 52.17614760760528 ], [ 7.97433174632632, 52.171157282836639 ], [ 7.928652026073532, 52.179759258341178 ], [ 7.905189631812348, 52.198115969214676 ], [ 7.899680021957646, 52.207320117888202 ], [ 7.913470334226191, 52.222567550934151 ], [ 7.921687264285104, 52.222455911919909 ], [ 7.926887990353542, 52.233086613335956 ], [ 7.928992212708392, 52.264713934137994 ], [ 7.946187755393629, 52.265126504297598 ], [ 7.955513248649781, 52.271939413490145 ], [ 7.928588873120657, 52.293124959829051 ], [ 7.944916650933527, 52.305164042683501 ], [ 7.98749648006826, 52.303994065961675 ], [ 7.990204949657881, 52.309396170733812 ], [ 7.963488777166452, 52.324438332293482 ], [ 7.949823732537962, 52.334146512275325 ], [ 7.950253530968134, 52.348347011175889 ], [ 7.942616556616175, 52.348013545241095 ], [ 7.936979123568443, 52.363920419016537 ], [ 7.923457990052046, 52.365412810038251 ], [ 7.891727377232749, 52.380470567507921 ], [ 7.841798469786166, 52.368600237971918 ], [ 7.813499706288942, 52.370901413357203 ], [ 7.780451815435007, 52.381013623362662 ], [ 7.7467417872925, 52.39248520994515 ], [ 7.714050508213504, 52.40085723549516 ], [ 7.684865115404531, 52.456218795235195 ], [ 7.608904026335445, 52.473622550702068 ], [ 7.586052403087978, 52.458527406646169 ], [ 7.571780109347856, 52.430676298391887 ], [ 7.604073795058902, 52.420802322897032 ], [ 7.601911420360936, 52.414387084795457 ], [ 7.585812017245567, 52.404645219129335 ], [ 7.573785829253354, 52.383262550190125 ], [ 7.579623224732554, 52.377115324058423 ], [ 7.56769726962309, 52.377390406162121 ], [ 7.562843871570814, 52.369174250644072 ], [ 7.542908053753495, 52.369008161726349 ], [ 7.534216608371646, 52.370477662004681 ], [ 7.455798140088799, 52.338923935980162 ], [ 7.438519673008715, 52.333447498868274 ], [ 7.419993593235112, 52.312975148281723 ], [ 7.386237949089907, 52.309453455000671 ], [ 7.365873652566622, 52.293056528012016 ], [ 7.329481185970979, 52.281128941919043 ], [ 7.316644057423912, 52.280069961727115 ], [ 7.297416760197565, 52.264163409826672 ], [ 7.218250151566725, 52.264272482210103 ], [ 7.209375789184302, 52.264606576220856 ], [ 7.158556381960727, 52.266839998127125 ], [ 7.121426114443143, 52.261845892636146 ], [ 7.099165913722852, 52.242977072082738 ], [ 7.063740735731828, 52.241290015217679 ], [ 7.02928538108834, 52.273151322542091 ], [ 7.026322773348733, 52.289119351480053 ], [ 7.074848165671288, 52.368655764766814 ], [ 7.058989656607781, 52.398345766269649 ], [ 7.035110767740496, 52.402620122122251 ], [ 7.010820898404532, 52.429566277193146 ], [ 6.998914815001218, 52.45610012277897 ], [ 6.987854430157705, 52.469169148669202 ], [ 6.977868769977745, 52.464915784672804 ], [ 6.955305864244863, 52.442222124583658 ], [ 6.941551694615442, 52.435239312889784 ], [ 6.852380752889038, 52.450335007300446 ], [ 6.854129242077293, 52.459653215139618 ], [ 6.77537188150892, 52.459626156427603 ], [ 6.744467018206104, 52.467462672443922 ], [ 6.720750434753626, 52.477115341988089 ], [ 6.697738766175213, 52.48647187358047 ], [ 6.700109564020127, 52.497487628356126 ], [ 6.702705904785061, 52.50933877868777 ], [ 6.705122810983068, 52.520535760192011 ], [ 6.681455746236924, 52.551934528803706 ], [ 6.715564492214122, 52.548967400462701 ], [ 6.725354186423229, 52.563204132133137 ], [ 6.768801920432844, 52.561802217866877 ], [ 6.718749762070857, 52.589091536097364 ], [ 6.726517836398758, 52.614960408490298 ], [ 6.711137486055239, 52.628353842081076 ], [ 6.759770526010819, 52.649282129847087 ], [ 6.787949361590309, 52.652933416163052 ], [ 6.818659711008353, 52.648192111800853 ], [ 6.893407809327239, 52.651545281360271 ], [ 6.91900219982944, 52.640279110917845 ], [ 6.951536771747857, 52.63926780687023 ], [ 6.976185086234736, 52.645723954941566 ], [ 7.005416194548171, 52.638714239061834 ], [ 7.040665000283616, 52.632968471422117 ], [ 7.054262279909264, 52.64390744375585 ], [ 7.063512353567767, 52.7228089542795 ], [ 7.071689795161375, 52.810855349621846 ], [ 7.092377643479515, 52.838080270664832 ], [ 7.087275664041838, 52.850726615010203 ], [ 7.119210860653721, 52.878999234040023 ], [ 7.153299263632396, 52.913125498067679 ], [ 7.181120951019594, 52.940931626862159 ], [ 7.208633771992858, 53.00021797880995 ], [ 7.216039632974291, 53.007166966137021 ], [ 7.198934651383368, 53.081186160684638 ], [ 7.202629221887676, 53.113022806246306 ], [ 7.185106191329266, 53.121348640968876 ], [ 7.180601285887164, 53.138115784220609 ], [ 7.201644796821691, 53.173525208226543 ], [ 7.230755847337971, 53.177977865074048 ], [ 7.208990993861959, 53.189082035829991 ], [ 7.217914093332906, 53.20002873010985 ], [ 7.208754225642206, 53.244283452103744 ], [ 7.227815594955064, 53.259063339998207 ], [ 7.236189164323573, 53.287401637174639 ], [ 7.229071799551581, 53.293275773016148 ], [ 7.244300005836191, 53.318826216451953 ], [ 7.249710862645138, 53.324898253059743 ], [ 7.264324752312596, 53.325599264880367 ], [ 7.256765624128922, 53.330095807830403 ], [ 7.180142792498302, 53.334596864643274 ], [ 7.027705516239355, 53.336245720136283 ], [ 6.998628740368118, 53.360280088193683 ], [ 6.99764165910904, 53.371723689100264 ], [ 7.010612859128615, 53.385327775332129 ], [ 7.009781780422927, 53.424576415551279 ], [ 7.024534189198401, 53.482887285123439 ], [ 7.048100393448258, 53.507299754442045 ], [ 7.032272041955463, 53.529579461751354 ], [ 7.033325701586509, 53.545064029401274 ], [ 7.064941626911393, 53.523174726706642 ], [ 7.0772916986317, 53.532708293441054 ], [ 7.097611735625374, 53.51254459578923 ], [ 7.10051995863645, 53.524463119901981 ], [ 7.12299258910928, 53.525899215994151 ], [ 7.137356187110178, 53.536420504258118 ], [ 7.087107718895806, 53.570257543098606 ], [ 7.089797024464841, 53.580343591896238 ], [ 7.144113868658873, 53.611154813516585 ], [ 7.155380403279775, 53.629161503260207 ], [ 7.166520720494329, 53.627187342493428 ], [ 7.181305748526493, 53.640644334176159 ], [ 7.241736276789354, 53.6682793448065 ], [ 7.317394099539483, 53.683381133858916 ], [ 7.48050418125631, 53.68332795030129 ], [ 7.513821066995632, 53.671932914282884 ], [ 7.554065423822333, 53.674736774762621 ], [ 7.609485268701255, 53.687368773735933 ], [ 7.703774562075471, 53.703161866344722 ], [ 7.741597710747283, 53.700026830400951 ], [ 7.811398426730107, 53.711642960058008 ], [ 7.911395014466962, 53.718645180553551 ], [ 8.028935646557464, 53.707569542920723 ], [ 8.021053846231167, 53.684164753052123 ], [ 8.043279844072343, 53.641213628026343 ], [ 8.071691123954801, 53.647743962909161 ], [ 8.090946494976386, 53.638249573482604 ], [ 8.122752611698507, 53.598362464043852 ], [ 8.148820556915073, 53.602193866774002 ], [ 8.156456531376515, 53.584768994784696 ], [ 8.139940665851443, 53.580894451869838 ], [ 8.168808208381618, 53.545212139109012 ], [ 8.172202785278776, 53.535778928560696 ], [ 8.15794542352819, 53.516233809751611 ], [ 8.091129147212953, 53.501878272163239 ], [ 8.061237737287286, 53.505452173038975 ], [ 8.064828876924606, 53.473637790361025 ], [ 8.069329965799961, 53.466838600069899 ], [ 8.098417805493005, 53.445383605805119 ], [ 8.121259053048904, 53.45215690999359 ], [ 8.149843468190332, 53.449432979192935 ], [ 8.196426212239011, 53.408171656720747 ], [ 8.234836032160429, 53.398068481144854 ], [ 8.258762018741848, 53.401473904121346 ], [ 8.280360225839344, 53.414093348997987 ], [ 8.2976000990994, 53.431917308464321 ], [ 8.296454794467918, 53.442137252533378 ], [ 8.312959665379438, 53.454093388781189 ], [ 8.315926755415564, 53.50038633336608 ], [ 8.314869856704258, 53.515350099947469 ], [ 8.30289671895452, 53.524612893497832 ], [ 8.266103215931921, 53.518045523766418 ], [ 8.229944323407837, 53.520100375829394 ], [ 8.241266492499616, 53.581089817935911 ], [ 8.260971855009256, 53.599553695045358 ], [ 8.287754026261528, 53.611749239255488 ], [ 8.308036336358008, 53.617261402469978 ], [ 8.333349288053212, 53.612898411643506 ], [ 8.395524758772032, 53.569871836912682 ], [ 8.47462843970448, 53.553714476999538 ], [ 8.503540447980445, 53.551098403931192 ], [ 8.518209860534068, 53.559155229091296 ], [ 8.518292266308926, 53.548998954284286 ], [ 8.550415107308856, 53.537734895162352 ], [ 8.554806122675394, 53.525507117322995 ], [ 8.545339948933051, 53.520943805212397 ], [ 8.552550203916441, 53.515511510000195 ], [ 8.508933328782676, 53.497573347730487 ], [ 8.49209558132368, 53.474484505470578 ], [ 8.506618436370569, 53.472870786847096 ], [ 8.569913612875521, 53.488468546928317 ], [ 8.605985672571945, 53.484218007992531 ], [ 8.638192107159494, 53.503269591965797 ], [ 8.65007206323059, 53.511130069267985 ], [ 8.639934784982797, 53.534325649136214 ], [ 8.644662987198313, 53.555205664048806 ], [ 8.629561717516948, 53.55534632925422 ], [ 8.61614733535508, 53.575213951050024 ], [ 8.642768672005642, 53.590095920547718 ], [ 8.635580050648409, 53.594087827013176 ], [ 8.652245582778836, 53.6072830505287 ], [ 8.6243315782885, 53.605890024846808 ], [ 8.593756503756621, 53.593449712788626 ], [ 8.557154334642785, 53.604528770204787 ], [ 8.51849277172092, 53.605928445683233 ], [ 8.508829157533308, 53.62329640275275 ], [ 8.48477756853425, 53.655700986339113 ], [ 8.482531292229798, 53.693513443345886 ], [ 8.521468339739233, 53.750565699311714 ], [ 8.551136645502638, 53.822647951200722 ], [ 8.565256717164665, 53.845572873474886 ], [ 8.575336312850785, 53.844444290154293 ], [ 8.599602162419126, 53.873690091657792 ], [ 8.61430942029299, 53.882028190450875 ], [ 8.673254427303618, 53.892252630548548 ], [ 8.687295848674868, 53.891873873444588 ], [ 8.68839623409983, 53.880082785033856 ], [ 8.703689927212245, 53.87910943685678 ], [ 8.727872389118092, 53.858440528106826 ], [ 8.783972200392601, 53.834757487754736 ], [ 8.830538363889676, 53.833141991915134 ], [ 8.893756196073062, 53.829090236945042 ], [ 8.959085231181382, 53.837533871827418 ], [ 8.980381856202213, 53.840288102643889 ], [ 9.018210484915963, 53.834958340390308 ], [ 9.012845408985077, 53.840811789746439 ], [ 9.087955025213359, 53.861458040067127 ], [ 9.175213758556328, 53.86347825723638 ], [ 9.254296255026823, 53.859830158561827 ], [ 9.277176512166198, 53.856346665483073 ], [ 9.331830967676851, 53.816531753968498 ], [ 9.354359399899186, 53.789732468871023 ], [ 9.403506703735669, 53.737704845728729 ], [ 9.485653005429638, 53.680061980156431 ], [ 9.540953369722363, 53.613917139082815 ], [ 9.58469722271602, 53.588112069420582 ], [ 9.605816945467527, 53.581769615674958 ], [ 9.634593654562334, 53.571817671120407 ], [ 9.676459426245188, 53.54718606113881 ], [ 9.766874294817868, 53.541676429267874 ], [ 9.779369927760643, 53.519809069571131 ], [ 9.770787349611711, 53.521780596673516 ], [ 9.768388047603846, 53.504718936017646 ], [ 9.786426355332491, 53.499394037402865 ], [ 9.782650773787484, 53.492474148806046 ], [ 9.802878760861562, 53.493805323990024 ], [ 9.799889710425774, 53.469445266539097 ], [ 9.85685690639453, 53.436848959767133 ], [ 9.90348639946663, 53.456478127880054 ], [ 9.919697770660546, 53.434302396830468 ], [ 9.906383211769899, 53.415969770126758 ], [ 9.929206259890304, 53.419232212712956 ], [ 9.942134999735163, 53.421142829218951 ], [ 9.95064365584722, 53.431300492499396 ], [ 9.974881206950171, 53.420406154582651 ], [ 9.97341821770873, 53.413183277706182 ], [ 9.985296043477105, 53.416208253862287 ], [ 9.995291000026587, 53.426126392034519 ], [ 10.028749489038143, 53.434976340431966 ], [ 10.015631704996593, 53.442681109626804 ], [ 10.021336273008943, 53.446837352933748 ], [ 10.047297066140541, 53.446000883885823 ], [ 10.042190704770173, 53.456424620456687 ], [ 10.052232145277335, 53.464124294126371 ], [ 10.084131435979147, 53.451598718744826 ], [ 10.108492390422564, 53.426942860981377 ], [ 10.138695028068442, 53.42089692029996 ], [ 10.148991413922813, 53.408378255277206 ], [ 10.166825117047155, 53.398662521632239 ], [ 10.229948962381178, 53.394925148353245 ], [ 10.24402167300841, 53.399166373737991 ], [ 10.25939572262995, 53.41830747537761 ], [ 10.314000439382337, 53.434127324111238 ], [ 10.330906291178065, 53.424975996715972 ], [ 10.33493827146733, 53.423895707233946 ], [ 10.373104846522141, 53.424956732490266 ], [ 10.396212685838735, 53.413205619767773 ], [ 10.43010018532315, 53.398589026007372 ], [ 10.468943216369873, 53.385996926546326 ], [ 10.51690464269501, 53.371677338514026 ], [ 10.528830716672246, 53.370398701005961 ], [ 10.584712016568727, 53.361073647732319 ], [ 10.597697664255319, 53.366265485845098 ], [ 10.650798880580069, 53.369025069173439 ], [ 10.712508295977207, 53.367323272090239 ], [ 10.738209448290046, 53.344823301596655 ], [ 10.758374634742712, 53.341233643383276 ], [ 10.759040245421454, 53.330329979109877 ], [ 10.805111283310573, 53.314423889752653 ], [ 10.827062791070174, 53.311698022301819 ], [ 10.834109527143719, 53.304893282447082 ], [ 10.868634608987023, 53.317323406144006 ], [ 10.865740379668848, 53.326661277860737 ], [ 10.880363558430863, 53.321592748206029 ], [ 10.887987591038229, 53.324849403751941 ], [ 10.882432370325047, 53.335112732530142 ], [ 10.908890814262186, 53.33691490925019 ], [ 10.918326466176522, 53.34857596030897 ], [ 10.928268882670302, 53.348505760375879 ], [ 10.930612394107317, 53.340876121699345 ], [ 10.955108672859918, 53.333930258305266 ], [ 10.958699055441116, 53.338428699895246 ], [ 10.986833008764895, 53.333745709525665 ], [ 10.981830383268159, 53.328013306429789 ], [ 10.998763112526209, 53.321231853298606 ], [ 11.008980449587426, 53.301335726667467 ], [ 11.009385241758562, 53.28184802974495 ], [ 11.028742928915021, 53.277793381705429 ], [ 11.062294892625889, 53.236006170251954 ], [ 11.087761704134268, 53.217445181397601 ], [ 11.145480305172306, 53.197542261745745 ], [ 11.13735294910224, 53.191879591952791 ], [ 11.193348398628988, 53.18099712895873 ], [ 11.189400928694957, 53.165918261877515 ], [ 11.171374311967501, 53.157051388558472 ], [ 11.18769018694479, 53.134465498983836 ], [ 11.197269274543526, 53.135736844799659 ], [ 11.214442226674306, 53.143925850057471 ], [ 11.235655042856994, 53.139247491712119 ], [ 11.268166449172721, 53.121045687963104 ], [ 11.272925145805381, 53.097489908723425 ], [ 11.325632866736324, 53.064228320349713 ], [ 11.340632764624075, 53.055217027512263 ], [ 11.382610742178308, 53.06533576816809 ], [ 11.420499540501259, 53.074441556282942 ], [ 11.452205455338664, 53.078576553974273 ], [ 11.475257325365089, 53.066428721953848 ], [ 11.505134630395283, 53.048567157534222 ], [ 11.524412889258247, 53.0467772465528 ], [ 11.543536934975005, 53.052980915256676 ], [ 11.573821942592476, 53.038027694774961 ], [ 11.597698156800792, 53.036655384224169 ], [ 11.558858986994775, 53.012957848219862 ], [ 11.559657619607751, 52.997937978371368 ], [ 11.512152004294748, 53.007026047898265 ], [ 11.498231096845236, 52.975879980194755 ], [ 11.491612473778261, 52.959641857357859 ], [ 11.505317638285447, 52.94153848421962 ], [ 11.472167200303568, 52.939059928491453 ], [ 11.446237449871289, 52.928649485823016 ], [ 11.438636816165658, 52.924525987752219 ], [ 11.406938942045471, 52.90427726036966 ], [ 11.374353273654476, 52.900120182858892 ], [ 11.314723654313207, 52.878459083295162 ], [ 11.294939902125154, 52.875482433687083 ], [ 11.290092861723789, 52.888730974854909 ], [ 11.265876320187521, 52.880227054207282 ], [ 11.240378227340043, 52.879338478597887 ], [ 11.230564647293194, 52.891354870049504 ], [ 11.219645072468063, 52.892617049588416 ], [ 11.220528933623134, 52.897745349507737 ], [ 11.156196140433284, 52.905830630077489 ], [ 11.13620782181996, 52.897367748990249 ], [ 11.103064287203626, 52.896509820658515 ], [ 11.093944935267119, 52.899422770686257 ], [ 11.098537213951673, 52.912887045554065 ], [ 11.089655035829834, 52.913406249487757 ], [ 11.012907709818489, 52.910154696293645 ], [ 10.992626091914135, 52.906564702641646 ], [ 10.983842871776714, 52.881499487329364 ], [ 10.975055540022947, 52.876928083106037 ], [ 10.968313168911163, 52.878429414170633 ], [ 10.940068379544533, 52.853353508820263 ], [ 10.9292397201214, 52.853838157348918 ], [ 10.906669426778869, 52.854470288550523 ], [ 10.895919037913863, 52.856317992943019 ], [ 10.889711277603253, 52.846259259144297 ], [ 10.876169023563985, 52.848154090426078 ], [ 10.8716107933383, 52.855387810552052 ], [ 10.841022816213814, 52.852780276330634 ], [ 10.834925630818022, 52.84780730256022 ], [ 10.800563480155272, 52.850373264979233 ], [ 10.796253474521087, 52.84365670249862 ], [ 10.764724820297383, 52.842411472138565 ], [ 10.771813192323501, 52.833960253272629 ], [ 10.75676360158041, 52.818974925451926 ], [ 10.759394019772969, 52.810395660514118 ], [ 10.758256814973736, 52.794947519195581 ], [ 10.756241551204242, 52.782400055521272 ], [ 10.775821403767459, 52.75488475624126 ], [ 10.790809401662266, 52.748870403817932 ], [ 10.796728850653468, 52.714246630016007 ], [ 10.828669516792926, 52.717008026390374 ], [ 10.833634325946186, 52.703529459588282 ], [ 10.901610143303381, 52.63257927110088 ], [ 10.925092311759517, 52.610136886912656 ], [ 10.964680864791115, 52.626239736130699 ], [ 10.976627862718617, 52.624115982157328 ], [ 10.973250070687522, 52.605128435382902 ], [ 10.939741893736135, 52.589167659695853 ], [ 10.94658603897347, 52.582560040638917 ], [ 10.936460272961625, 52.567570557550162 ], [ 10.941952476636164, 52.549185273907455 ], [ 11.009059955915292, 52.496593587781184 ], [ 10.974068932297286, 52.501133918855885 ], [ 10.958790018031195, 52.497047318089869 ], [ 10.947927675135448, 52.493340468943778 ], [ 10.934600730288818, 52.471713779955707 ], [ 10.93401855203579, 52.461760523290607 ], [ 10.947749451380378, 52.455271140310565 ], [ 10.961204379353562, 52.434520532313108 ], [ 10.983304761593866, 52.424185785227742 ], [ 11.002028528983198, 52.410107612471911 ], [ 11.021811464992179, 52.393197317582576 ], [ 11.036328442118135, 52.38524579056805 ], [ 11.042631832046498, 52.388653308225898 ], [ 11.071238570989731, 52.372798477786326 ], [ 11.068091645966017, 52.355313403143064 ], [ 11.037265652663121, 52.344266661574345 ], [ 11.02245470847736, 52.347533571372111 ], [ 10.982096743570342, 52.342392534808575 ], [ 10.986783927607325, 52.334613262206275 ], [ 11.001520331330294, 52.336138046516268 ], [ 11.035865716775188, 52.310536961759517 ], [ 11.038733942836878, 52.301287319029377 ], [ 11.014153192792781, 52.291898862751928 ], [ 11.02872326130818, 52.270580657052214 ], [ 11.053375806765299, 52.266543469344469 ], [ 11.05564539393446, 52.258110461475312 ], [ 11.058289544570597, 52.240820247757547 ], [ 11.073386830650009, 52.242484821106309 ], [ 11.085928916613845, 52.228950631293323 ], [ 11.075528489789626, 52.218549621439635 ], [ 11.059841803317445, 52.2167066629762 ], [ 11.023650383989628, 52.20818403252094 ], [ 11.024667338497485, 52.200921712399406 ], [ 11.014019784489106, 52.199249116392245 ], [ 11.01369958951458, 52.182331590090783 ], [ 11.034355278988725, 52.172005326449593 ], [ 11.060873199538449, 52.173020425171529 ], [ 11.058592351259936, 52.154069151969345 ], [ 11.048226126788187, 52.147913358827473 ], [ 11.0434640727513, 52.133862992430188 ], [ 11.02906209731194, 52.132056633130524 ], [ 10.976566581462549, 52.106336876466465 ], [ 10.941498243995206, 52.103800242673756 ], [ 10.940445515153565, 52.094683428788187 ], [ 10.970362981500109, 52.085691399250024 ], [ 10.964071411911918, 52.057328111667672 ], [ 10.950597633788842, 52.058647039637357 ], [ 10.872646756190228, 52.058206455599276 ], [ 10.841486066557184, 52.050102956856506 ], [ 10.83085511820183, 52.048174466486074 ], [ 10.801007467865412, 52.048298513227891 ], [ 10.743466009121521, 52.048627271426426 ], [ 10.723253663220037, 52.049099059528594 ], [ 10.676835869361078, 52.045867291129625 ], [ 10.648258267059397, 52.042064970126162 ], [ 10.655364748010339, 52.024681084583165 ], [ 10.642437809716617, 52.022559165994714 ], [ 10.634067049242107, 52.013125953498886 ], [ 10.600176891265331, 52.007295740425441 ], [ 10.592058320806736, 52.014453288795053 ], [ 10.561475531998028, 52.004641489880285 ], [ 10.583449371412204, 51.986278275522992 ], [ 10.584872531334849, 51.975621922598087 ], [ 10.60593706192328, 51.977310291143255 ], [ 10.61892380912249, 51.957417219733834 ], [ 10.641825607429766, 51.962799787308825 ], [ 10.648365520843631, 51.95448027494416 ], [ 10.625134625910555, 51.949370973907463 ], [ 10.612904754079093, 51.938408780140762 ], [ 10.612828583444516, 51.920408570687897 ], [ 10.626902975160839, 51.917143582305165 ], [ 10.640349709650483, 51.913984344343127 ], [ 10.650763598995502, 51.900429239996008 ], [ 10.65007204991087, 51.889334131181677 ], [ 10.635177014303194, 51.876695426133423 ], [ 10.603081167851231, 51.854958522574442 ], [ 10.582316201355855, 51.851439489786614 ], [ 10.576389373806897, 51.842537855535944 ], [ 10.587296412964971, 51.835216929594694 ], [ 10.573752958618085, 51.81081197848399 ], [ 10.585957799010297, 51.787594833218733 ], [ 10.579740172852441, 51.782219717154227 ], [ 10.59778940505751, 51.765551521190076 ], [ 10.625983434028358, 51.758178776493104 ], [ 10.648960547802162, 51.718570105522019 ], [ 10.668289427516347, 51.708990462937443 ], [ 10.667246684439528, 51.685215406972354 ], [ 10.670787045251995, 51.668261695403565 ], [ 10.686983918753567, 51.65342241197709 ], [ 10.700892315973055, 51.641612701642302 ], [ 10.67557590294879, 51.638162497684448 ], [ 10.68158072812269, 51.628446495261393 ], [ 10.647381476775022, 51.622361944341776 ], [ 10.647936486464708, 51.608098897607533 ], [ 10.635192422288137, 51.607889267849224 ], [ 10.638318211722975, 51.584153387685795 ], [ 10.665836254755286, 51.57570631012392 ], [ 10.657453021483354, 51.558940947608576 ], [ 10.636385385573828, 51.562141487400339 ], [ 10.610143778545931, 51.579801802194851 ], [ 10.593106502814752, 51.573303109952484 ], [ 10.559472099991726, 51.556637306718969 ], [ 10.53393677800565, 51.55932895079065 ], [ 10.518976975208417, 51.553645229964907 ], [ 10.507245878710728, 51.562732896179668 ], [ 10.488246036583998, 51.575561187781311 ], [ 10.430383295371382, 51.592166635700913 ], [ 10.378527215515165, 51.58845416374853 ], [ 10.368610780498866, 51.586599293358148 ], [ 10.37936875267282, 51.570525290855095 ], [ 10.367185615684157, 51.555146353512427 ], [ 10.367783688718873, 51.542929865440499 ], [ 10.344068781720091, 51.520418674594602 ], [ 10.308733109527561, 51.514662828403246 ], [ 10.299710318369121, 51.498317120574598 ], [ 10.274576552275391, 51.487855605497451 ], [ 10.245389892444551, 51.483612693256219 ], [ 10.231706116226555, 51.470429202397249 ], [ 10.21650555694875, 51.47094237850888 ], [ 10.202933181803445, 51.486931975623612 ], [ 10.178625244533624, 51.468083083803414 ], [ 10.185747602966851, 51.462911212543531 ], [ 10.168779833822892, 51.445114121994052 ], [ 10.140575772390772, 51.443258983904904 ], [ 10.152300353256692, 51.431090072937273 ], [ 10.127695776109624, 51.434944851067925 ], [ 10.117168784563482, 51.430922502014226 ], [ 10.079325057331578, 51.43460791097263 ], [ 10.074841305910944, 51.419827945158552 ], [ 10.065330326524963, 51.419784178594227 ], [ 10.054599181566516, 51.435776452252007 ], [ 10.04102227878273, 51.423101643202479 ], [ 10.010140374717801, 51.420394952235185 ], [ 10.006696736198363, 51.409655034074987 ], [ 9.987534968321173, 51.398382007858608 ], [ 9.966734749790936, 51.395731460939707 ], [ 9.947188875374081, 51.381860510372896 ], [ 9.928416205254226, 51.37566171214231 ], [ 9.927897927596888, 51.395369338234772 ], [ 9.906803997432947, 51.407271326626699 ], [ 9.914777541110805, 51.41179398004855 ], [ 9.906512319664365, 51.421577467895176 ], [ 9.883930848501491, 51.415079254807353 ], [ 9.879863636860748, 51.405208439482692 ], [ 9.867150568428675, 51.413545557215144 ], [ 9.854552724843392, 51.413345752200676 ], [ 9.85576427144148, 51.385677494040152 ], [ 9.868317475979042, 51.373086665060526 ], [ 9.84913927953404, 51.374232584655388 ], [ 9.839387941620961, 51.384578889056762 ], [ 9.839511590486161, 51.402007053863052 ], [ 9.820868611300789, 51.412452078193155 ], [ 9.80337705581716, 51.410561161914814 ], [ 9.793400427435452, 51.407326168866746 ], [ 9.79914317757415, 51.385434406474978 ], [ 9.765774200603049, 51.386931124710536 ], [ 9.733280203619923, 51.368576044790665 ], [ 9.703496892931806, 51.365282771824788 ], [ 9.707240941159672, 51.356526667070618 ], [ 9.727006319586328, 51.340742086248 ], [ 9.740921537175131, 51.319484736931386 ], [ 9.769695297824523, 51.335583701522239 ], [ 9.77258822368093, 51.323389583099271 ], [ 9.76785602775289, 51.306714993450328 ], [ 9.730711274357937, 51.294773748462639 ], [ 9.688316649386602, 51.307195083622986 ], [ 9.668880036466156, 51.317896222293612 ], [ 9.662217595856058, 51.313170129217937 ], [ 9.638922897843649, 51.316599404406126 ], [ 9.636493429209221, 51.311209209433635 ], [ 9.626945908308597, 51.312055933670464 ], [ 9.630819763418602, 51.325779633982449 ], [ 9.603935435474162, 51.32579934585133 ], [ 9.581167882793604, 51.341508691297143 ], [ 9.568024766543873, 51.339299643162619 ], [ 9.553358088433157, 51.354475558751048 ], [ 9.542860104055363, 51.362682222226105 ], [ 9.566948251855065, 51.36123622381578 ], [ 9.576272413441391, 51.369992565929763 ], [ 9.559521177622143, 51.377255636728421 ], [ 9.570616263376637, 51.390264369576414 ], [ 9.57930568070041, 51.40159761475126 ], [ 9.595151098027451, 51.398265635391027 ], [ 9.602686801612117, 51.401798681144619 ], [ 9.611418767705098, 51.408997819032621 ], [ 9.630032904368953, 51.406734064520705 ], [ 9.640112442694582, 51.415500769355859 ], [ 9.627533609475877, 51.444378605017413 ], [ 9.640937536368151, 51.464280581385481 ], [ 9.642191262375878, 51.471190600022361 ], [ 9.62088966299126, 51.479193962543768 ], [ 9.590078647780985, 51.518804347047912 ], [ 9.617917074480481, 51.527413399884615 ], [ 9.622362616710108, 51.539323975256529 ], [ 9.614790224350493, 51.54372608075704 ], [ 9.609223319767725, 51.555092105698435 ], [ 9.627741817677308, 51.548566850820677 ], [ 9.647747365629526, 51.552169021361813 ], [ 9.629386776910927, 51.565269542367488 ], [ 9.627815995298176, 51.581812404364307 ], [ 9.635544764142223, 51.583836708652456 ], [ 9.672458919149959, 51.568701479097783 ], [ 9.683683715074997, 51.566665398540017 ], [ 9.684987656586761, 51.582634929066614 ], [ 9.637572198449174, 51.608973828672738 ], [ 9.630773087142499, 51.633737316900913 ], [ 9.624458126034179, 51.637361396716287 ], [ 9.613923471029374, 51.632017402805857 ], [ 9.592780170384289, 51.628566388192318 ], [ 9.58243916367406, 51.624708936687554 ], [ 9.563232216358712, 51.625723529106658 ], [ 9.54988806784073, 51.639178997603658 ], [ 9.531681834781391, 51.632046625137029 ], [ 9.509355269387614, 51.62530724656515 ], [ 9.493864180656805, 51.632004614943064 ], [ 9.488801124662878, 51.656782366750242 ], [ 9.465966835209942, 51.655031141399689 ], [ 9.465929042505079, 51.655056074446591 ], [ 9.443588963635314, 51.647651966178387 ], [ 9.433218549467517, 51.652234674677864 ] ], [ [ 8.481138723955961, 53.224876929403159 ], [ 8.510313339024538, 53.197740143045181 ], [ 8.57335891274845, 53.175951973950326 ], [ 8.61673767692051, 53.168628740522266 ], [ 8.654558461445273, 53.109138197379671 ], [ 8.670104820604452, 53.103581262527271 ], [ 8.668186904977146, 53.090361287108543 ], [ 8.709851844727799, 53.076151471122976 ], [ 8.711125676669303, 53.044625875017701 ], [ 8.732765864947474, 53.03627285587276 ], [ 8.741677546033177, 53.041769973724236 ], [ 8.753676612383325, 53.038651241201585 ], [ 8.761029513253158, 53.049726606694612 ], [ 8.772367148389787, 53.052108702900647 ], [ 8.77901942288382, 53.039137347924132 ], [ 8.807418248067435, 53.031882563672077 ], [ 8.818137652036425, 53.022547617899875 ], [ 8.848027839546949, 53.016460741446707 ], [ 8.867711997026603, 53.020862177194815 ], [ 8.861425034790802, 53.038827293285287 ], [ 8.867390503056662, 53.038904525347952 ], [ 8.894317947742817, 53.013788194310273 ], [ 8.92640923367709, 53.011876380758082 ], [ 8.945414952042539, 53.03074347852553 ], [ 8.979162236273263, 53.04604473320034 ], [ 8.962051541099157, 53.06210405278155 ], [ 8.962879199904732, 53.087979351595735 ], [ 8.990830709886586, 53.09777764443669 ], [ 8.962514085445161, 53.099780164473195 ], [ 8.950571548362753, 53.115983655034313 ], [ 8.981741351520176, 53.127366931560822 ], [ 8.956467195115538, 53.147652812149367 ], [ 8.941411122136383, 53.152226984709579 ], [ 8.909168873987912, 53.133668457920926 ], [ 8.864331994391435, 53.131862514868956 ], [ 8.829280417277751, 53.162920694249586 ], [ 8.777726751962627, 53.161736445221578 ], [ 8.742530930529666, 53.164312312985096 ], [ 8.743122563242153, 53.172008336874455 ], [ 8.727811841533462, 53.183081404872624 ], [ 8.71561672842436, 53.182992753927437 ], [ 8.708359454468512, 53.175748114107201 ], [ 8.698509858326704, 53.184981424429957 ], [ 8.673267260270142, 53.178969662004306 ], [ 8.659666122322081, 53.17806905854021 ], [ 8.652972226696388, 53.187882596108679 ], [ 8.628356373218846, 53.197595641130981 ], [ 8.597333283530302, 53.187145790991835 ], [ 8.581798467639794, 53.190850611625798 ], [ 8.59904333328152, 53.212447390046606 ], [ 8.578153249864551, 53.217156532095572 ], [ 8.553992118685416, 53.208628692054077 ], [ 8.529756653025691, 53.216396516038948 ], [ 8.516921462190766, 53.22833697515388 ], [ 8.481138723955961, 53.224876929403159 ] ] ] ] } },
{ "type": "Feature", "properties": { "NUTS_LEVEL": 1, "NUTS_CODE": "DEA", "NUTS_NAME": "Nordrhein-Westfalen" }, "geometry": { "type": "MultiPolygon", "coordinates": [ [ [ [ 8.556896773749914, 52.500571615275639 ], [ 8.652039761016367, 52.531576963208813 ], [ 8.671638679730812, 52.516796588584462 ], [ 8.686965605493528, 52.518827241277869 ], [ 8.702887435960763, 52.500526195461845 ], [ 8.698749761633389, 52.485847289788381 ], [ 8.710775257140929, 52.464256726544235 ], [ 8.703414741299875, 52.443187127350726 ], [ 8.717746145153543, 52.430005648607583 ], [ 8.704451081104267, 52.417258700769288 ], [ 8.709091024086749, 52.395344657172807 ], [ 8.71642677258246, 52.392797199032863 ], [ 8.7247950181607, 52.40133228596283 ], [ 8.746988439969048, 52.387372615546923 ], [ 8.774892249412229, 52.395321503823993 ], [ 8.787496550181162, 52.398895613545093 ], [ 8.856831798340297, 52.389176198878346 ], [ 8.866163761744335, 52.396320595960496 ], [ 8.88907052054077, 52.39604513016652 ], [ 8.890277242608157, 52.404703588794355 ], [ 8.921251073275119, 52.402984808015539 ], [ 8.937883977424972, 52.402158666596847 ], [ 8.94558413070963, 52.416267348716616 ], [ 8.980303053503739, 52.428113668599316 ], [ 8.988105221356429, 52.445293987723858 ], [ 8.978885424223586, 52.450549282891231 ], [ 8.9992558077676, 52.457353119585591 ], [ 9.017359360279272, 52.460103244987629 ], [ 9.024780720650547, 52.478039994596323 ], [ 9.04466363227513, 52.48316603857451 ], [ 9.040524280876644, 52.487226481924843 ], [ 9.0546589860897, 52.500349078380744 ], [ 9.09461650353459, 52.497934632888359 ], [ 9.114616961282616, 52.485466202656475 ], [ 9.127963870706614, 52.48454866576273 ], [ 9.135129899780855, 52.47560336346551 ], [ 9.123133340895532, 52.47440176049313 ], [ 9.125597304064941, 52.468493551884997 ], [ 9.102579058264338, 52.456625539109062 ], [ 9.093873861318894, 52.443095105194075 ], [ 9.109719292363412, 52.435723716038382 ], [ 9.109388378050157, 52.42168809963551 ], [ 9.123483207955715, 52.422156085266721 ], [ 9.125231992792571, 52.412119949682172 ], [ 9.117448036642077, 52.398817279533375 ], [ 9.095193766335859, 52.387702330915552 ], [ 9.097665347229631, 52.371612151099434 ], [ 9.073869826441417, 52.349896537815638 ], [ 9.059927045984926, 52.347229427507351 ], [ 9.060472578888113, 52.340273635217031 ], [ 9.026602290664314, 52.345340817895028 ], [ 9.018349958928376, 52.330990542637352 ], [ 8.998389621992935, 52.326111434824888 ], [ 8.98657018614063, 52.287451020142854 ], [ 8.963621455571928, 52.279481309987247 ], [ 8.976821958626697, 52.271620949284866 ], [ 8.971410682738442, 52.264706220522122 ], [ 9.074749132528099, 52.233955363982794 ], [ 9.061755281121831, 52.223778690488992 ], [ 9.035909715064937, 52.223519365996388 ], [ 9.049922154555583, 52.196333393129208 ], [ 9.042460954745513, 52.184385998707043 ], [ 9.021232063333546, 52.183720593820148 ], [ 9.012937067925131, 52.195186703829371 ], [ 9.00545499578006, 52.189479912251649 ], [ 8.984992859449948, 52.19426034200518 ], [ 9.022225609006583, 52.171687090046014 ], [ 9.012024828829972, 52.162879277187642 ], [ 9.017216083995288, 52.148216981731977 ], [ 9.010414766816011, 52.136266304711363 ], [ 9.017517245665761, 52.132783114155153 ], [ 9.039727435680094, 52.138085553946645 ], [ 9.05325007518185, 52.148181833802376 ], [ 9.070281975142461, 52.147865027976891 ], [ 9.068478820537928, 52.140151747796338 ], [ 9.099486537507223, 52.132701603250268 ], [ 9.127278008547854, 52.138421782263713 ], [ 9.143655783980087, 52.134902469832014 ], [ 9.158582303080406, 52.120092658418272 ], [ 9.132465429916806, 52.096919311771124 ], [ 9.154976897831043, 52.097328012301169 ], [ 9.154499654709038, 52.091268232178926 ], [ 9.174773031945328, 52.086214326005496 ], [ 9.194386194686228, 52.068951043059556 ], [ 9.181130736058615, 52.067977589414319 ], [ 9.173310261977974, 52.059875243283521 ], [ 9.174934320346356, 52.042782429600429 ], [ 9.196936371640222, 52.010991724037524 ], [ 9.180058848060581, 52.00206114769901 ], [ 9.195905516375362, 51.996889385292924 ], [ 9.17468970023317, 51.983259413699209 ], [ 9.195142423628974, 51.963187378116551 ], [ 9.211031107647447, 51.960546388152139 ], [ 9.218525716264903, 51.974149047879159 ], [ 9.263111349477725, 51.975889125772866 ], [ 9.283963566015631, 51.960423305575553 ], [ 9.270286978736765, 51.955136823258066 ], [ 9.272503783127867, 51.93291146154526 ], [ 9.286041898099381, 51.92134597204781 ], [ 9.309444403029731, 51.922212345252035 ], [ 9.340761608123209, 51.90829842367657 ], [ 9.344341234914877, 51.889926482365603 ], [ 9.336184904653743, 51.856946369704211 ], [ 9.32397167743024, 51.855035694358861 ], [ 9.336030222789521, 51.853903987479327 ], [ 9.361195488455557, 51.864835971649576 ], [ 9.405829758113402, 51.855431418353703 ], [ 9.459508941744653, 51.861284808414716 ], [ 9.459868448414474, 51.85508943245592 ], [ 9.433393397585034, 51.840406188390219 ], [ 9.440405612183572, 51.825398593613599 ], [ 9.427168275315433, 51.81427802823746 ], [ 9.447355246116484, 51.794277984976006 ], [ 9.415811402159221, 51.774884371859621 ], [ 9.408515165005973, 51.767902918944039 ], [ 9.399523969640743, 51.758676779315756 ], [ 9.383857385643836, 51.757864455773159 ], [ 9.378853086156363, 51.738079780390287 ], [ 9.391540512826134, 51.734290967969486 ], [ 9.387131422357298, 51.718731645276044 ], [ 9.40412162805749, 51.702381996314863 ], [ 9.386585566127001, 51.688838383115041 ], [ 9.395677245952584, 51.672620900008468 ], [ 9.38084208780319, 51.667425034863818 ], [ 9.374834453657767, 51.649913486274372 ], [ 9.388749967428113, 51.645962336235065 ], [ 9.433218549467517, 51.652234674677864 ], [ 9.443588963635314, 51.647651966178387 ], [ 9.429630274137047, 51.63282404593167 ], [ 9.398573697618426, 51.62627653701071 ], [ 9.376971574704873, 51.627080839011647 ], [ 9.370460752128933, 51.619694971582625 ], [ 9.336578624371079, 51.611835283105393 ], [ 9.372667716429854, 51.591122536289603 ], [ 9.320423282575197, 51.552727464085763 ], [ 9.307615502819536, 51.512627101428507 ], [ 9.282917600682303, 51.514111148055576 ], [ 9.268849471822479, 51.506883750765908 ], [ 9.263577684808224, 51.498658534423917 ], [ 9.241360326626719, 51.4976944077901 ], [ 9.226321845559527, 51.489488627033261 ], [ 9.217185409619928, 51.481183335053728 ], [ 9.218858187116634, 51.468970602288437 ], [ 9.215122430493675, 51.459124773875914 ], [ 9.185762827829116, 51.466340959744826 ], [ 9.17501603624517, 51.463341092136098 ], [ 9.1570044418454, 51.442828123086294 ], [ 9.138676500287712, 51.449969836253302 ], [ 9.113750844646145, 51.44424304163325 ], [ 9.089605918864649, 51.446025682761601 ], [ 9.087037053720532, 51.462128830915709 ], [ 9.079005060783459, 51.463795799821781 ], [ 9.09452383703376, 51.49567391250558 ], [ 9.079076710551462, 51.503847921814049 ], [ 9.061203480346759, 51.49861895108419 ], [ 9.038721388951814, 51.502445420783076 ], [ 9.019421412697584, 51.518359379810136 ], [ 8.969678844602438, 51.50582476624627 ], [ 8.890696729127678, 51.481987049966001 ], [ 8.920975357253472, 51.445683026923724 ], [ 8.919522936016806, 51.43055460019869 ], [ 8.94513251852459, 51.430149446723632 ], [ 8.950235213279603, 51.425206981274108 ], [ 8.937544059694003, 51.389553992791392 ], [ 8.890471239469559, 51.392761182275109 ], [ 8.854331676222902, 51.377664164524539 ], [ 8.823434336817927, 51.390168023332812 ], [ 8.804181719460063, 51.390755666953289 ], [ 8.731009001148994, 51.372082993172405 ], [ 8.700880118623203, 51.377385043642448 ], [ 8.676420845411, 51.370816162813618 ], [ 8.682798098651517, 51.361519437179304 ], [ 8.653840195363314, 51.349691018296468 ], [ 8.655338364661095, 51.340691246312851 ], [ 8.636810311728752, 51.343429224112874 ], [ 8.620946637961472, 51.336597869375197 ], [ 8.573632626362055, 51.291832874416315 ], [ 8.556302501935686, 51.277548000263167 ], [ 8.567317822695808, 51.270485055532149 ], [ 8.597660094863661, 51.246897387710014 ], [ 8.625748312098997, 51.253344190302577 ], [ 8.628098752293493, 51.260806738062264 ], [ 8.682025813281388, 51.268981697426796 ], [ 8.693974744071474, 51.276717227239239 ], [ 8.721210462519251, 51.274811816111388 ], [ 8.721527076726405, 51.268462868045553 ], [ 8.734964193450031, 51.263725229717359 ], [ 8.727339712024708, 51.250110645768316 ], [ 8.741580895554605, 51.218097520956221 ], [ 8.768491037671696, 51.208986067631372 ], [ 8.750332171547365, 51.198933355291288 ], [ 8.750277378940922, 51.180717140830708 ], [ 8.757716851750688, 51.176706333013279 ], [ 8.692383440983935, 51.132470146255798 ], [ 8.701859650055718, 51.116470474966256 ], [ 8.720227895473387, 51.115140827575757 ], [ 8.714566900565272, 51.10880848364669 ], [ 8.68913761254311, 51.109055930209365 ], [ 8.669664116448098, 51.100769282986001 ], [ 8.656299401360293, 51.094294930889475 ], [ 8.549986676722696, 51.10183794834758 ], [ 8.542911843782212, 51.096058279398832 ], [ 8.527027382929365, 51.096492952217645 ], [ 8.503104783038232, 51.080029262217387 ], [ 8.504745025428672, 51.073855083215243 ], [ 8.518918847479519, 51.070140986572738 ], [ 8.526890204965099, 51.059471373858464 ], [ 8.505571688154612, 51.040441470871357 ], [ 8.519077469895226, 51.043110866354418 ], [ 8.535337650352233, 51.02421398484551 ], [ 8.53864508857259, 51.019653136462694 ], [ 8.473905454214453, 50.975791785987141 ], [ 8.478768324668341, 50.969215690539521 ], [ 8.465412537799704, 50.968437371677155 ], [ 8.458128632021172, 50.965189118298767 ], [ 8.461767726203368, 50.949612373025673 ], [ 8.450138237105357, 50.9415952793589 ], [ 8.455500885030567, 50.916216964093408 ], [ 8.432523990032983, 50.917394905499258 ], [ 8.416270064395707, 50.908301532248558 ], [ 8.387210632226191, 50.891170064574446 ], [ 8.384863590166063, 50.875816292857529 ], [ 8.371838943642937, 50.87441728224109 ], [ 8.368266186309132, 50.86421632703582 ], [ 8.355744388925158, 50.861861526786377 ], [ 8.337447520534585, 50.865671945562219 ], [ 8.305623906252237, 50.861604891269636 ], [ 8.282947229562563, 50.883415227637947 ], [ 8.271205763943387, 50.882619130377897 ], [ 8.230498524475628, 50.850155807855131 ], [ 8.198019871887736, 50.834074429908917 ], [ 8.164474517274536, 50.802696613912531 ], [ 8.128358718521852, 50.788429714834578 ], [ 8.136643992271205, 50.7673176508751 ], [ 8.152818512597246, 50.759580398590757 ], [ 8.167404585149082, 50.734696030853883 ], [ 8.142693267736044, 50.695435318675088 ], [ 8.131718228784791, 50.696909567889882 ], [ 8.126323785202956, 50.685924298692278 ], [ 8.098167252669969, 50.703825128663944 ], [ 8.076124442486414, 50.705715262204649 ], [ 8.060073312893834, 50.695466226944809 ], [ 8.040108597714962, 50.697231200873063 ], [ 8.039959722003209, 50.726954690134377 ], [ 8.026523973572745, 50.734235267897787 ], [ 8.011020643629719, 50.746097161314239 ], [ 7.986639788691388, 50.760028087412138 ], [ 7.968290145426258, 50.773989629255901 ], [ 7.964925078256726, 50.787042325739556 ], [ 7.973139021869356, 50.814707370601134 ], [ 7.977476896943601, 50.831691087548016 ], [ 7.968095510967275, 50.835592114347556 ], [ 7.966972573848573, 50.846560116783223 ], [ 7.928449393957432, 50.84662843024693 ], [ 7.919907377011434, 50.844713399679236 ], [ 7.90566961868274, 50.84856454028376 ], [ 7.883694419222723, 50.874510757109078 ], [ 7.8514852315317, 50.878102588466326 ], [ 7.829291267100848, 50.883143545538559 ], [ 7.833678065404729, 50.907409454208704 ], [ 7.850013725472949, 50.924844293012058 ], [ 7.811713915994727, 50.938775917874992 ], [ 7.786209118440888, 50.940443581716607 ], [ 7.77596069019248, 50.929552737287707 ], [ 7.736210236135696, 50.915676348790761 ], [ 7.759985519302426, 50.900158439499222 ], [ 7.748387838028693, 50.867101590378454 ], [ 7.76569290176677, 50.856390676277869 ], [ 7.755122367303552, 50.851594357836262 ], [ 7.762744007103352, 50.84510251169695 ], [ 7.729652400260224, 50.850089002208705 ], [ 7.708151758506259, 50.830098256922952 ], [ 7.699267739105164, 50.825580238605397 ], [ 7.661044568378133, 50.820392317640682 ], [ 7.663886511943519, 50.813981917671825 ], [ 7.680613979320734, 50.811602313337751 ], [ 7.675191481682011, 50.802765264047849 ], [ 7.68175125650866, 50.796504885118658 ], [ 7.682048948491643, 50.783243823885066 ], [ 7.66027407104523, 50.786184276111413 ], [ 7.663479359741618, 50.771099570890712 ], [ 7.659660724974958, 50.768286755431077 ], [ 7.612189494672629, 50.767212582382349 ], [ 7.600471058453556, 50.765001996227902 ], [ 7.592304729855975, 50.746833174392506 ], [ 7.589547192454409, 50.739716793448039 ], [ 7.562280813956962, 50.743314349642418 ], [ 7.549262996753347, 50.746528123573896 ], [ 7.539111488156273, 50.742168916511687 ], [ 7.519502395973156, 50.728953867496998 ], [ 7.503117796806788, 50.730241901517218 ], [ 7.48181765978363, 50.719925591433615 ], [ 7.457206665098127, 50.718454260834825 ], [ 7.439103012782301, 50.711575574976862 ], [ 7.425109095740836, 50.710221605654155 ], [ 7.410322222882622, 50.718914376502823 ], [ 7.3967637182467, 50.714391098443848 ], [ 7.374142422564326, 50.718582425781037 ], [ 7.35909753617134, 50.697840072731879 ], [ 7.367646549750106, 50.697225291631803 ], [ 7.370358995922325, 50.670623676773054 ], [ 7.35972178530673, 50.671595283344203 ], [ 7.35564908643928, 50.647697196321559 ], [ 7.311699428584216, 50.635547758427769 ], [ 7.281575303980367, 50.626262345601063 ], [ 7.211850962673936, 50.624965457004983 ], [ 7.211885337909322, 50.649032065720228 ], [ 7.195427806858041, 50.643374815154942 ], [ 7.188440870912779, 50.622045019703528 ], [ 7.175090626066709, 50.619643970204045 ], [ 7.17172168069146, 50.612080284344671 ], [ 7.154468943011273, 50.614022622422411 ], [ 7.147251355239962, 50.600374927356917 ], [ 7.114827912188643, 50.611534357389694 ], [ 7.094065596996214, 50.585829627097375 ], [ 7.068921060602129, 50.593785903637773 ], [ 7.056210247362845, 50.606324176375203 ], [ 7.04917836019805, 50.604366767589205 ], [ 6.998262640918147, 50.564766134450394 ], [ 6.98345079564959, 50.565343020655341 ], [ 6.973931135955675, 50.555603091341631 ], [ 6.956222832521798, 50.55678987146176 ], [ 6.950493845527247, 50.562784235786118 ], [ 6.927491749773582, 50.559164455653459 ], [ 6.930917361231762, 50.534642097040589 ], [ 6.917156081716346, 50.528846281456374 ], [ 6.885942691682422, 50.529122456625075 ], [ 6.885209390163366, 50.520293622152607 ], [ 6.897063476077145, 50.517040545664095 ], [ 6.888714873918445, 50.507122160282698 ], [ 6.90580648295012, 50.502324787141895 ], [ 6.901569605141147, 50.468822729952905 ], [ 6.873530174665563, 50.462600198799109 ], [ 6.870608095533037, 50.456724456388521 ], [ 6.85871889471311, 50.452844650023067 ], [ 6.839150226213027, 50.464937434958891 ], [ 6.812523136203827, 50.471501780824418 ], [ 6.800725908028093, 50.491312378878249 ], [ 6.76849220916899, 50.484299373538434 ], [ 6.750899187392646, 50.471300347614431 ], [ 6.766275933140727, 50.458055867104889 ], [ 6.743330858864347, 50.440587854132701 ], [ 6.752923304104018, 50.432765960485696 ], [ 6.770327291525719, 50.43568239968949 ], [ 6.770468049774006, 50.425038167331692 ], [ 6.782735560811433, 50.41907026978668 ], [ 6.779151186239517, 50.405166141256245 ], [ 6.769853964419898, 50.39248629641903 ], [ 6.7853211796913, 50.375464752452906 ], [ 6.803584434881977, 50.370017876197039 ], [ 6.801164207503543, 50.362495129949231 ], [ 6.789930339467639, 50.359591921585221 ], [ 6.782792098270997, 50.363094641394476 ], [ 6.732071711109282, 50.352072100485657 ], [ 6.699734278790313, 50.33736225757977 ], [ 6.66826622169071, 50.371971268984119 ], [ 6.655444084508178, 50.367695631878675 ], [ 6.650315531341333, 50.347936435619914 ], [ 6.636563142417184, 50.344798516726748 ], [ 6.623083619806123, 50.353640477380146 ], [ 6.624295733728425, 50.3749019431203 ], [ 6.607612119264023, 50.375368251478442 ], [ 6.598634733338661, 50.388426181063259 ], [ 6.581883106465611, 50.378499853374088 ], [ 6.55889795982936, 50.369156047308948 ], [ 6.529201080120675, 50.369293152033961 ], [ 6.517711708531819, 50.356221744047055 ], [ 6.505986964372602, 50.359639606415918 ], [ 6.504296231332182, 50.352687520506933 ], [ 6.484534880407887, 50.338040137021309 ], [ 6.456096807059898, 50.339895517003619 ], [ 6.460818181390024, 50.360898079945805 ], [ 6.452261143772777, 50.361137426893869 ], [ 6.44901757704001, 50.371800417493027 ], [ 6.423925045294235, 50.363871556350368 ], [ 6.419354538371325, 50.374050631385735 ], [ 6.421889572224018, 50.381264781154805 ], [ 6.414126259160305, 50.390805683364789 ], [ 6.3854936593714, 50.384249188507404 ], [ 6.404775080219292, 50.350622407488807 ], [ 6.418264685708751, 50.332711973015059 ], [ 6.426630944108333, 50.322698944674407 ], [ 6.403891648657351, 50.323268119629418 ], [ 6.403674883355112, 50.335181312955569 ], [ 6.342978525882791, 50.381901108004946 ], [ 6.369004797619636, 50.410350237552933 ], [ 6.373212274362264, 50.453280093148564 ], [ 6.340301023702247, 50.462287377217137 ], [ 6.34086796817694, 50.482567648566871 ], [ 6.350645348232966, 50.488498009686865 ], [ 6.315420618830165, 50.496974266184637 ], [ 6.268622854196394, 50.503880032604116 ], [ 6.261558149780969, 50.498870634728902 ], [ 6.251407003140963, 50.504075361498998 ], [ 6.22653989744673, 50.494881538239504 ], [ 6.206464614725128, 50.521188440631626 ], [ 6.192650766582553, 50.521234679358436 ], [ 6.187701562935041, 50.527079276561125 ], [ 6.191778204347062, 50.530755603548265 ], [ 6.197415030117237, 50.531108815714155 ], [ 6.199869520863351, 50.534942107796631 ], [ 6.17878267519028, 50.541598782632008 ], [ 6.175039197040101, 50.558078661826315 ], [ 6.203207841034242, 50.569803246034219 ], [ 6.225947707794087, 50.590737808842853 ], [ 6.242421839568445, 50.58724555272935 ], [ 6.246231311937432, 50.601996183352462 ], [ 6.262509830387357, 50.611299218907568 ], [ 6.270693215145129, 50.626285712484616 ], [ 6.25578127208784, 50.625645373013668 ], [ 6.233708944821222, 50.624534501589032 ], [ 6.196860570019624, 50.632373951550036 ], [ 6.183232077041175, 50.623020556994817 ], [ 6.175302132340012, 50.627252746356952 ], [ 6.182034556977325, 50.633259124248958 ], [ 6.166629012883507, 50.643839320323657 ], [ 6.184138973471115, 50.647467956137113 ], [ 6.165625496099848, 50.662287839100848 ], [ 6.111825304096317, 50.722910914753136 ], [ 6.073234037670775, 50.720926945577581 ], [ 6.04631562215897, 50.727871267815445 ], [ 6.03916510219861, 50.718446433322924 ], [ 6.033628723314977, 50.728067305761193 ], [ 6.039892410455445, 50.745426801122484 ], [ 6.021511729183278, 50.75337078638011 ], [ 6.018925210850814, 50.761942455915246 ], [ 6.027839083905937, 50.773608960395691 ], [ 5.97447969953267, 50.797949029171697 ], [ 5.985540573522327, 50.810468973197636 ], [ 6.003569297690522, 50.801317030918305 ], [ 6.024752085946055, 50.814161985779407 ], [ 6.020765058064994, 50.846116764853967 ], [ 6.056336375226444, 50.856048136656419 ], [ 6.058055695960073, 50.851021083508158 ], [ 6.074039306544874, 50.846458016587803 ], [ 6.088136955077566, 50.872990654946165 ], [ 6.07527001040688, 50.892322238233973 ], [ 6.08702863555507, 50.913762650957764 ], [ 6.093993528017389, 50.921652563269262 ], [ 6.054107239851186, 50.922386666013708 ], [ 6.049662467305111, 50.929328531113619 ], [ 6.018645616814585, 50.935023383493132 ], [ 6.015605975743563, 50.947877589849284 ], [ 6.004387309230719, 50.957443130486396 ], [ 6.025055877668446, 50.983640177833799 ], [ 5.967852281578024, 50.979208209260989 ], [ 5.957089039112086, 50.984999442725623 ], [ 5.933737958844809, 50.985149019821854 ], [ 5.897556233721453, 50.974987656030592 ], [ 5.893103976699821, 50.980563036290256 ], [ 5.904136512116784, 50.987255854386945 ], [ 5.905018644348641, 51.002273627836161 ], [ 5.879577115379775, 51.017412540243647 ], [ 5.877890083396214, 51.036466759112947 ], [ 5.865998792060445, 51.05113083063933 ], [ 5.892476635545784, 51.053398008718027 ], [ 5.913345722071652, 51.066526705123415 ], [ 5.937466000824283, 51.03505662446544 ], [ 5.958215573985742, 51.035011234701173 ], [ 5.968498116822727, 51.047689457341178 ], [ 5.971426092945677, 51.060883245351775 ], [ 5.994190597483713, 51.081245409243742 ], [ 6.05216138502368, 51.105941394879899 ], [ 6.060423486944839, 51.115793878315024 ], [ 6.080684762451634, 51.122259587095705 ], [ 6.091033663381548, 51.134936357917972 ], [ 6.154601471559887, 51.148051282617971 ], [ 6.175745446352146, 51.158627189288246 ], [ 6.139017358371296, 51.173124503963756 ], [ 6.17501605303572, 51.184475837541292 ], [ 6.180076824420863, 51.186790023285049 ], [ 6.165748253138383, 51.194136688111563 ], [ 6.100504707102259, 51.170580914241739 ], [ 6.082083278349478, 51.172057942664615 ], [ 6.067610723767435, 51.220353971580273 ], [ 6.086065766099473, 51.223233200020047 ], [ 6.082853647344515, 51.227546499472027 ], [ 6.071940362719115, 51.242231331806842 ], [ 6.123840772353978, 51.274395533469715 ], [ 6.153834009086942, 51.307543875457057 ], [ 6.170665754094092, 51.333024504704916 ], [ 6.191452311526477, 51.335419377773817 ], [ 6.224269936610206, 51.365658850921363 ], [ 6.214999853909437, 51.387733790782399 ], [ 6.226522451678511, 51.399662160597629 ], [ 6.206025600864089, 51.400536544572503 ], [ 6.223555201125532, 51.469459666992783 ], [ 6.218013375952294, 51.485082854212727 ], [ 6.200934269246681, 51.526768251335838 ], [ 6.177306811184785, 51.53869393265547 ], [ 6.157444639550272, 51.566342423324578 ], [ 6.091790866437287, 51.606002173320483 ], [ 6.094146648837455, 51.616103011685723 ], [ 6.117942213232943, 51.65602108489918 ], [ 6.031322412180815, 51.676613197856106 ], [ 6.026584454393492, 51.707807092935873 ], [ 6.046477464094659, 51.716083679450271 ], [ 6.032483785152544, 51.724153725277141 ], [ 5.992849883402422, 51.738413119782102 ], [ 5.955316550066926, 51.738626341394053 ], [ 5.952832483113805, 51.748977061715429 ], [ 5.989970614667132, 51.766104023066212 ], [ 5.9830099343396, 51.773701572527472 ], [ 5.990448002941756, 51.782511185379839 ], [ 5.974368718283477, 51.785809232852316 ], [ 5.977023571084383, 51.797122563182313 ], [ 5.945323165982273, 51.81468171602102 ], [ 5.958716183703954, 51.817449014140038 ], [ 5.946134887154538, 51.824591073431677 ], [ 5.963567071089892, 51.836624713878635 ], [ 5.991764063682362, 51.831022122274071 ], [ 6.037045875582034, 51.843961332933169 ], [ 6.055521951885996, 51.85273363934283 ], [ 6.063660557500168, 51.865375668435149 ], [ 6.099138555492929, 51.849088390245207 ], [ 6.166268708691317, 51.840900362131244 ], [ 6.164722202826786, 51.860335033702199 ], [ 6.146519090046645, 51.868202015072093 ], [ 6.137446963122783, 51.885684099355814 ], [ 6.105754959587645, 51.892508099619711 ], [ 6.117666951037191, 51.901437195919918 ], [ 6.153170579219887, 51.903831761220658 ], [ 6.191261773220734, 51.891578693080078 ], [ 6.185957686670768, 51.884285577863636 ], [ 6.211831596985292, 51.870878303045451 ], [ 6.260263282837959, 51.868140260908582 ], [ 6.27871323943773, 51.874159258863514 ], [ 6.29931669209828, 51.867637231552344 ], [ 6.3071441483881, 51.848569307970287 ], [ 6.349359101877156, 51.850360572751036 ], [ 6.364461681550084, 51.837382446027448 ], [ 6.388794241134376, 51.832752065890929 ], [ 6.407802116682364, 51.828489134262512 ], [ 6.402934486240416, 51.844925631400685 ], [ 6.409592897874082, 51.852570276164897 ], [ 6.391809718827959, 51.861001283102226 ], [ 6.390280681457734, 51.874057212716188 ], [ 6.428000368916993, 51.865528377800963 ], [ 6.433447708584421, 51.859453764409352 ], [ 6.451605691772373, 51.865182987171785 ], [ 6.470891408581954, 51.854127729945198 ], [ 6.545029613627499, 51.885053474327883 ], [ 6.560753404089163, 51.882846774444637 ], [ 6.673329514335925, 51.915515436810246 ], [ 6.694588131914416, 51.915774974370336 ], [ 6.721329679701233, 51.896344277179381 ], [ 6.743562557623992, 51.905840609224818 ], [ 6.753890630517741, 51.912507747037324 ], [ 6.789113030039489, 51.929537198509323 ], [ 6.798753229307623, 51.95891118778939 ], [ 6.828289871746209, 51.96448311501468 ], [ 6.827980370146962, 51.993720193515841 ], [ 6.808057468593234, 51.995253181213734 ], [ 6.752581832796187, 52.028492124458701 ], [ 6.71544686318232, 52.03990037965329 ], [ 6.687569700770621, 52.040020263098079 ], [ 6.686646867072085, 52.053933455571304 ], [ 6.695327075588541, 52.070954579310175 ], [ 6.734877355296959, 52.075155388864871 ], [ 6.748373247590193, 52.083560506179396 ], [ 6.743108765651958, 52.092914541595647 ], [ 6.754314149430132, 52.094798038699992 ], [ 6.760107927018478, 52.118819328513958 ], [ 6.855104288316135, 52.12056955465615 ], [ 6.867322785425894, 52.127755746371946 ], [ 6.88086454555236, 52.156069104792358 ], [ 6.906591293484084, 52.175369267311282 ], [ 6.951167319355328, 52.181077617604011 ], [ 6.987864954490223, 52.226994706056431 ], [ 7.039042687970694, 52.227891727917957 ], [ 7.063740735731828, 52.241290015217679 ], [ 7.099165913722852, 52.242977072082738 ], [ 7.121426114443143, 52.261845892636146 ], [ 7.158556381960727, 52.266839998127125 ], [ 7.209375789184302, 52.264606576220856 ], [ 7.218250151566725, 52.264272482210103 ], [ 7.297416760197565, 52.264163409826672 ], [ 7.316644057423912, 52.280069961727115 ], [ 7.329481185970979, 52.281128941919043 ], [ 7.365873652566622, 52.293056528012016 ], [ 7.386237949089907, 52.309453455000671 ], [ 7.419993593235112, 52.312975148281723 ], [ 7.438519673008715, 52.333447498868274 ], [ 7.455798140088799, 52.338923935980162 ], [ 7.534216608371646, 52.370477662004681 ], [ 7.542908053753495, 52.369008161726349 ], [ 7.562843871570814, 52.369174250644072 ], [ 7.56769726962309, 52.377390406162121 ], [ 7.579623224732554, 52.377115324058423 ], [ 7.573785829253354, 52.383262550190125 ], [ 7.585812017245567, 52.404645219129335 ], [ 7.601911420360936, 52.414387084795457 ], [ 7.604073795058902, 52.420802322897032 ], [ 7.571780109347856, 52.430676298391887 ], [ 7.586052403087978, 52.458527406646169 ], [ 7.608904026335445, 52.473622550702068 ], [ 7.684865115404531, 52.456218795235195 ], [ 7.714050508213504, 52.40085723549516 ], [ 7.7467417872925, 52.39248520994515 ], [ 7.780451815435007, 52.381013623362662 ], [ 7.813499706288942, 52.370901413357203 ], [ 7.841798469786166, 52.368600237971918 ], [ 7.891727377232749, 52.380470567507921 ], [ 7.923457990052046, 52.365412810038251 ], [ 7.936979123568443, 52.363920419016537 ], [ 7.942616556616175, 52.348013545241095 ], [ 7.950253530968134, 52.348347011175889 ], [ 7.949823732537962, 52.334146512275325 ], [ 7.963488777166452, 52.324438332293482 ], [ 7.990204949657881, 52.309396170733812 ], [ 7.98749648006826, 52.303994065961675 ], [ 7.944916650933527, 52.305164042683501 ], [ 7.928588873120657, 52.293124959829051 ], [ 7.955513248649781, 52.271939413490145 ], [ 7.946187755393629, 52.265126504297598 ], [ 7.928992212708392, 52.264713934137994 ], [ 7.926887990353542, 52.233086613335956 ], [ 7.921687264285104, 52.222455911919909 ], [ 7.913470334226191, 52.222567550934151 ], [ 7.899680021957646, 52.207320117888202 ], [ 7.905189631812348, 52.198115969214676 ], [ 7.928652026073532, 52.179759258341178 ], [ 7.97433174632632, 52.171157282836639 ], [ 8.007135569870295, 52.17614760760528 ], [ 8.016756618422892, 52.171631435184715 ], [ 8.023636677490256, 52.160446752304246 ], [ 8.00317358873988, 52.159631810922768 ], [ 7.998817470027248, 52.149236189342005 ], [ 8.008697236522732, 52.115693940601496 ], [ 7.971707791777161, 52.116023339259399 ], [ 7.950504621639792, 52.102108467746667 ], [ 7.899959146350337, 52.091801787071766 ], [ 7.884863638739006, 52.083227577980317 ], [ 7.919493545105949, 52.057475858183409 ], [ 7.916342048104887, 52.05062420735274 ], [ 7.980938058814159, 52.036091566056811 ], [ 7.994148365473277, 52.050284155221334 ], [ 8.031820187809156, 52.068592723790125 ], [ 8.047484030612296, 52.063300007059148 ], [ 8.058416748367945, 52.067650386217849 ], [ 8.092406022130808, 52.063972395903654 ], [ 8.097306294344982, 52.057474538192807 ], [ 8.133992728447993, 52.072040217814724 ], [ 8.17535198408134, 52.074130751885377 ], [ 8.193403405645629, 52.073698814317353 ], [ 8.19991173875451, 52.087602094170371 ], [ 8.246387361176403, 52.121514554888591 ], [ 8.262640869353584, 52.12038939099785 ], [ 8.26780549690776, 52.13156338354046 ], [ 8.284508763191388, 52.133854052114231 ], [ 8.284978903889606, 52.125746059808002 ], [ 8.310577334053072, 52.11852435762659 ], [ 8.324321913232605, 52.125434436847748 ], [ 8.368394334920383, 52.114042406043474 ], [ 8.388298812362969, 52.108181343410834 ], [ 8.410089483780183, 52.115430413939691 ], [ 8.408867139050768, 52.135240926211402 ], [ 8.45295316756674, 52.155287033416684 ], [ 8.481484897508924, 52.160073249543728 ], [ 8.516660099541205, 52.184982550126009 ], [ 8.473196642576196, 52.19254969875464 ], [ 8.448011805863977, 52.200344209660841 ], [ 8.443176625822618, 52.214234576048312 ], [ 8.460985063494372, 52.230204065363829 ], [ 8.459358361487427, 52.241936074567079 ], [ 8.467569926954326, 52.246349512935204 ], [ 8.458931703377282, 52.2581151986412 ], [ 8.466306439353218, 52.267552888116704 ], [ 8.463046361271724, 52.276067806655163 ], [ 8.457928582033619, 52.304402380927186 ], [ 8.464794826776638, 52.30369391794769 ], [ 8.470326396726589, 52.315090343843366 ], [ 8.46111952633426, 52.317408407509255 ], [ 8.444678027529598, 52.361456414740864 ], [ 8.390991708387828, 52.383820068091573 ], [ 8.314208288019266, 52.405569377084731 ], [ 8.321372709291481, 52.425601137449917 ], [ 8.313578284032708, 52.435443947654996 ], [ 8.303709795721486, 52.435390709869182 ], [ 8.306931869578548, 52.444961298359502 ], [ 8.29693467113009, 52.456060941394909 ], [ 8.345602171314903, 52.452650548631354 ], [ 8.368659013099675, 52.443761176126593 ], [ 8.395876745997953, 52.449734137439293 ], [ 8.413578084431371, 52.446021949861588 ], [ 8.424224110077978, 52.451243740198869 ], [ 8.429501718838365, 52.447601089804216 ], [ 8.452753358596354, 52.460537916307167 ], [ 8.460291298910086, 52.492378664021615 ], [ 8.472954545494144, 52.49911066556178 ], [ 8.482282856250878, 52.497185802030394 ], [ 8.509685226745487, 52.514779166733106 ], [ 8.556896773749914, 52.500571615275639 ] ] ] ] } },
{ "type": "Feature", "properties": { "NUTS_LEVEL": 1, "NUTS_CODE": "DEB", "NUTS_NAME": "Rheinland-Pfalz" }, "geometry": { "type": "MultiPolygon", "coordinates": [ [ [ [ 7.605892298117166, 49.081390648511764 ], [ 7.560768254981956, 49.081141420884265 ], [ 7.529277488673657, 49.097170076146654 ], [ 7.530281555705843, 49.103089082721624 ], [ 7.522437494668151, 49.11027061943139 ], [ 7.489719166432025, 49.136217496360132 ], [ 7.497238924242962, 49.145889667768607 ], [ 7.50633736464562, 49.154721269718081 ], [ 7.495962579892205, 49.155361812820452 ], [ 7.488570763094069, 49.170508503879873 ], [ 7.459770410554063, 49.162299215427559 ], [ 7.43753385690982, 49.167147185131753 ], [ 7.438904451327937, 49.182221769076449 ], [ 7.410671649631488, 49.179312300576811 ], [ 7.381294017618954, 49.175167857485164 ], [ 7.364681822102074, 49.171742402875012 ], [ 7.363507030667577, 49.15772791628973 ], [ 7.334634223323151, 49.176614778167618 ], [ 7.337582724711918, 49.184206649977874 ], [ 7.321139283585298, 49.188207192035875 ], [ 7.303956572061321, 49.205374340972881 ], [ 7.297704557581912, 49.203926504993063 ], [ 7.30271077582332, 49.222862288505972 ], [ 7.289315100760333, 49.23041820616875 ], [ 7.311431449041979, 49.256835014927425 ], [ 7.324516496474111, 49.248238396765771 ], [ 7.323477215202472, 49.257104459821811 ], [ 7.34501498386361, 49.272252340781698 ], [ 7.335556723510961, 49.27839673842719 ], [ 7.353162990399925, 49.283150032631312 ], [ 7.359042957589191, 49.278657367727753 ], [ 7.372557708961374, 49.280351442063534 ], [ 7.385236689235605, 49.293452437181884 ], [ 7.380029278112362, 49.305390489130268 ], [ 7.391860122537333, 49.308743443244524 ], [ 7.394338209830589, 49.317059020369939 ], [ 7.377465694587451, 49.319202591850463 ], [ 7.401812518869584, 49.33676656145245 ], [ 7.40347519359623, 49.346022840136349 ], [ 7.390855802063212, 49.353417716197498 ], [ 7.400734951826291, 49.354743735355882 ], [ 7.39376761053987, 49.362519675493374 ], [ 7.402369789202842, 49.368068893325237 ], [ 7.393346569118832, 49.370728284217236 ], [ 7.367942453848411, 49.363719027890475 ], [ 7.369929520699498, 49.374637276128716 ], [ 7.303290903706767, 49.386772326972121 ], [ 7.290727669415835, 49.389215132418933 ], [ 7.298079414202588, 49.398104467420097 ], [ 7.29308389600414, 49.4076147795016 ], [ 7.28997521994172, 49.415918154190791 ], [ 7.253408951683695, 49.43129419398155 ], [ 7.25544696129228, 49.440141290743057 ], [ 7.246297845491649, 49.446153671030899 ], [ 7.28696015343173, 49.457405166190888 ], [ 7.299360615239667, 49.465953211877618 ], [ 7.304819730680252, 49.474606815205782 ], [ 7.296429223638315, 49.482085539312614 ], [ 7.279677945695279, 49.484976168541216 ], [ 7.286674528878205, 49.499109336384379 ], [ 7.281576644679061, 49.505782227890499 ], [ 7.293747521126416, 49.521864314000624 ], [ 7.309828245363402, 49.520006043715483 ], [ 7.300182896809561, 49.533272195246404 ], [ 7.27890302775755, 49.536550381511638 ], [ 7.275997310390216, 49.549927135579779 ], [ 7.273565722928194, 49.561336693087704 ], [ 7.26427015001841, 49.572313994039995 ], [ 7.266338674154246, 49.583783819265982 ], [ 7.247914507600667, 49.573509630428518 ], [ 7.238999083289669, 49.570434122083377 ], [ 7.224679323932404, 49.564814997119207 ], [ 7.210030978955353, 49.568441667985859 ], [ 7.209711278954474, 49.57690620426694 ], [ 7.187956338687171, 49.576090549286768 ], [ 7.172601143081129, 49.586391851952918 ], [ 7.175274563273876, 49.596324062850812 ], [ 7.16076941993526, 49.599902326599114 ], [ 7.150218363854534, 49.603876272345552 ], [ 7.1447087092904, 49.597442796416956 ], [ 7.122084471896115, 49.595393914495851 ], [ 7.103631091638828, 49.602924914164149 ], [ 7.087583576311706, 49.600472661331125 ], [ 7.080234742628052, 49.611958352153188 ], [ 7.057512353852236, 49.631073360926983 ], [ 7.027931313047541, 49.639346724774931 ], [ 7.011271275835884, 49.626645235002698 ], [ 7.003202274536025, 49.631614084604045 ], [ 6.988556831996824, 49.622772047433365 ], [ 6.991966764461168, 49.634109003578061 ], [ 6.975173570426479, 49.635436617919261 ], [ 6.951641223308255, 49.624793476765717 ], [ 6.947575785732638, 49.635266859854241 ], [ 6.932896664140071, 49.631094096341393 ], [ 6.932659691694989, 49.619634953848283 ], [ 6.93018608856177, 49.613798276016468 ], [ 6.891898113099534, 49.61322964917175 ], [ 6.876672982127126, 49.60269979149416 ], [ 6.866213624329989, 49.608290812630266 ], [ 6.839325710067614, 49.592451593063579 ], [ 6.836337887054982, 49.58307875153443 ], [ 6.824838088949599, 49.588857378124665 ], [ 6.812972043875302, 49.591983787190912 ], [ 6.769227129591187, 49.569221665964747 ], [ 6.756633285415271, 49.561369746128257 ], [ 6.723206155843164, 49.55625732519826 ], [ 6.707852138880569, 49.552040462907243 ], [ 6.691253473552191, 49.535483539259552 ], [ 6.683740909330768, 49.548120315341457 ], [ 6.659719481524694, 49.541807335342867 ], [ 6.654341102143783, 49.54581693365607 ], [ 6.642750560294798, 49.537935133603099 ], [ 6.632322456549923, 49.541587097236111 ], [ 6.617411244323843, 49.535300730532938 ], [ 6.60462762480187, 49.517554676892054 ], [ 6.579628799384362, 49.522562575151881 ], [ 6.563716578008291, 49.54069313595879 ], [ 6.553711207582334, 49.536118575234504 ], [ 6.540022991614842, 49.53909866323459 ], [ 6.5232056321001, 49.528912626796391 ], [ 6.515071283540138, 49.528364423500804 ], [ 6.514531983683044, 49.535498724445503 ], [ 6.494552416458301, 49.530755252703685 ], [ 6.465730889966393, 49.543909735935479 ], [ 6.452096574936342, 49.538304143915717 ], [ 6.430095270005177, 49.548901412990176 ], [ 6.424023023337724, 49.546384817415905 ], [ 6.414703733962676, 49.543471100141453 ], [ 6.379942309566801, 49.550938560907149 ], [ 6.3817711665487, 49.558321581508807 ], [ 6.358421964631198, 49.572181549330544 ], [ 6.367761683530429, 49.578092045069198 ], [ 6.381316735480048, 49.577091384934917 ], [ 6.375018522098191, 49.591296131245144 ], [ 6.38277567057952, 49.595467662065133 ], [ 6.39204180345698, 49.600449029164544 ], [ 6.422575798970102, 49.622431158985179 ], [ 6.4394076894314, 49.652643909792133 ], [ 6.435247358955578, 49.660813849723105 ], [ 6.426315961227596, 49.66456228717464 ], [ 6.449151645184128, 49.679998236197818 ], [ 6.460266481996933, 49.690971299095963 ], [ 6.478636783495839, 49.695958984639248 ], [ 6.506614653702243, 49.713148603535302 ], [ 6.495347037032587, 49.721009569884828 ], [ 6.501480667420525, 49.726105815866092 ], [ 6.511398138581048, 49.721763434585341 ], [ 6.516230536765389, 49.727438594808753 ], [ 6.502789169144022, 49.733898482926563 ], [ 6.501556774659154, 49.751883797863009 ], [ 6.517884906175512, 49.761990855828536 ], [ 6.511347454272243, 49.774771366976147 ], [ 6.51686079439158, 49.782533396667773 ], [ 6.506855468439802, 49.790164482593624 ], [ 6.529874195281415, 49.805915878057625 ], [ 6.521523627616269, 49.812294468850233 ], [ 6.511289637905893, 49.80252442480554 ], [ 6.475518802370023, 49.821845437538023 ], [ 6.457347555908379, 49.813274843469564 ], [ 6.43077137474655, 49.81131139547545 ], [ 6.400040822651241, 49.819783164607202 ], [ 6.393231161528667, 49.827920129773041 ], [ 6.36372774125772, 49.850771849082918 ], [ 6.34368120631393, 49.849724762242516 ], [ 6.336382815798525, 49.839184677092874 ], [ 6.325787970616801, 49.837344941734102 ], [ 6.321826713913471, 49.853077253355806 ], [ 6.312828219534806, 49.868984545517378 ], [ 6.296659182034483, 49.86689170248497 ], [ 6.287482340034641, 49.874840825068759 ], [ 6.258917373384721, 49.883756319808391 ], [ 6.246031230364899, 49.895413914396237 ], [ 6.23340738287671, 49.900825773168258 ], [ 6.227835099497119, 49.910025209928826 ], [ 6.233511105476389, 49.914410879000386 ], [ 6.220021813021213, 49.923925659370923 ], [ 6.226028871440096, 49.929450654165812 ], [ 6.217993530092444, 49.944685648171451 ], [ 6.22322030485668, 49.950015330563339 ], [ 6.211198238244591, 49.950104971727676 ], [ 6.206941360091418, 49.957240691473757 ], [ 6.198546338658159, 49.948918149536119 ], [ 6.193595186457575, 49.967110544530811 ], [ 6.184342209568126, 49.963320731331855 ], [ 6.185671989601802, 49.954865813933701 ], [ 6.179527204146173, 49.953776568339848 ], [ 6.171565690261048, 49.963168928340203 ], [ 6.165536015304665, 49.971279032810543 ], [ 6.171465272591178, 49.98258992740778 ], [ 6.153509296668423, 49.990414420952689 ], [ 6.140298866666264, 49.995629234247247 ], [ 6.149007655191329, 50.00659701061965 ], [ 6.13804043816847, 50.012193272673223 ], [ 6.133374118458606, 50.016138332999667 ], [ 6.146424158431948, 50.022923740850771 ], [ 6.132918212309008, 50.031023577050718 ], [ 6.133905460406299, 50.042309645049016 ], [ 6.113382674699259, 50.062679919374986 ], [ 6.12920803520842, 50.07299954803036 ], [ 6.117042203153335, 50.07416430886262 ], [ 6.121110990438189, 50.092527153985735 ], [ 6.133557430651821, 50.093833092466809 ], [ 6.125897087266051, 50.100606176167808 ], [ 6.135931423057675, 50.103928411450404 ], [ 6.129362842824515, 50.119157858224071 ], [ 6.138038192784804, 50.131835452106195 ], [ 6.150397875383939, 50.137206678245818 ], [ 6.153073746421193, 50.150025900556521 ], [ 6.141098279500556, 50.147253456681916 ], [ 6.133569396017765, 50.154798531395706 ], [ 6.146936251633372, 50.158625154962877 ], [ 6.141077010327264, 50.16722577029639 ], [ 6.147340458321366, 50.178424324653264 ], [ 6.160311919756113, 50.172292684685004 ], [ 6.162487329069203, 50.178089467894488 ], [ 6.190965443107177, 50.18256926419128 ], [ 6.184284773982807, 50.192802892119516 ], [ 6.188001198156881, 50.205588059790358 ], [ 6.167615480846805, 50.222952277201067 ], [ 6.177678745860838, 50.227037003842987 ], [ 6.177065529331414, 50.23525170204082 ], [ 6.198108058695514, 50.237792657339341 ], [ 6.208843413883977, 50.253535146422486 ], [ 6.221786632154174, 50.257210410301937 ], [ 6.226766684040073, 50.259477035586109 ], [ 6.272272675139742, 50.266642504562739 ], [ 6.278241043527152, 50.266396656639294 ], [ 6.292902804270634, 50.278859013795255 ], [ 6.286689725661609, 50.29390653746853 ], [ 6.297389393353732, 50.309097218008048 ], [ 6.308197007833242, 50.310204679518037 ], [ 6.306208190477834, 50.319252248066135 ], [ 6.333209414278984, 50.3231740438031 ], [ 6.358535062892116, 50.30701160067175 ], [ 6.359021822916946, 50.312825869585517 ], [ 6.374433718515237, 50.312804468514621 ], [ 6.3830008229965, 50.322006719923337 ], [ 6.403891648657351, 50.323268119629418 ], [ 6.426630944108333, 50.322698944674407 ], [ 6.418264685708751, 50.332711973015059 ], [ 6.404775080219292, 50.350622407488807 ], [ 6.3854936593714, 50.384249188507404 ], [ 6.414126259160305, 50.390805683364789 ], [ 6.421889572224018, 50.381264781154805 ], [ 6.419354538371325, 50.374050631385735 ], [ 6.423925045294235, 50.363871556350368 ], [ 6.44901757704001, 50.371800417493027 ], [ 6.452261143772777, 50.361137426893869 ], [ 6.460818181390024, 50.360898079945805 ], [ 6.456096807059898, 50.339895517003619 ], [ 6.484534880407887, 50.338040137021309 ], [ 6.504296231332182, 50.352687520506933 ], [ 6.505986964372602, 50.359639606415918 ], [ 6.517711708531819, 50.356221744047055 ], [ 6.529201080120675, 50.369293152033961 ], [ 6.55889795982936, 50.369156047308948 ], [ 6.581883106465611, 50.378499853374088 ], [ 6.598634733338661, 50.388426181063259 ], [ 6.607612119264023, 50.375368251478442 ], [ 6.624295733728425, 50.3749019431203 ], [ 6.623083619806123, 50.353640477380146 ], [ 6.636563142417184, 50.344798516726748 ], [ 6.650315531341333, 50.347936435619914 ], [ 6.655444084508178, 50.367695631878675 ], [ 6.66826622169071, 50.371971268984119 ], [ 6.699734278790313, 50.33736225757977 ], [ 6.732071711109282, 50.352072100485657 ], [ 6.782792098270997, 50.363094641394476 ], [ 6.789930339467639, 50.359591921585221 ], [ 6.801164207503543, 50.362495129949231 ], [ 6.803584434881977, 50.370017876197039 ], [ 6.7853211796913, 50.375464752452906 ], [ 6.769853964419898, 50.39248629641903 ], [ 6.779151186239517, 50.405166141256245 ], [ 6.782735560811433, 50.41907026978668 ], [ 6.770468049774006, 50.425038167331692 ], [ 6.770327291525719, 50.43568239968949 ], [ 6.752923304104018, 50.432765960485696 ], [ 6.743330858864347, 50.440587854132701 ], [ 6.766275933140727, 50.458055867104889 ], [ 6.750899187392646, 50.471300347614431 ], [ 6.76849220916899, 50.484299373538434 ], [ 6.800725908028093, 50.491312378878249 ], [ 6.812523136203827, 50.471501780824418 ], [ 6.839150226213027, 50.464937434958891 ], [ 6.85871889471311, 50.452844650023067 ], [ 6.870608095533037, 50.456724456388521 ], [ 6.873530174665563, 50.462600198799109 ], [ 6.901569605141147, 50.468822729952905 ], [ 6.90580648295012, 50.502324787141895 ], [ 6.888714873918445, 50.507122160282698 ], [ 6.897063476077145, 50.517040545664095 ], [ 6.885209390163366, 50.520293622152607 ], [ 6.885942691682422, 50.529122456625075 ], [ 6.917156081716346, 50.528846281456374 ], [ 6.930917361231762, 50.534642097040589 ], [ 6.927491749773582, 50.559164455653459 ], [ 6.950493845527247, 50.562784235786118 ], [ 6.956222832521798, 50.55678987146176 ], [ 6.973931135955675, 50.555603091341631 ], [ 6.98345079564959, 50.565343020655341 ], [ 6.998262640918147, 50.564766134450394 ], [ 7.04917836019805, 50.604366767589205 ], [ 7.056210247362845, 50.606324176375203 ], [ 7.068921060602129, 50.593785903637773 ], [ 7.094065596996214, 50.585829627097375 ], [ 7.114827912188643, 50.611534357389694 ], [ 7.147251355239962, 50.600374927356917 ], [ 7.154468943011273, 50.614022622422411 ], [ 7.17172168069146, 50.612080284344671 ], [ 7.175090626066709, 50.619643970204045 ], [ 7.188440870912779, 50.622045019703528 ], [ 7.195427806858041, 50.643374815154942 ], [ 7.211885337909322, 50.649032065720228 ], [ 7.211850962673936, 50.624965457004983 ], [ 7.281575303980367, 50.626262345601063 ], [ 7.311699428584216, 50.635547758427769 ], [ 7.35564908643928, 50.647697196321559 ], [ 7.35972178530673, 50.671595283344203 ], [ 7.370358995922325, 50.670623676773054 ], [ 7.367646549750106, 50.697225291631803 ], [ 7.35909753617134, 50.697840072731879 ], [ 7.374142422564326, 50.718582425781037 ], [ 7.3967637182467, 50.714391098443848 ], [ 7.410322222882622, 50.718914376502823 ], [ 7.425109095740836, 50.710221605654155 ], [ 7.439103012782301, 50.711575574976862 ], [ 7.457206665098127, 50.718454260834825 ], [ 7.48181765978363, 50.719925591433615 ], [ 7.503117796806788, 50.730241901517218 ], [ 7.519502395973156, 50.728953867496998 ], [ 7.539111488156273, 50.742168916511687 ], [ 7.549262996753347, 50.746528123573896 ], [ 7.562280813956962, 50.743314349642418 ], [ 7.589547192454409, 50.739716793448039 ], [ 7.592304729855975, 50.746833174392506 ], [ 7.600471058453556, 50.765001996227902 ], [ 7.612189494672629, 50.767212582382349 ], [ 7.659660724974958, 50.768286755431077 ], [ 7.663479359741618, 50.771099570890712 ], [ 7.66027407104523, 50.786184276111413 ], [ 7.682048948491643, 50.783243823885066 ], [ 7.68175125650866, 50.796504885118658 ], [ 7.675191481682011, 50.802765264047849 ], [ 7.680613979320734, 50.811602313337751 ], [ 7.663886511943519, 50.813981917671825 ], [ 7.661044568378133, 50.820392317640682 ], [ 7.699267739105164, 50.825580238605397 ], [ 7.708151758506259, 50.830098256922952 ], [ 7.729652400260224, 50.850089002208705 ], [ 7.762744007103352, 50.84510251169695 ], [ 7.755122367303552, 50.851594357836262 ], [ 7.76569290176677, 50.856390676277869 ], [ 7.748387838028693, 50.867101590378454 ], [ 7.759985519302426, 50.900158439499222 ], [ 7.736210236135696, 50.915676348790761 ], [ 7.77596069019248, 50.929552737287707 ], [ 7.786209118440888, 50.940443581716607 ], [ 7.811713915994727, 50.938775917874992 ], [ 7.850013725472949, 50.924844293012058 ], [ 7.833678065404729, 50.907409454208704 ], [ 7.829291267100848, 50.883143545538559 ], [ 7.8514852315317, 50.878102588466326 ], [ 7.883694419222723, 50.874510757109078 ], [ 7.90566961868274, 50.84856454028376 ], [ 7.919907377011434, 50.844713399679236 ], [ 7.928449393957432, 50.84662843024693 ], [ 7.966972573848573, 50.846560116783223 ], [ 7.968095510967275, 50.835592114347556 ], [ 7.977476896943601, 50.831691087548016 ], [ 7.973139021869356, 50.814707370601134 ], [ 7.964925078256726, 50.787042325739556 ], [ 7.968290145426258, 50.773989629255901 ], [ 7.986639788691388, 50.760028087412138 ], [ 8.011020643629719, 50.746097161314239 ], [ 8.026523973572745, 50.734235267897787 ], [ 8.039959722003209, 50.726954690134377 ], [ 8.040108597714962, 50.697231200873063 ], [ 8.060073312893834, 50.695466226944809 ], [ 8.076124442486414, 50.705715262204649 ], [ 8.098167252669969, 50.703825128663944 ], [ 8.126323785202956, 50.685924298692278 ], [ 8.120413589319153, 50.678159942088847 ], [ 8.112147050393673, 50.6757930337277 ], [ 8.112317702073982, 50.652206628741482 ], [ 8.120349870037058, 50.649657331015561 ], [ 8.141142834181675, 50.631286792968844 ], [ 8.138727449773, 50.618989067716534 ], [ 8.123876065728922, 50.609732678961819 ], [ 8.151574876963371, 50.599433465348064 ], [ 8.143698720971638, 50.57853088256369 ], [ 8.131319604062099, 50.557546376637156 ], [ 8.136832804491979, 50.55134885326234 ], [ 8.119369167214762, 50.549342167065625 ], [ 8.111068522751012, 50.542680117854779 ], [ 8.122126417096293, 50.53791407316097 ], [ 8.105115755844315, 50.533581324478639 ], [ 8.070129516578312, 50.538746109934834 ], [ 8.065821526346342, 50.548522032148 ], [ 8.041063096147807, 50.556936557080327 ], [ 8.031664790308497, 50.551347859465778 ], [ 8.024778436903977, 50.541704070382643 ], [ 8.009630424469519, 50.529335921741129 ], [ 7.990818580257873, 50.525197659593722 ], [ 7.99594398961767, 50.51720908192614 ], [ 7.982970955507485, 50.510570544440569 ], [ 7.988530322701076, 50.497457652280119 ], [ 7.981940080285575, 50.495333202673855 ], [ 7.97822650460263, 50.485654933506247 ], [ 7.987343468314242, 50.473573380477511 ], [ 7.996767455460657, 50.46666426631424 ], [ 8.011238423517895, 50.46053500310537 ], [ 8.009951426961086, 50.449458465545653 ], [ 8.000826089925059, 50.445256862434547 ], [ 7.989840417245909, 50.443991495937524 ], [ 7.977225318857151, 50.43501893723171 ], [ 7.987334891794401, 50.434699946698707 ], [ 7.987704958460051, 50.42778487120632 ], [ 7.981091885240532, 50.419438714433035 ], [ 7.961762121556744, 50.418507711879244 ], [ 7.970462882057931, 50.406178347464284 ], [ 7.983792682952685, 50.406902888294795 ], [ 7.986486621103174, 50.399319713186628 ], [ 8.009745468977563, 50.396860946626795 ], [ 8.013876253671906, 50.401353450627077 ], [ 8.023348778068133, 50.399965195647972 ], [ 8.020391132597807, 50.389287338785365 ], [ 8.01505081235546, 50.384823750002731 ], [ 8.030308874999243, 50.381704560616434 ], [ 8.043315273592519, 50.385800341670205 ], [ 8.062220756017949, 50.36960224297794 ], [ 8.069857845461344, 50.356826334063435 ], [ 8.07611874837183, 50.332612866614582 ], [ 8.085529781390258, 50.330033813161371 ], [ 8.107351484179425, 50.322766691070591 ], [ 8.104497793269305, 50.307007263225245 ], [ 8.116558990137481, 50.302829289210187 ], [ 8.121603474667804, 50.277538852434859 ], [ 8.11184035587314, 50.270611360662457 ], [ 8.102792859360116, 50.259610943600727 ], [ 8.090667233952239, 50.264965189365199 ], [ 8.079497503201969, 50.261024631628132 ], [ 8.07376651343422, 50.271891724860673 ], [ 8.060648105530262, 50.272968448443841 ], [ 8.042809613709236, 50.27408168628768 ], [ 8.033859259771388, 50.264177816994113 ], [ 8.021377081686172, 50.25740263876731 ], [ 8.03785890709541, 50.249412493237536 ], [ 8.05638442715974, 50.236278330590451 ], [ 8.041162794142958, 50.225374892791194 ], [ 8.035435763486475, 50.215205119259878 ], [ 8.012125195129387, 50.217735053094884 ], [ 8.000380957344182, 50.22912248933995 ], [ 7.991254779329296, 50.23710574956398 ], [ 7.985212238878264, 50.227248357869961 ], [ 7.953803755186128, 50.220252714489099 ], [ 7.94497036029766, 50.216077330777637 ], [ 7.947208007864282, 50.210126837656759 ], [ 7.907283008742804, 50.201832297750499 ], [ 7.912503781696099, 50.196036686787373 ], [ 7.883002148794518, 50.180745223651726 ], [ 7.88467437383988, 50.168026158431793 ], [ 7.904044434102425, 50.157735789725514 ], [ 7.915524366700298, 50.150193951676933 ], [ 7.928232574956144, 50.144640045144435 ], [ 7.926501960644261, 50.102776640400329 ], [ 7.903117831884159, 50.121694098692849 ], [ 7.884627040093259, 50.11448432838742 ], [ 7.867247541941962, 50.123742368666782 ], [ 7.847916110091512, 50.127159119535264 ], [ 7.839485318382853, 50.109010786612103 ], [ 7.832011350648302, 50.094397615570436 ], [ 7.840367448327567, 50.08716487672941 ], [ 7.832444930261914, 50.08135677293717 ], [ 7.802153371235363, 50.084871793624934 ], [ 7.787891045695994, 50.068799394679388 ], [ 7.774300801225483, 50.067339649106437 ], [ 7.780458425231716, 50.050740273445307 ], [ 7.807164174373741, 50.036995331849425 ], [ 7.830637873921449, 50.021726751934999 ], [ 7.862861939215107, 50.008481354761273 ], [ 7.863021298758499, 49.983231734817444 ], [ 7.870425796505895, 49.972423135979689 ], [ 7.946345421688861, 49.974436751974196 ], [ 7.976660625284643, 49.980084246703917 ], [ 7.99172565655662, 49.98526448115134 ], [ 8.054326580876502, 50.00516818716882 ], [ 8.092627833073637, 50.010831985201037 ], [ 8.138170014851442, 50.025871859919043 ], [ 8.152821087703577, 50.028289593455405 ], [ 8.176648238374371, 50.034475284296789 ], [ 8.189710659092366, 50.035424596199007 ], [ 8.246037990242199, 50.026906018260945 ], [ 8.290159362436819, 49.993308081183159 ], [ 8.333938658765501, 49.962599795516013 ], [ 8.347050720485084, 49.941737972039633 ], [ 8.34969586582651, 49.931810710255959 ], [ 8.356478052800043, 49.916185827459685 ], [ 8.350111389173255, 49.901025487842944 ], [ 8.34400902576532, 49.881666426480919 ], [ 8.35922000718101, 49.864638601233096 ], [ 8.376936519005362, 49.861122170059716 ], [ 8.386262965189781, 49.853972594922986 ], [ 8.378942545674882, 49.833076476587642 ], [ 8.377856919455322, 49.827421988217729 ], [ 8.390578347640401, 49.814305221685423 ], [ 8.400473775945262, 49.803608480147545 ], [ 8.413612067015469, 49.784056831640264 ], [ 8.417432296958708, 49.773904747911942 ], [ 8.442322966192693, 49.765720141640266 ], [ 8.472861398624138, 49.767870134229014 ], [ 8.479598174516271, 49.760185734977938 ], [ 8.448399242360956, 49.731669007721699 ], [ 8.42590897324926, 49.716414492441011 ], [ 8.368864001242956, 49.701280795153437 ], [ 8.356371663469293, 49.684576396978102 ], [ 8.367618855090344, 49.663210786576961 ], [ 8.384418733286184, 49.625205109313519 ], [ 8.415680222693821, 49.594906746729869 ], [ 8.423175038686038, 49.583335932859619 ], [ 8.422714729793963, 49.571951804104444 ], [ 8.414848112165167, 49.554644480622592 ], [ 8.422819890420103, 49.541822800280997 ], [ 8.443170901159869, 49.4917533797787 ], [ 8.464454999684815, 49.467681323379061 ], [ 8.445538386467671, 49.459348110841219 ], [ 8.445383055102132, 49.446814033845506 ], [ 8.454112569830249, 49.44312640985607 ], [ 8.454568064424851, 49.43970951239374 ], [ 8.497341323860242, 49.442330116186831 ], [ 8.508058934634978, 49.434391853330517 ], [ 8.497024300319346, 49.407493498644435 ], [ 8.496330244215827, 49.399599195583207 ], [ 8.462843498042467, 49.382635455686618 ], [ 8.46940493794547, 49.373786759380259 ], [ 8.50226678821919, 49.387200651228781 ], [ 8.497830972445824, 49.357495626953515 ], [ 8.469720897049507, 49.339060196320936 ], [ 8.456203111488108, 49.331157378230152 ], [ 8.453430651137436, 49.316402850266783 ], [ 8.484769694508582, 49.303686796923948 ], [ 8.487666055209061, 49.287659870367492 ], [ 8.46699601924009, 49.28239981309612 ], [ 8.444733673910974, 49.265491202758326 ], [ 8.416497060203266, 49.250725992227601 ], [ 8.394484415743928, 49.240226005562228 ], [ 8.385730970092396, 49.220724960670424 ], [ 8.397431608568088, 49.224292972569394 ], [ 8.404971331463637, 49.21929506396468 ], [ 8.382891654170262, 49.188765655020731 ], [ 8.371656000332345, 49.176497125361998 ], [ 8.368359003868562, 49.167511118035925 ], [ 8.371911932145196, 49.155821222893167 ], [ 8.371281543553, 49.144296799136548 ], [ 8.367452017983842, 49.129390987977651 ], [ 8.361073144472831, 49.104400997938356 ], [ 8.350758476753944, 49.087664486587812 ], [ 8.340503739813251, 49.079854492468336 ], [ 8.312559071537098, 49.053855319022297 ], [ 8.292310117091393, 49.004119823455788 ], [ 8.279385165597148, 48.990573433688816 ], [ 8.261802339180324, 48.980602434497087 ], [ 8.232633064375364, 48.966274508593216 ], [ 8.227753884357828, 48.971624693568593 ], [ 8.217232546352694, 48.975507890469473 ], [ 8.199705985466679, 48.966932677360937 ], [ 8.19541294723366, 48.976724394418447 ], [ 8.160575109014525, 48.975509763677742 ], [ 8.066533854781534, 48.996383658151522 ], [ 8.041973843822866, 49.015288917316731 ], [ 8.017179600470051, 49.020932217565544 ], [ 7.996068423774712, 49.028821774851714 ], [ 7.976507071798778, 49.026545951783604 ], [ 7.962966583133134, 49.042544296687005 ], [ 7.931646581750846, 49.057707289881009 ], [ 7.922723770727008, 49.043480250145656 ], [ 7.913818945077732, 49.04026867436292 ], [ 7.907334921545721, 49.044771434531427 ], [ 7.888871521991673, 49.047707760155376 ], [ 7.867635915587107, 49.033124759085887 ], [ 7.814908795357411, 49.055316374315424 ], [ 7.809913853248172, 49.061328595884781 ], [ 7.790528368959187, 49.063358936671911 ], [ 7.771607042687719, 49.051133702198314 ], [ 7.766470859552498, 49.046123342875084 ], [ 7.736638878642478, 49.044147904142868 ], [ 7.731518586732512, 49.055848151134519 ], [ 7.722028542372165, 49.051787479428434 ], [ 7.695990322768526, 49.057546179365794 ], [ 7.697620664830919, 49.049747284805598 ], [ 7.675635909049692, 49.045170679322915 ], [ 7.651167974114206, 49.050648629939431 ], [ 7.631666619885823, 49.055122671315083 ], [ 7.630820542821374, 49.072824392822 ], [ 7.605892298117166, 49.081390648511764 ] ] ] ] } },
{ "type": "Feature", "properties": { "NUTS_LEVEL": 1, "NUTS_CODE": "DEC", "NUTS_NAME": "Saarland" }, "geometry": { "type": "MultiPolygon", "coordinates": [ [ [ [ 7.029458683061707, 49.176721630990599 ], [ 7.034973551365132, 49.191387862403708 ], [ 7.010964851127913, 49.187869654472621 ], [ 6.977393713427366, 49.208450270549228 ], [ 6.963971090833575, 49.201634030980273 ], [ 6.938458683402071, 49.222331726425935 ], [ 6.918327982928525, 49.222915511182393 ], [ 6.893251504546273, 49.209125616056781 ], [ 6.860045187512754, 49.222534305700577 ], [ 6.838208204502134, 49.212988502607338 ], [ 6.861652096384667, 49.182185755929588 ], [ 6.859056292547129, 49.174725646322834 ], [ 6.844771120553807, 49.17272957262324 ], [ 6.846077179363667, 49.158227636495504 ], [ 6.831309411095423, 49.151999157333975 ], [ 6.790279951265705, 49.165787149320956 ], [ 6.738736231032212, 49.163834330199478 ], [ 6.720704940740297, 49.175368501596637 ], [ 6.711682094950331, 49.18825877379485 ], [ 6.731310762557558, 49.206087330261887 ], [ 6.721556362392984, 49.220181682350095 ], [ 6.695742166295268, 49.215739568671971 ], [ 6.689527342111057, 49.220950828186204 ], [ 6.690490915430902, 49.247860838379218 ], [ 6.675996633413774, 49.257113730712419 ], [ 6.663853199974288, 49.254600612624444 ], [ 6.660560109574654, 49.260513956574542 ], [ 6.669766807521696, 49.280199745186316 ], [ 6.653634875228226, 49.281192262969043 ], [ 6.639361829426458, 49.295186747083982 ], [ 6.615297198328199, 49.301536272959581 ], [ 6.588785940738975, 49.321776262495746 ], [ 6.595136966849135, 49.329933229416802 ], [ 6.580936026730251, 49.3345466104427 ], [ 6.563072789881763, 49.355875724940049 ], [ 6.574088300457528, 49.358611988133475 ], [ 6.588883914750807, 49.350182350401937 ], [ 6.601587254852253, 49.366090454581474 ], [ 6.594161799008439, 49.371399936310887 ], [ 6.583113967603147, 49.368673649237046 ], [ 6.586784251591462, 49.384556897867618 ], [ 6.563374431894841, 49.388172505192799 ], [ 6.540325550555854, 49.401408320683075 ], [ 6.538868624552263, 49.411690045245763 ], [ 6.557481019947174, 49.419234944159768 ], [ 6.505140525118774, 49.447018933433931 ], [ 6.484413188747683, 49.451896636197283 ], [ 6.466692252804362, 49.464750674697271 ], [ 6.440391187555798, 49.466329021658169 ], [ 6.428546470229442, 49.47637997126693 ], [ 6.397581450097082, 49.464679738470352 ], [ 6.367586048417345, 49.469296212557055 ], [ 6.367372955304401, 49.503472767833841 ], [ 6.356799197879345, 49.530349930471729 ], [ 6.379942309566801, 49.550938560907149 ], [ 6.414703733962676, 49.543471100141453 ], [ 6.424023023337724, 49.546384817415905 ], [ 6.430095270005177, 49.548901412990176 ], [ 6.452096574936342, 49.538304143915717 ], [ 6.465730889966393, 49.543909735935479 ], [ 6.494552416458301, 49.530755252703685 ], [ 6.514531983683044, 49.535498724445503 ], [ 6.515071283540138, 49.528364423500804 ], [ 6.5232056321001, 49.528912626796391 ], [ 6.540022991614842, 49.53909866323459 ], [ 6.553711207582334, 49.536118575234504 ], [ 6.563716578008291, 49.54069313595879 ], [ 6.579628799384362, 49.522562575151881 ], [ 6.60462762480187, 49.517554676892054 ], [ 6.617411244323843, 49.535300730532938 ], [ 6.632322456549923, 49.541587097236111 ], [ 6.642750560294798, 49.537935133603099 ], [ 6.654341102143783, 49.54581693365607 ], [ 6.659719481524694, 49.541807335342867 ], [ 6.683740909330768, 49.548120315341457 ], [ 6.691253473552191, 49.535483539259552 ], [ 6.707852138880569, 49.552040462907243 ], [ 6.723206155843164, 49.55625732519826 ], [ 6.756633285415271, 49.561369746128257 ], [ 6.769227129591187, 49.569221665964747 ], [ 6.812972043875302, 49.591983787190912 ], [ 6.824838088949599, 49.588857378124665 ], [ 6.836337887054982, 49.58307875153443 ], [ 6.839325710067614, 49.592451593063579 ], [ 6.866213624329989, 49.608290812630266 ], [ 6.876672982127126, 49.60269979149416 ], [ 6.891898113099534, 49.61322964917175 ], [ 6.93018608856177, 49.613798276016468 ], [ 6.932659691694989, 49.619634953848283 ], [ 6.932896664140071, 49.631094096341393 ], [ 6.947575785732638, 49.635266859854241 ], [ 6.951641223308255, 49.624793476765717 ], [ 6.975173570426479, 49.635436617919261 ], [ 6.991966764461168, 49.634109003578061 ], [ 6.988556831996824, 49.622772047433365 ], [ 7.003202274536025, 49.631614084604045 ], [ 7.011271275835884, 49.626645235002698 ], [ 7.027931313047541, 49.639346724774931 ], [ 7.057512353852236, 49.631073360926983 ], [ 7.080234742628052, 49.611958352153188 ], [ 7.087583576311706, 49.600472661331125 ], [ 7.103631091638828, 49.602924914164149 ], [ 7.122084471896115, 49.595393914495851 ], [ 7.1447087092904, 49.597442796416956 ], [ 7.150218363854534, 49.603876272345552 ], [ 7.16076941993526, 49.599902326599114 ], [ 7.175274563273876, 49.596324062850812 ], [ 7.172601143081129, 49.586391851952918 ], [ 7.187956338687171, 49.576090549286768 ], [ 7.209711278954474, 49.57690620426694 ], [ 7.210030978955353, 49.568441667985859 ], [ 7.224679323932404, 49.564814997119207 ], [ 7.238999083289669, 49.570434122083377 ], [ 7.247914507600667, 49.573509630428518 ], [ 7.266338674154246, 49.583783819265982 ], [ 7.26427015001841, 49.572313994039995 ], [ 7.273565722928194, 49.561336693087704 ], [ 7.275997310390216, 49.549927135579779 ], [ 7.27890302775755, 49.536550381511638 ], [ 7.300182896809561, 49.533272195246404 ], [ 7.309828245363402, 49.520006043715483 ], [ 7.293747521126416, 49.521864314000624 ], [ 7.281576644679061, 49.505782227890499 ], [ 7.286674528878205, 49.499109336384379 ], [ 7.279677945695279, 49.484976168541216 ], [ 7.296429223638315, 49.482085539312614 ], [ 7.304819730680252, 49.474606815205782 ], [ 7.299360615239667, 49.465953211877618 ], [ 7.28696015343173, 49.457405166190888 ], [ 7.246297845491649, 49.446153671030899 ], [ 7.25544696129228, 49.440141290743057 ], [ 7.253408951683695, 49.43129419398155 ], [ 7.28997521994172, 49.415918154190791 ], [ 7.29308389600414, 49.4076147795016 ], [ 7.298079414202588, 49.398104467420097 ], [ 7.290727669415835, 49.389215132418933 ], [ 7.303290903706767, 49.386772326972121 ], [ 7.369929520699498, 49.374637276128716 ], [ 7.367942453848411, 49.363719027890475 ], [ 7.393346569118832, 49.370728284217236 ], [ 7.402369789202842, 49.368068893325237 ], [ 7.39376761053987, 49.362519675493374 ], [ 7.400734951826291, 49.354743735355882 ], [ 7.390855802063212, 49.353417716197498 ], [ 7.40347519359623, 49.346022840136349 ], [ 7.401812518869584, 49.33676656145245 ], [ 7.377465694587451, 49.319202591850463 ], [ 7.394338209830589, 49.317059020369939 ], [ 7.391860122537333, 49.308743443244524 ], [ 7.380029278112362, 49.305390489130268 ], [ 7.385236689235605, 49.293452437181884 ], [ 7.372557708961374, 49.280351442063534 ], [ 7.359042957589191, 49.278657367727753 ], [ 7.353162990399925, 49.283150032631312 ], [ 7.335556723510961, 49.27839673842719 ], [ 7.34501498386361, 49.272252340781698 ], [ 7.323477215202472, 49.257104459821811 ], [ 7.324516496474111, 49.248238396765771 ], [ 7.311431449041979, 49.256835014927425 ], [ 7.289315100760333, 49.23041820616875 ], [ 7.30271077582332, 49.222862288505972 ], [ 7.297704557581912, 49.203926504993063 ], [ 7.303956572061321, 49.205374340972881 ], [ 7.321139283585298, 49.188207192035875 ], [ 7.337582724711918, 49.184206649977874 ], [ 7.334634223323151, 49.176614778167618 ], [ 7.363507030667577, 49.15772791628973 ], [ 7.361466545561364, 49.143320110532606 ], [ 7.329853235894485, 49.144716604320372 ], [ 7.3098263008563, 49.129851009732874 ], [ 7.293199503750786, 49.11498000119709 ], [ 7.283116882784247, 49.116653408835631 ], [ 7.284938685973344, 49.122656868146215 ], [ 7.24504572081903, 49.130003417350288 ], [ 7.206820232965792, 49.123393471646892 ], [ 7.198195540855633, 49.11511716820732 ], [ 7.185478269135341, 49.130473096130125 ], [ 7.164257506240055, 49.127076527436444 ], [ 7.158921694842687, 49.120920821746694 ], [ 7.133851907476064, 49.130254360865912 ], [ 7.126218870885993, 49.141099726857746 ], [ 7.106759120409741, 49.139134159143467 ], [ 7.112194635792348, 49.151814648437288 ], [ 7.101193456639104, 49.155451797270544 ], [ 7.081132405298668, 49.148871908381871 ], [ 7.08781122400895, 49.12937398898643 ], [ 7.071939340317536, 49.124693100508551 ], [ 7.06542761390321, 49.113832280458112 ], [ 7.049511635968488, 49.11446832215487 ], [ 7.029458683061707, 49.176721630990599 ] ] ] ] } },
{ "type": "Feature", "properties": { "NUTS_LEVEL": 1, "NUTS_CODE": "DED", "NUTS_NAME": "Sachsen" }, "geometry": { "type": "MultiPolygon", "coordinates": [ [ [ [ 14.323296959820647, 51.508654840379471 ], [ 14.338005037401802, 51.50568982393392 ], [ 14.341998864238846, 51.521306932882609 ], [ 14.386708803496568, 51.534938860006882 ], [ 14.386594065420264, 51.541248967876598 ], [ 14.409281914321008, 51.537333007342149 ], [ 14.447654457463852, 51.542471004692182 ], [ 14.450530805486734, 51.556109385824996 ], [ 14.49957934773588, 51.559316419947464 ], [ 14.51619809503425, 51.554343316763699 ], [ 14.547579855069779, 51.563511641005285 ], [ 14.544593977012289, 51.57327282050607 ], [ 14.571005827742653, 51.580016893427441 ], [ 14.598425347373935, 51.572588446445479 ], [ 14.609447772270686, 51.550570578569719 ], [ 14.676361214928917, 51.551656049176145 ], [ 14.696162503131307, 51.576295321525549 ], [ 14.705116160123975, 51.577768949327172 ], [ 14.695819942791372, 51.596942594074271 ], [ 14.711125041186262, 51.595577523442195 ], [ 14.728621318004279, 51.581929776168401 ], [ 14.710713275387556, 51.561791070095211 ], [ 14.728465802679567, 51.54909826579906 ], [ 14.729934814504686, 51.530750950453303 ], [ 14.76544504522777, 51.519063117040581 ], [ 14.796057310381956, 51.517409261628167 ], [ 14.850302382306635, 51.490380900189898 ], [ 14.919606820382315, 51.482966753902858 ], [ 14.924978924811585, 51.474463888368916 ], [ 14.947433521013105, 51.47205756324589 ], [ 14.973485576998298, 51.442190679488661 ], [ 14.971149027764778, 51.433455539334936 ], [ 14.960027283346342, 51.432490858776525 ], [ 14.966869103614128, 51.417628670042362 ], [ 14.958575329620041, 51.410597961641628 ], [ 14.968878318233166, 51.398281604966485 ], [ 14.958119940727311, 51.395364707759398 ], [ 14.968668456693511, 51.379830086232609 ], [ 14.983395795244931, 51.374292867692724 ], [ 14.96546204705051, 51.361357400812921 ], [ 14.974317524321361, 51.359000932721742 ], [ 14.98139126218082, 51.334826794015868 ], [ 15.008127738992082, 51.3167745460701 ], [ 15.013825538104376, 51.301393789516638 ], [ 15.032364388497051, 51.294422217866405 ], [ 15.041531420443421, 51.273812263345242 ], [ 15.037506586147435, 51.259067875052303 ], [ 15.023932906778262, 51.252508243039912 ], [ 15.036547050817141, 51.243339228787413 ], [ 15.027786839682951, 51.241587288006649 ], [ 15.017601491014251, 51.219935808674933 ], [ 15.003695556577735, 51.167421244920604 ], [ 14.992293735829758, 51.161784861019193 ], [ 14.999650479583927, 51.150188993451287 ], [ 14.989516127655396, 51.142799999681657 ], [ 14.995761441701779, 51.122160797024179 ], [ 14.980739027828395, 51.116131335620722 ], [ 14.978754208820497, 51.077762824490385 ], [ 14.961980434133988, 51.055772081242338 ], [ 14.929427943134122, 50.999722810359458 ], [ 14.915781945147589, 50.995482136690313 ], [ 14.917164290689367, 50.975067791120743 ], [ 14.906184323769644, 50.972901780314743 ], [ 14.89150908594676, 50.950350649465229 ], [ 14.891853401577904, 50.936051205421208 ], [ 14.876503750670272, 50.932411911717061 ], [ 14.865632207315777, 50.917218680891033 ], [ 14.818788672104541, 50.885900550987643 ], [ 14.824399948769578, 50.867043616317424 ], [ 14.799977839976171, 50.822597927704457 ], [ 14.790570909210569, 50.824025869412786 ], [ 14.763167240816058, 50.820415176814869 ], [ 14.738985319983584, 50.828592887890373 ], [ 14.716567799303334, 50.823353832032922 ], [ 14.719722973378945, 50.832413651637609 ], [ 14.708239214562951, 50.840914917824641 ], [ 14.689123975197525, 50.838389448498639 ], [ 14.66156975486712, 50.849997342027642 ], [ 14.647252533818456, 50.848923886917362 ], [ 14.6193279598037, 50.858137287910033 ], [ 14.637418993729259, 50.898713526312235 ], [ 14.652377877745895, 50.90536215102432 ], [ 14.651646859193091, 50.927643481289451 ], [ 14.647519005230604, 50.931543174029215 ], [ 14.582436893121571, 50.914869898904186 ], [ 14.565074731384092, 50.91829011483528 ], [ 14.561841469308531, 50.926143810722856 ], [ 14.593955046025789, 50.962892010993961 ], [ 14.597806189709948, 50.986456414841008 ], [ 14.581851299493421, 50.991721021543128 ], [ 14.563422098273788, 51.009523124592143 ], [ 14.533886042929165, 51.004134345122729 ], [ 14.538925736288967, 51.010997191713535 ], [ 14.532067562631791, 51.016884730733302 ], [ 14.498897849157872, 51.02252477972263 ], [ 14.50600067257203, 51.044107372791039 ], [ 14.491067150736445, 51.043238500257651 ], [ 14.491793376797558, 51.023309126480605 ], [ 14.452579813306738, 51.036251805585756 ], [ 14.42045893490876, 51.019082466140269 ], [ 14.408415662443677, 51.018901582574166 ], [ 14.383484397993158, 51.028565291400987 ], [ 14.382620952568185, 51.038378845735934 ], [ 14.361140128672229, 51.045210283830123 ], [ 14.337871489261492, 51.039167631394974 ], [ 14.318052087941389, 51.053918582959298 ], [ 14.301470621749317, 51.055316434522467 ], [ 14.288324082137287, 51.039302460406482 ], [ 14.273430916436132, 51.040317239871918 ], [ 14.284636689875745, 51.031250855489048 ], [ 14.276627361876084, 51.019231151552539 ], [ 14.282152958921882, 51.015529220330421 ], [ 14.260476035165231, 51.008537319096462 ], [ 14.266990945582434, 50.999966198611951 ], [ 14.258369944099368, 50.987848193832797 ], [ 14.287242560604907, 50.97731734256962 ], [ 14.323184802344549, 50.984854289443824 ], [ 14.329374545432618, 50.9745960428845 ], [ 14.302609018501139, 50.965266073001423 ], [ 14.317125749334757, 50.960493100429431 ], [ 14.312256055790177, 50.953661387287852 ], [ 14.372854742190716, 50.937819977789367 ], [ 14.387809343149099, 50.941519542284965 ], [ 14.399506473263456, 50.932730396346088 ], [ 14.401198447450851, 50.923681504493622 ], [ 14.385914813131031, 50.916336731703652 ], [ 14.386376186920296, 50.900220319246621 ], [ 14.370195213532783, 50.896859199426423 ], [ 14.349497693616428, 50.900853544278178 ], [ 14.349248747026952, 50.892518687765445 ], [ 14.313712008125885, 50.887145599222798 ], [ 14.289006849476186, 50.886417925773763 ], [ 14.268463777368943, 50.895843373559401 ], [ 14.252830033038929, 50.888358306053036 ], [ 14.230761088551676, 50.887925120702384 ], [ 14.234849776458837, 50.876063840271712 ], [ 14.222346082384851, 50.85861840865757 ], [ 14.149633316909439, 50.842369356332064 ], [ 14.12725707281391, 50.834202516921437 ], [ 14.089447415247845, 50.825942137595128 ], [ 14.07861391734423, 50.812494303475809 ], [ 14.039698452970381, 50.81024760211011 ], [ 14.028835893097547, 50.804426258876568 ], [ 13.99082614601849, 50.819808972293927 ], [ 13.95404809600883, 50.807272680799237 ], [ 13.955913165888264, 50.80041645220814 ], [ 13.937272138963255, 50.78991164794914 ], [ 13.902554634870009, 50.793780044473955 ], [ 13.897436914164835, 50.788886125776529 ], [ 13.887990238190161, 50.770364759342741 ], [ 13.901140458873364, 50.754568183444349 ], [ 13.899206110548807, 50.745761886582038 ], [ 13.880962089537944, 50.737712182106982 ], [ 13.861618062933916, 50.742661794307395 ], [ 13.854234250769341, 50.727041690434135 ], [ 13.826365758560014, 50.724071960612328 ], [ 13.806068959008154, 50.733389894650671 ], [ 13.758416603787429, 50.735668393657221 ], [ 13.740788577594559, 50.727273871783865 ], [ 13.727908399300237, 50.733478771594186 ], [ 13.708697452878001, 50.724871495972657 ], [ 13.706945695819275, 50.717553009990752 ], [ 13.688115450539437, 50.719135905664714 ], [ 13.663920582840234, 50.731372359900725 ], [ 13.652834457272675, 50.730476989872834 ], [ 13.625912596876875, 50.723426016090052 ], [ 13.626419197788952, 50.715955599277912 ], [ 13.599780940183795, 50.710206036201583 ], [ 13.556365617424509, 50.714512567791381 ], [ 13.53993661783117, 50.707994343067213 ], [ 13.525586250101572, 50.70269591468665 ], [ 13.539797265430149, 50.689671057548395 ], [ 13.539960187081286, 50.668009066159897 ], [ 13.529586192203464, 50.668200284373484 ], [ 13.512882778678946, 50.654183437602128 ], [ 13.524698907389331, 50.647109346296403 ], [ 13.523521296749427, 50.638866978633963 ], [ 13.501131185048145, 50.63310202608168 ], [ 13.464157164780293, 50.603097544677262 ], [ 13.428976374087481, 50.611355317944152 ], [ 13.413564610871122, 50.616811542931693 ], [ 13.39120330746084, 50.644747245083899 ], [ 13.373516282604948, 50.648673051415997 ], [ 13.37759173340438, 50.627231027952789 ], [ 13.369378742680544, 50.618196722581132 ], [ 13.321268431645134, 50.60124722061871 ], [ 13.324703717479197, 50.582227328982086 ], [ 13.291235294171583, 50.574973827193013 ], [ 13.282972717081947, 50.590127086608518 ], [ 13.250023807796993, 50.59345634959476 ], [ 13.225381219640488, 50.564662682458653 ], [ 13.227995582096444, 50.549366498821271 ], [ 13.207631500838847, 50.521493676068822 ], [ 13.194746930811528, 50.515276942664933 ], [ 13.19624997342714, 50.504095299132828 ], [ 13.175467226109726, 50.503571266858607 ], [ 13.136540004182626, 50.506224075752129 ], [ 13.131444567355997, 50.518062885000418 ], [ 13.103009454250525, 50.503411982064307 ], [ 13.061082697104696, 50.500962863563807 ], [ 13.04466529883403, 50.51049790471442 ], [ 13.031660936328324, 50.508314470904381 ], [ 13.023996335221018, 50.453301572800399 ], [ 12.985063986891085, 50.42001271860434 ], [ 12.943746218821232, 50.412093333922073 ], [ 12.947743717863808, 50.404455219630272 ], [ 12.894218764848123, 50.430185255195958 ], [ 12.819413274373929, 50.459308554482341 ], [ 12.809411602674038, 50.433291026603776 ], [ 12.794883755925579, 50.449366791067035 ], [ 12.754276374654712, 50.4380106557186 ], [ 12.734299785886153, 50.432420083691909 ], [ 12.730632735335998, 50.422571359917903 ], [ 12.707882238947922, 50.408292557182492 ], [ 12.706852417928525, 50.39746540794301 ], [ 12.67352682418343, 50.416805151066413 ], [ 12.666140963542174, 50.413972872176814 ], [ 12.64668002767227, 50.410441171403129 ], [ 12.621724607638434, 50.415539831939192 ], [ 12.601414568434393, 50.405867252678284 ], [ 12.583442987952585, 50.407139302663772 ], [ 12.553545366293738, 50.398531884425566 ], [ 12.517156608924292, 50.397376767685813 ], [ 12.488128153584258, 50.373065947743491 ], [ 12.488936303143374, 50.349253854733675 ], [ 12.463598150888657, 50.351183830923432 ], [ 12.438163652118487, 50.334775546325652 ], [ 12.431259882913722, 50.322804052140228 ], [ 12.400554800033717, 50.32173229286002 ], [ 12.39933904396654, 50.292302879891544 ], [ 12.371230559372512, 50.28427733626831 ], [ 12.35157501389028, 50.253086226409387 ], [ 12.36000305993797, 50.241843456143876 ], [ 12.348744028492566, 50.236382438105203 ], [ 12.333635429767673, 50.2422682646922 ], [ 12.328706972757077, 50.23460683444732 ], [ 12.334294532551919, 50.220252244195116 ], [ 12.326276045922974, 50.218940306318601 ], [ 12.324212176636854, 50.208011008008619 ], [ 12.337694907875584, 50.192315204948208 ], [ 12.326546145144949, 50.181360427486609 ], [ 12.336196816519703, 50.172547914352485 ], [ 12.322190977290141, 50.171655723463097 ], [ 12.293429834859415, 50.175547976352298 ], [ 12.290137142588426, 50.185913521971095 ], [ 12.277523973419227, 50.191186018157033 ], [ 12.276751268699554, 50.199333994409734 ], [ 12.287741029797878, 50.203329987562732 ], [ 12.283257591152582, 50.213996823493403 ], [ 12.293530402125773, 50.221725585622409 ], [ 12.239778243473243, 50.246125110001792 ], [ 12.250458817077149, 50.255574490253153 ], [ 12.265541132044905, 50.251230250523165 ], [ 12.265716528719581, 50.258535559914051 ], [ 12.254821799289351, 50.270204784514135 ], [ 12.200732833158117, 50.27334148750608 ], [ 12.196427749039563, 50.295780886865046 ], [ 12.201542406096415, 50.307496492988001 ], [ 12.175291241343222, 50.322818740587671 ], [ 12.126165671970671, 50.316187484869147 ], [ 12.105916343751604, 50.322487907163527 ], [ 12.100035392215119, 50.317136431346853 ], [ 12.091616638163677, 50.331937538946512 ], [ 12.079587289658235, 50.326946932496817 ], [ 12.060475891805909, 50.331876514976692 ], [ 12.058456590322121, 50.326814417360723 ], [ 12.047193565669986, 50.325432884498639 ], [ 12.043119488631886, 50.330716632779477 ], [ 12.033287589225937, 50.3296569449545 ], [ 12.030985302395591, 50.338962415257825 ], [ 11.998211489417287, 50.347494515418028 ], [ 11.996735771957637, 50.354136722531365 ], [ 11.982927224855491, 50.351023960286476 ], [ 11.982104494924059, 50.384821919000814 ], [ 11.964739204263292, 50.399752764817656 ], [ 11.950837104507215, 50.394682132074848 ], [ 11.953843920079104, 50.407234169982011 ], [ 11.94537730185089, 50.416277136997714 ], [ 11.922016466181642, 50.424361541026272 ], [ 11.927704617458101, 50.432606416118716 ], [ 11.890685748188178, 50.439843218047798 ], [ 11.895044145687951, 50.449417794109458 ], [ 11.919456103459837, 50.454306585282289 ], [ 11.931917452530628, 50.4645138540441 ], [ 11.949606624558674, 50.453832000901109 ], [ 11.941590056965127, 50.472777154055578 ], [ 11.947669863546762, 50.479498914400423 ], [ 11.958803425207408, 50.478527027902118 ], [ 11.962907709118902, 50.488032299668447 ], [ 11.944504988585599, 50.505165150682181 ], [ 11.933319591576931, 50.507167616061622 ], [ 11.932680645630631, 50.5218174006312 ], [ 11.92489431015381, 50.524793636354495 ], [ 11.916651733649918, 50.525786104155785 ], [ 11.918914523251736, 50.517991928111755 ], [ 11.887178056232933, 50.516830211222896 ], [ 11.873796285562639, 50.541841633430536 ], [ 11.885315281663072, 50.551706438348063 ], [ 11.926402359002012, 50.55718140185099 ], [ 11.933718838607293, 50.568425324248146 ], [ 11.925413955842824, 50.5842055446168 ], [ 11.944821367381881, 50.592364643175586 ], [ 11.960074770677263, 50.604114981501574 ], [ 11.963963279143938, 50.599134111377282 ], [ 11.988720523959131, 50.611092926521131 ], [ 11.980072565698489, 50.622066326816217 ], [ 12.009935498292579, 50.635629227639328 ], [ 12.021581358025795, 50.626054028636965 ], [ 12.004023250185702, 50.613720576550655 ], [ 12.035950523295398, 50.593966283821807 ], [ 12.03484924819127, 50.581132807653347 ], [ 12.017721275152729, 50.568212418097879 ], [ 12.032941906706538, 50.553413420509642 ], [ 12.054799547709459, 50.550690222812584 ], [ 12.07694689646287, 50.558624366243414 ], [ 12.078246232730306, 50.576563459806444 ], [ 12.099002593336943, 50.579954176354327 ], [ 12.118270789029717, 50.566264175360651 ], [ 12.125407718037598, 50.57453352353685 ], [ 12.137890512003299, 50.573538921860909 ], [ 12.159914244080769, 50.574785642399455 ], [ 12.15931479401246, 50.5841901389783 ], [ 12.135173938069151, 50.582257562401729 ], [ 12.112088271149309, 50.588040565589523 ], [ 12.117486165730854, 50.597257315215245 ], [ 12.147084445298198, 50.604596907319333 ], [ 12.145440681824837, 50.625814974276722 ], [ 12.167974388726995, 50.628877016313325 ], [ 12.182580009278885, 50.612165027422073 ], [ 12.200335256406303, 50.638997388014381 ], [ 12.222605650723001, 50.63081205295174 ], [ 12.23966303713364, 50.628942163877291 ], [ 12.244379254457391, 50.634084127159106 ], [ 12.265275850735408, 50.630202815623491 ], [ 12.264903335568514, 50.643951789632034 ], [ 12.280108950825269, 50.644318992763182 ], [ 12.297524001955034, 50.65107033493269 ], [ 12.303069750751462, 50.662083487629232 ], [ 12.316502577452614, 50.663772368530644 ], [ 12.319122023977153, 50.676817783550135 ], [ 12.314246220729984, 50.685732612408295 ], [ 12.276033969310832, 50.686559372856806 ], [ 12.263268999384962, 50.695536459102883 ], [ 12.253518662370729, 50.715523193780612 ], [ 12.272055322729452, 50.728113867844783 ], [ 12.265307649415806, 50.737663629171116 ], [ 12.235364093392862, 50.733251026828803 ], [ 12.22712554739967, 50.746241534016157 ], [ 12.228377964225993, 50.757454464933325 ], [ 12.242014921228117, 50.768131407760208 ], [ 12.265483413502119, 50.760873243931336 ], [ 12.290401681971137, 50.783063586879386 ], [ 12.287369431239622, 50.789509517478642 ], [ 12.259555834697764, 50.787773654421542 ], [ 12.254077190141114, 50.794129810308142 ], [ 12.242840085295095, 50.809186385676206 ], [ 12.251852750202536, 50.817159540354673 ], [ 12.260032753823129, 50.811485317483388 ], [ 12.28587702970686, 50.811237990321885 ], [ 12.2860942278339, 50.820696864872644 ], [ 12.297032983302962, 50.818896833576481 ], [ 12.30152663815643, 50.829961510590174 ], [ 12.308608238601195, 50.818933927778232 ], [ 12.332118781444912, 50.820429425179206 ], [ 12.347142908186104, 50.823191531844536 ], [ 12.346874264010165, 50.837089244738543 ], [ 12.370638928478254, 50.847957070489414 ], [ 12.376380173937328, 50.851782323969871 ], [ 12.401648692298849, 50.849206626520143 ], [ 12.410289284272187, 50.857819615941246 ], [ 12.417146952231137, 50.852560653603618 ], [ 12.410621303835574, 50.846620024060051 ], [ 12.420262679052954, 50.839228753684367 ], [ 12.442905043051139, 50.84371644292294 ], [ 12.444240320146669, 50.862312426495237 ], [ 12.463256285782615, 50.870435247538133 ], [ 12.459404419841086, 50.880635066188127 ], [ 12.485205811430557, 50.894130331060055 ], [ 12.509699007199201, 50.893292723763054 ], [ 12.507919331860329, 50.904397355471453 ], [ 12.519904696704291, 50.907108400605352 ], [ 12.524837308804969, 50.902729439937943 ], [ 12.555339005983949, 50.906331805361987 ], [ 12.574975952723593, 50.90111061379546 ], [ 12.584377083407974, 50.903977667642764 ], [ 12.615282536056077, 50.904661143957959 ], [ 12.620074675627952, 50.909264740586039 ], [ 12.64002036469633, 50.903669721188052 ], [ 12.652681244163743, 50.924076024279877 ], [ 12.625753064325554, 50.942402211182383 ], [ 12.618487665209592, 50.980934249168058 ], [ 12.60627291665782, 50.997069773260669 ], [ 12.58319431713233, 50.989770904011436 ], [ 12.584302471805659, 50.981740163081724 ], [ 12.550792534095141, 50.997969513532297 ], [ 12.527366320441512, 50.998703769157544 ], [ 12.540113281694515, 51.005920689692267 ], [ 12.53503089363301, 51.024605735852383 ], [ 12.517658876354853, 51.026949510131814 ], [ 12.515527754149373, 51.017321536874206 ], [ 12.506592088872326, 51.016706938031078 ], [ 12.502262786156599, 51.041684307416702 ], [ 12.508273834796398, 51.053107568592445 ], [ 12.501450759535523, 51.064671446253513 ], [ 12.46928210303011, 51.062332211746117 ], [ 12.457454911228291, 51.084450508095301 ], [ 12.449330246093229, 51.076936972884155 ], [ 12.420782120445915, 51.078057393682478 ], [ 12.410076953359845, 51.072934282636716 ], [ 12.394028856889909, 51.083912942920833 ], [ 12.363384557379378, 51.078861190942042 ], [ 12.353743686386187, 51.084418213778001 ], [ 12.353536417112267, 51.095494725675742 ], [ 12.331898601138999, 51.103679121503582 ], [ 12.319226695951079, 51.093796872151074 ], [ 12.304968126389664, 51.097591195725194 ], [ 12.285524951178813, 51.09178056013203 ], [ 12.277895944476246, 51.099059576063119 ], [ 12.25288788212182, 51.097322740693741 ], [ 12.222827727755851, 51.109937838726545 ], [ 12.220595743449319, 51.122966344175069 ], [ 12.240636424652827, 51.128133801168623 ], [ 12.227588192877842, 51.136783961360621 ], [ 12.194698441748038, 51.141740145889059 ], [ 12.202291457596393, 51.164475115544576 ], [ 12.212107876489195, 51.183046702816434 ], [ 12.174784915636584, 51.181442579813016 ], [ 12.182376672016044, 51.190560723415516 ], [ 12.204379392536952, 51.21420803990042 ], [ 12.191456530274431, 51.237335161001489 ], [ 12.198612671486389, 51.23895948407921 ], [ 12.189696452261533, 51.257393312801035 ], [ 12.174531628964262, 51.258438977715812 ], [ 12.16553061484462, 51.265757749358279 ], [ 12.169474700461413, 51.276833806710194 ], [ 12.168220572451769, 51.293329398343012 ], [ 12.157287516393202, 51.292647504316129 ], [ 12.155386983849011, 51.300791325578551 ], [ 12.148134146934485, 51.320053142613794 ], [ 12.193750772584043, 51.332561794363684 ], [ 12.196365060743144, 51.360077104847818 ], [ 12.183077107338711, 51.361156525201217 ], [ 12.192647081263356, 51.368609505329786 ], [ 12.180610969135456, 51.370151250746765 ], [ 12.187747428735008, 51.378825982767474 ], [ 12.175828887379398, 51.377389313467994 ], [ 12.171973001860703, 51.38490598300509 ], [ 12.181921995978374, 51.388936031100918 ], [ 12.174559517933124, 51.410129639014549 ], [ 12.189013220617491, 51.421578973955135 ], [ 12.182823250902162, 51.433677138753367 ], [ 12.156835663275666, 51.431865985528447 ], [ 12.158613028553123, 51.45194004234218 ], [ 12.147922088755106, 51.460804023529334 ], [ 12.175675350043884, 51.468951018739823 ], [ 12.176301040122301, 51.482178926107196 ], [ 12.20329422923497, 51.485124910711619 ], [ 12.207288814603592, 51.502478065166009 ], [ 12.191041531548656, 51.507732386818908 ], [ 12.194390264510922, 51.533111584994458 ], [ 12.230629989997029, 51.547637253086933 ], [ 12.244117100654424, 51.56744834756185 ], [ 12.250958470593567, 51.559576501114286 ], [ 12.288365800734741, 51.561008640055825 ], [ 12.313241166726318, 51.568934800388995 ], [ 12.32050571840475, 51.577249675831979 ], [ 12.342926549941184, 51.580677656489094 ], [ 12.337863479170505, 51.586622618208892 ], [ 12.367645441611121, 51.583627703710128 ], [ 12.392342284548574, 51.587280388090228 ], [ 12.424749474402946, 51.581981237894368 ], [ 12.428266405683972, 51.599256554130179 ], [ 12.434885144349636, 51.597485064489376 ], [ 12.44398984192885, 51.61017593525515 ], [ 12.459000963924217, 51.60383686856342 ], [ 12.484231845624056, 51.605213704518142 ], [ 12.482011435000301, 51.59386957319709 ], [ 12.497382257736652, 51.59789125358143 ], [ 12.495068927991268, 51.604068571327709 ], [ 12.505056625797135, 51.607753658793222 ], [ 12.523755268286761, 51.605740209522047 ], [ 12.539234676040632, 51.602128396522247 ], [ 12.574608886637682, 51.616439808797956 ], [ 12.579271426399329, 51.626149613636564 ], [ 12.585811882752289, 51.618321415759183 ], [ 12.595535853253692, 51.618509250933087 ], [ 12.5996040908223, 51.62461991755179 ], [ 12.622259166686527, 51.62718949892038 ], [ 12.610163524645625, 51.610598800549631 ], [ 12.665336213229672, 51.630485774784148 ], [ 12.666673739762711, 51.643370721505278 ], [ 12.687530978279598, 51.66237266107391 ], [ 12.739584494326664, 51.654831010006085 ], [ 12.773347620670302, 51.648341613227281 ], [ 12.791729141686655, 51.664871745240966 ], [ 12.806915723226876, 51.66760023117147 ], [ 12.829950346214551, 51.680349248340441 ], [ 12.845250211072301, 51.684038687368499 ], [ 12.862959916665023, 51.674584843506715 ], [ 12.865464514475079, 51.656407215451217 ], [ 12.89227294467916, 51.666236580247435 ], [ 12.900844039858242, 51.646989825207463 ], [ 12.928288089097931, 51.649939378436194 ], [ 12.942292593193507, 51.63852533494908 ], [ 12.952039745887467, 51.643307385218378 ], [ 12.949434779550565, 51.649465237464305 ], [ 12.972019472835264, 51.649770926154027 ], [ 12.967051732306572, 51.665114773078088 ], [ 12.978062485951911, 51.669410764529459 ], [ 12.99620292873916, 51.669713174171505 ], [ 13.004007043943862, 51.661284895741261 ], [ 13.012887033389125, 51.665111029939759 ], [ 13.023959881775186, 51.637425962674136 ], [ 13.050732600902345, 51.647359415843354 ], [ 13.085762342849648, 51.608033415239703 ], [ 13.094064063713555, 51.605636476843557 ], [ 13.120537234317618, 51.620143362439357 ], [ 13.14561839962046, 51.59772381630826 ], [ 13.15524775926075, 51.600262211931572 ], [ 13.161540161587093, 51.592630647639041 ], [ 13.141531297601421, 51.571324846812772 ], [ 13.160447290302548, 51.559401003634555 ], [ 13.186211536152543, 51.556917356946265 ], [ 13.208472472722827, 51.510603021017673 ], [ 13.200500986249914, 51.492065301698155 ], [ 13.183971511655908, 51.491070215657601 ], [ 13.184258031582504, 51.469592514109607 ], [ 13.204849592351684, 51.454068457592186 ], [ 13.1753781740051, 51.433226114662126 ], [ 13.186004184253358, 51.423138368150966 ], [ 13.191004149790185, 51.433824499356668 ], [ 13.200503526747118, 51.433092884285415 ], [ 13.206610141344523, 51.40713488917099 ], [ 13.215939180050372, 51.39647377090153 ], [ 13.244592318531103, 51.393566138233837 ], [ 13.269019266423632, 51.385052119022717 ], [ 13.260552579554259, 51.401006886912157 ], [ 13.285672418555842, 51.399396649417156 ], [ 13.28532240796476, 51.411199159410039 ], [ 13.328405396948442, 51.426767407268244 ], [ 13.322179994556706, 51.437717013455746 ], [ 13.332933245641057, 51.437827577949079 ], [ 13.338489114327423, 51.429621175714288 ], [ 13.359941263457401, 51.433392328414634 ], [ 13.375717535096975, 51.425243346002162 ], [ 13.383560224127368, 51.428053907722472 ], [ 13.376553362424575, 51.437118065018929 ], [ 13.406181550944483, 51.455118054079705 ], [ 13.427122727642082, 51.4237424908356 ], [ 13.44815209156458, 51.430727577498665 ], [ 13.450680735638686, 51.422723186283633 ], [ 13.461577640524625, 51.426586072524536 ], [ 13.47136852023675, 51.419689093204404 ], [ 13.463386866326102, 51.41231197692499 ], [ 13.515278808065002, 51.402155933779298 ], [ 13.524425611117701, 51.38126734068063 ], [ 13.539239557612666, 51.376067604659347 ], [ 13.545934963010369, 51.369752110485962 ], [ 13.551133564009682, 51.37926610486258 ], [ 13.568594581386458, 51.385449625654594 ], [ 13.588281766422963, 51.384168178161161 ], [ 13.595217585901246, 51.369622938256846 ], [ 13.612187985250578, 51.370210963124116 ], [ 13.661382615268458, 51.369089313843666 ], [ 13.669522460281621, 51.375629627339769 ], [ 13.682638548805432, 51.368077965767377 ], [ 13.69004360544098, 51.374243723373638 ], [ 13.712258519818095, 51.363976721633719 ], [ 13.741002887234533, 51.361045169279613 ], [ 13.75840732516038, 51.371419523570481 ], [ 13.767760834818487, 51.370647399090728 ], [ 13.762167293352318, 51.362580760027384 ], [ 13.77638738697296, 51.360662707258051 ], [ 13.781701485441872, 51.369312560630867 ], [ 13.820146632463503, 51.369383538839848 ], [ 13.835024677862348, 51.376978318949774 ], [ 13.836164536319632, 51.383587694567424 ], [ 13.884378515308342, 51.375520982758964 ], [ 13.963363546310548, 51.396235221515603 ], [ 13.972080747514521, 51.394441243912681 ], [ 13.969929573283606, 51.375507550777414 ], [ 14.000004903654599, 51.372608062965242 ], [ 14.004542781732804, 51.394575931314044 ], [ 14.026521590464561, 51.397493864719578 ], [ 14.015935288190882, 51.404791710071656 ], [ 14.036310948872282, 51.416648348986726 ], [ 14.044985890614992, 51.418667325294813 ], [ 14.042043972764047, 51.425726105140512 ], [ 14.042313168146336, 51.438612975728006 ], [ 14.06347064120331, 51.445612529713934 ], [ 14.05267415227094, 51.451010289321992 ], [ 14.056305855522846, 51.459556410347787 ], [ 14.032255376754749, 51.475097699073856 ], [ 14.038516587580782, 51.479980508782404 ], [ 14.071742204144705, 51.472635535124283 ], [ 14.088158309035853, 51.477837623825657 ], [ 14.074075959676176, 51.492227424740214 ], [ 14.095670953934661, 51.498288591599085 ], [ 14.108235431235157, 51.521945966013917 ], [ 14.140266612153789, 51.523544718876558 ], [ 14.128593485949992, 51.532768262011757 ], [ 14.133458369176536, 51.541002409290591 ], [ 14.163343039026882, 51.540729874781931 ], [ 14.213358591853414, 51.539738056325248 ], [ 14.244665515953766, 51.528297663144656 ], [ 14.272180418383945, 51.532376743466884 ], [ 14.323257437555114, 51.519259344620707 ], [ 14.323296959820647, 51.508654840379471 ] ] ] ] } },
{ "type": "Feature", "properties": { "NUTS_LEVEL": 1, "NUTS_CODE": "DEE", "NUTS_NAME": "Sachsen-Anhalt" }, "geometry": { "type": "MultiPolygon", "coordinates": [ [ [ [ 11.60399403892068, 51.113107175340119 ], [ 11.567622850653676, 51.117899387102085 ], [ 11.560417102674345, 51.107814058926103 ], [ 11.550903760222877, 51.11237030234151 ], [ 11.544558214001206, 51.10272038961277 ], [ 11.511594394588506, 51.108104154633033 ], [ 11.504241390712373, 51.102552786953972 ], [ 11.484755252932464, 51.104941255970843 ], [ 11.464214267275123, 51.113048925720562 ], [ 11.464814845786101, 51.117857915502888 ], [ 11.463746024549334, 51.128134551662143 ], [ 11.456597129400285, 51.145538510686983 ], [ 11.471890131996192, 51.148419537084777 ], [ 11.479452643923432, 51.159027865033003 ], [ 11.472038015970007, 51.163042779401863 ], [ 11.477480646149555, 51.168151152687891 ], [ 11.469748659738496, 51.169100635919321 ], [ 11.471172399747392, 51.179639484153135 ], [ 11.470775923675586, 51.192113924778873 ], [ 11.452798920769069, 51.192472481353406 ], [ 11.445542038949649, 51.194552066591733 ], [ 11.44554827192564, 51.208363728959846 ], [ 11.428170772313804, 51.21254284463047 ], [ 11.391340992923105, 51.203714312092323 ], [ 11.39128815491487, 51.21656354750013 ], [ 11.381915194770404, 51.219396840645494 ], [ 11.365391776613414, 51.221499638478505 ], [ 11.369270963537613, 51.23035590631347 ], [ 11.387302311091299, 51.246232384946197 ], [ 11.401851771614503, 51.23665150665812 ], [ 11.42952461638987, 51.254893751508789 ], [ 11.441146377111606, 51.272823508193127 ], [ 11.451972881356435, 51.274008580785171 ], [ 11.451613150800123, 51.280243135238273 ], [ 11.45996624966868, 51.292115059599119 ], [ 11.467511242869451, 51.289218756286694 ], [ 11.475073045751268, 51.296660259345337 ], [ 11.41362615568565, 51.333308147870149 ], [ 11.436436207413227, 51.342498374606777 ], [ 11.415903890941532, 51.343363081525425 ], [ 11.401693675935563, 51.343818542185922 ], [ 11.392007658145547, 51.365743886643173 ], [ 11.396763569414146, 51.381943229693256 ], [ 11.378110967726494, 51.387323236589154 ], [ 11.361097134296761, 51.383811569278166 ], [ 11.357854332441422, 51.389575635179646 ], [ 11.346664066351769, 51.385553978920107 ], [ 11.340169688897578, 51.391782205042162 ], [ 11.330362188479588, 51.390573870948195 ], [ 11.324359043590917, 51.412565271183567 ], [ 11.286144524119265, 51.402210757256377 ], [ 11.275012560129115, 51.405221589599066 ], [ 11.274459264058807, 51.400555657598936 ], [ 11.249628795983298, 51.401269409564435 ], [ 11.230260467601392, 51.405265175674252 ], [ 11.222860149040439, 51.413102472685971 ], [ 11.201711224382702, 51.405627992133567 ], [ 11.171636613690156, 51.406964287375082 ], [ 11.159967741222786, 51.40329145393973 ], [ 11.140547985504156, 51.402692718714555 ], [ 11.121957224577338, 51.413994401002086 ], [ 11.115276261589715, 51.410394739265563 ], [ 11.115710023146027, 51.416268562859436 ], [ 11.061847915024835, 51.42953787353629 ], [ 11.019007105934952, 51.41730644514832 ], [ 10.995959632968898, 51.416774925758091 ], [ 11.009083828073228, 51.428681252458787 ], [ 10.977687390985533, 51.426254030326191 ], [ 10.979252479466696, 51.43357932794887 ], [ 10.96660688728857, 51.432234427535015 ], [ 10.967650227946354, 51.442419764456794 ], [ 10.972130514883736, 51.453917836958411 ], [ 10.96086430312022, 51.462063930279278 ], [ 10.972246869085438, 51.481958451607809 ], [ 10.948839986688771, 51.500513236298268 ], [ 10.939006665755583, 51.500253398721831 ], [ 10.945294424775474, 51.506457460708909 ], [ 10.930056697511093, 51.520659556509607 ], [ 10.944834352919599, 51.536932920632282 ], [ 10.909759425514777, 51.551719733784111 ], [ 10.897020409337255, 51.550627633098323 ], [ 10.89956374353506, 51.564296596135705 ], [ 10.891810188224722, 51.577556442734114 ], [ 10.881468820078686, 51.579692266996119 ], [ 10.889327885481379, 51.596622979248892 ], [ 10.895812430429842, 51.60173193488454 ], [ 10.903457923466942, 51.593916991463679 ], [ 10.930204274500268, 51.591502220171364 ], [ 10.937147760311442, 51.602855438079239 ], [ 10.916465906907622, 51.609537620044406 ], [ 10.921353788417113, 51.618198274814482 ], [ 10.895146440854875, 51.611138002562335 ], [ 10.859720441163232, 51.631888822220681 ], [ 10.822971625910204, 51.623457501477539 ], [ 10.807867487350768, 51.640581768471954 ], [ 10.762581591140519, 51.650263540802918 ], [ 10.755286605329299, 51.641543702770143 ], [ 10.729900865781449, 51.645257273520478 ], [ 10.700892315973055, 51.641612701642302 ], [ 10.686983918753567, 51.65342241197709 ], [ 10.670787045251995, 51.668261695403565 ], [ 10.667246684439528, 51.685215406972354 ], [ 10.668289427516347, 51.708990462937443 ], [ 10.648960547802162, 51.718570105522019 ], [ 10.625983434028358, 51.758178776493104 ], [ 10.59778940505751, 51.765551521190076 ], [ 10.579740172852441, 51.782219717154227 ], [ 10.585957799010297, 51.787594833218733 ], [ 10.573752958618085, 51.81081197848399 ], [ 10.587296412964971, 51.835216929594694 ], [ 10.576389373806897, 51.842537855535944 ], [ 10.582316201355855, 51.851439489786614 ], [ 10.603081167851231, 51.854958522574442 ], [ 10.635177014303194, 51.876695426133423 ], [ 10.65007204991087, 51.889334131181677 ], [ 10.650763598995502, 51.900429239996008 ], [ 10.640349709650483, 51.913984344343127 ], [ 10.626902975160839, 51.917143582305165 ], [ 10.612828583444516, 51.920408570687897 ], [ 10.612904754079093, 51.938408780140762 ], [ 10.625134625910555, 51.949370973907463 ], [ 10.648365520843631, 51.95448027494416 ], [ 10.641825607429766, 51.962799787308825 ], [ 10.61892380912249, 51.957417219733834 ], [ 10.60593706192328, 51.977310291143255 ], [ 10.584872531334849, 51.975621922598087 ], [ 10.583449371412204, 51.986278275522992 ], [ 10.561475531998028, 52.004641489880285 ], [ 10.592058320806736, 52.014453288795053 ], [ 10.600176891265331, 52.007295740425441 ], [ 10.634067049242107, 52.013125953498886 ], [ 10.642437809716617, 52.022559165994714 ], [ 10.655364748010339, 52.024681084583165 ], [ 10.648258267059397, 52.042064970126162 ], [ 10.676835869361078, 52.045867291129625 ], [ 10.723253663220037, 52.049099059528594 ], [ 10.743466009121521, 52.048627271426426 ], [ 10.801007467865412, 52.048298513227891 ], [ 10.83085511820183, 52.048174466486074 ], [ 10.841486066557184, 52.050102956856506 ], [ 10.872646756190228, 52.058206455599276 ], [ 10.950597633788842, 52.058647039637357 ], [ 10.964071411911918, 52.057328111667672 ], [ 10.970362981500109, 52.085691399250024 ], [ 10.940445515153565, 52.094683428788187 ], [ 10.941498243995206, 52.103800242673756 ], [ 10.976566581462549, 52.106336876466465 ], [ 11.02906209731194, 52.132056633130524 ], [ 11.0434640727513, 52.133862992430188 ], [ 11.048226126788187, 52.147913358827473 ], [ 11.058592351259936, 52.154069151969345 ], [ 11.060873199538449, 52.173020425171529 ], [ 11.034355278988725, 52.172005326449593 ], [ 11.01369958951458, 52.182331590090783 ], [ 11.014019784489106, 52.199249116392245 ], [ 11.024667338497485, 52.200921712399406 ], [ 11.023650383989628, 52.20818403252094 ], [ 11.059841803317445, 52.2167066629762 ], [ 11.075528489789626, 52.218549621439635 ], [ 11.085928916613845, 52.228950631293323 ], [ 11.073386830650009, 52.242484821106309 ], [ 11.058289544570597, 52.240820247757547 ], [ 11.05564539393446, 52.258110461475312 ], [ 11.053375806765299, 52.266543469344469 ], [ 11.02872326130818, 52.270580657052214 ], [ 11.014153192792781, 52.291898862751928 ], [ 11.038733942836878, 52.301287319029377 ], [ 11.035865716775188, 52.310536961759517 ], [ 11.001520331330294, 52.336138046516268 ], [ 10.986783927607325, 52.334613262206275 ], [ 10.982096743570342, 52.342392534808575 ], [ 11.02245470847736, 52.347533571372111 ], [ 11.037265652663121, 52.344266661574345 ], [ 11.068091645966017, 52.355313403143064 ], [ 11.071238570989731, 52.372798477786326 ], [ 11.042631832046498, 52.388653308225898 ], [ 11.036328442118135, 52.38524579056805 ], [ 11.021811464992179, 52.393197317582576 ], [ 11.002028528983198, 52.410107612471911 ], [ 10.983304761593866, 52.424185785227742 ], [ 10.961204379353562, 52.434520532313108 ], [ 10.947749451380378, 52.455271140310565 ], [ 10.93401855203579, 52.461760523290607 ], [ 10.934600730288818, 52.471713779955707 ], [ 10.947927675135448, 52.493340468943778 ], [ 10.958790018031195, 52.497047318089869 ], [ 10.974068932297286, 52.501133918855885 ], [ 11.009059955915292, 52.496593587781184 ], [ 10.941952476636164, 52.549185273907455 ], [ 10.936460272961625, 52.567570557550162 ], [ 10.94658603897347, 52.582560040638917 ], [ 10.939741893736135, 52.589167659695853 ], [ 10.973250070687522, 52.605128435382902 ], [ 10.976627862718617, 52.624115982157328 ], [ 10.964680864791115, 52.626239736130699 ], [ 10.925092311759517, 52.610136886912656 ], [ 10.901610143303381, 52.63257927110088 ], [ 10.833634325946186, 52.703529459588282 ], [ 10.828669516792926, 52.717008026390374 ], [ 10.796728850653468, 52.714246630016007 ], [ 10.790809401662266, 52.748870403817932 ], [ 10.775821403767459, 52.75488475624126 ], [ 10.756241551204242, 52.782400055521272 ], [ 10.758256814973736, 52.794947519195581 ], [ 10.759394019772969, 52.810395660514118 ], [ 10.75676360158041, 52.818974925451926 ], [ 10.771813192323501, 52.833960253272629 ], [ 10.764724820297383, 52.842411472138565 ], [ 10.796253474521087, 52.84365670249862 ], [ 10.800563480155272, 52.850373264979233 ], [ 10.834925630818022, 52.84780730256022 ], [ 10.841022816213814, 52.852780276330634 ], [ 10.8716107933383, 52.855387810552052 ], [ 10.876169023563985, 52.848154090426078 ], [ 10.889711277603253, 52.846259259144297 ], [ 10.895919037913863, 52.856317992943019 ], [ 10.906669426778869, 52.854470288550523 ], [ 10.9292397201214, 52.853838157348918 ], [ 10.940068379544533, 52.853353508820263 ], [ 10.968313168911163, 52.878429414170633 ], [ 10.975055540022947, 52.876928083106037 ], [ 10.983842871776714, 52.881499487329364 ], [ 10.992626091914135, 52.906564702641646 ], [ 11.012907709818489, 52.910154696293645 ], [ 11.089655035829834, 52.913406249487757 ], [ 11.098537213951673, 52.912887045554065 ], [ 11.093944935267119, 52.899422770686257 ], [ 11.103064287203626, 52.896509820658515 ], [ 11.13620782181996, 52.897367748990249 ], [ 11.156196140433284, 52.905830630077489 ], [ 11.220528933623134, 52.897745349507737 ], [ 11.219645072468063, 52.892617049588416 ], [ 11.230564647293194, 52.891354870049504 ], [ 11.240378227340043, 52.879338478597887 ], [ 11.265876320187521, 52.880227054207282 ], [ 11.290092861723789, 52.888730974854909 ], [ 11.294939902125154, 52.875482433687083 ], [ 11.314723654313207, 52.878459083295162 ], [ 11.374353273654476, 52.900120182858892 ], [ 11.406938942045471, 52.90427726036966 ], [ 11.438636816165658, 52.924525987752219 ], [ 11.446237449871289, 52.928649485823016 ], [ 11.472167200303568, 52.939059928491453 ], [ 11.505317638285447, 52.94153848421962 ], [ 11.491612473778261, 52.959641857357859 ], [ 11.498231096845236, 52.975879980194755 ], [ 11.512152004294748, 53.007026047898265 ], [ 11.559657619607751, 52.997937978371368 ], [ 11.558858986994775, 53.012957848219862 ], [ 11.597698156800792, 53.036655384224169 ], [ 11.629956017358165, 53.04174621376405 ], [ 11.641067295408634, 53.035870782838323 ], [ 11.623864476318978, 53.019775312927869 ], [ 11.628943924851926, 53.009631720368205 ], [ 11.644244719068105, 53.005847750905069 ], [ 11.674920833899554, 53.009260178301183 ], [ 11.682519871550481, 53.001310612683056 ], [ 11.688181239534439, 52.980090569103744 ], [ 11.704182091697852, 52.978645928588676 ], [ 11.744234183393463, 52.988948782853917 ], [ 11.76332945935469, 52.981307499095699 ], [ 11.785602464714579, 52.960390227541865 ], [ 11.830483767017002, 52.957118325885915 ], [ 11.84526695417253, 52.949018595132941 ], [ 11.843314849346031, 52.939868793482404 ], [ 11.821637984223932, 52.925890049398063 ], [ 11.822743557041269, 52.915546452342575 ], [ 11.836966160998676, 52.909663115498148 ], [ 11.872515969842009, 52.908268984212015 ], [ 11.89081299661836, 52.894572980903298 ], [ 11.926631472387548, 52.891307386536738 ], [ 11.958342880141124, 52.881052448429188 ], [ 11.987911501787055, 52.877757298446234 ], [ 12.005375890675541, 52.884083809776399 ], [ 12.022275956763812, 52.89029601579788 ], [ 12.043394164221924, 52.88816918493648 ], [ 12.076641789214156, 52.886281741906814 ], [ 12.080158514073201, 52.877282173324296 ], [ 12.110312780416381, 52.876243752964029 ], [ 12.121386898323902, 52.894024199640015 ], [ 12.128316998906243, 52.890920668484362 ], [ 12.121166745052097, 52.874812941191081 ], [ 12.132483427313341, 52.865803310678032 ], [ 12.127057414569505, 52.853151104281075 ], [ 12.174569598374905, 52.865455286199058 ], [ 12.196804547077294, 52.87792680113261 ], [ 12.209171436801061, 52.864688939161923 ], [ 12.232747803624743, 52.860058068547097 ], [ 12.253644602287215, 52.809057340492259 ], [ 12.249793200491871, 52.793661449318044 ], [ 12.24301846793932, 52.786470808813036 ], [ 12.221127214885161, 52.789949538994485 ], [ 12.221585964314695, 52.774387028918298 ], [ 12.212507232129406, 52.773931032489621 ], [ 12.205951318998794, 52.761069812527396 ], [ 12.222394894933798, 52.739663903998839 ], [ 12.202268446563824, 52.729360810132619 ], [ 12.205159256020814, 52.722704487248215 ], [ 12.211396130337691, 52.717067093130545 ], [ 12.204720755777892, 52.71340152895506 ], [ 12.223386245637057, 52.703381106896558 ], [ 12.217762707151918, 52.697459471962645 ], [ 12.222344981339726, 52.689019249903275 ], [ 12.231783048608133, 52.689369836155194 ], [ 12.23809072667726, 52.66552755037408 ], [ 12.236458164506722, 52.630279117698372 ], [ 12.203582678401208, 52.618826429846685 ], [ 12.17235806970907, 52.625569197081859 ], [ 12.173449349483045, 52.597418931899107 ], [ 12.181065359315033, 52.575231228922306 ], [ 12.158804509496195, 52.560967878198802 ], [ 12.14259219988609, 52.530994273486861 ], [ 12.173662112611744, 52.53949886340169 ], [ 12.187699611987837, 52.532269139292161 ], [ 12.167788729218586, 52.514862151625529 ], [ 12.171124148740475, 52.50624367271368 ], [ 12.187033637987485, 52.497323660973549 ], [ 12.220056323385936, 52.501003436904462 ], [ 12.23497098290084, 52.524581876022992 ], [ 12.257070798916839, 52.519168172639695 ], [ 12.271278469209575, 52.488333251719801 ], [ 12.29803257213025, 52.496252617845514 ], [ 12.321046194169131, 52.49344252237568 ], [ 12.309201116271886, 52.485668587382996 ], [ 12.314235166042973, 52.476701150549594 ], [ 12.330645965670765, 52.479205412619322 ], [ 12.324069562191104, 52.464570299178973 ], [ 12.313956926614601, 52.461430705254898 ], [ 12.316688825849889, 52.453968022025549 ], [ 12.304338107829777, 52.452219769532505 ], [ 12.302280813316596, 52.434708873063038 ], [ 12.289926739689877, 52.431250062863263 ], [ 12.298016356074674, 52.424139642282427 ], [ 12.274660062786513, 52.416219465560438 ], [ 12.300143002982466, 52.408167113032441 ], [ 12.302512207399054, 52.397183525980637 ], [ 12.292309185174938, 52.385821264704497 ], [ 12.305567260542212, 52.378407904897863 ], [ 12.283981089709952, 52.364525643504692 ], [ 12.308637309870415, 52.346173409058771 ], [ 12.272508049970574, 52.305302648329793 ], [ 12.244045488640289, 52.246514588568616 ], [ 12.256069147689901, 52.243237378444789 ], [ 12.291995334178832, 52.22992890547431 ], [ 12.286430694084416, 52.22070405355251 ], [ 12.251085943177063, 52.212422857431925 ], [ 12.243234161423588, 52.191224212518961 ], [ 12.247453108520167, 52.184109174537021 ], [ 12.228043603311882, 52.185218887668739 ], [ 12.216677414374434, 52.170367010657074 ], [ 12.233853489425886, 52.162687776488383 ], [ 12.242941198238904, 52.140369202358293 ], [ 12.262873166879642, 52.132092764724206 ], [ 12.275772176030245, 52.104329052833634 ], [ 12.313922099765184, 52.093039641552068 ], [ 12.330389652023506, 52.067865218353091 ], [ 12.358378455738322, 52.04725970922447 ], [ 12.374916190328779, 52.04523723305833 ], [ 12.389361988457141, 52.04347055519613 ], [ 12.435800702505979, 52.01698224294298 ], [ 12.448348412167444, 52.016777713384961 ], [ 12.460705157375431, 52.034760168847022 ], [ 12.479964113880094, 52.033443008680145 ], [ 12.49407570017569, 52.011306067929709 ], [ 12.536693008292591, 52.001067811508911 ], [ 12.540325687815368, 51.984940242595833 ], [ 12.602365276129639, 51.981684696769143 ], [ 12.615468292032872, 51.982098947760775 ], [ 12.614667484809312, 51.991498894842607 ], [ 12.644617928880892, 51.995111685881369 ], [ 12.656226304438155, 52.012692792416097 ], [ 12.698352257530429, 52.002941846087886 ], [ 12.769378856815024, 51.978823328730272 ], [ 12.776707215146841, 51.965418242269529 ], [ 12.811614711090439, 51.962270359520254 ], [ 12.844183198960005, 51.968076961507649 ], [ 12.852663872005031, 51.93529278075782 ], [ 12.888632429180042, 51.934748298162951 ], [ 12.890262861836952, 51.928442211467996 ], [ 12.899076743252715, 51.928114423094129 ], [ 12.917365986814742, 51.931582527780236 ], [ 12.918819871951449, 51.938994471714473 ], [ 12.960295004859612, 51.934905677480927 ], [ 12.956005293915863, 51.922422472667755 ], [ 12.975628590084618, 51.920575365208009 ], [ 12.973707530510909, 51.900256406076799 ], [ 13.045588163856369, 51.900097208817549 ], [ 13.033440128864781, 51.874493886805347 ], [ 13.081480200217635, 51.868017418417111 ], [ 13.083866425483494, 51.873168102010794 ], [ 13.131531860626145, 51.882184633245757 ], [ 13.149855195357578, 51.872403554069365 ], [ 13.153225086718303, 51.860611868445339 ], [ 13.122947660192006, 51.853885729719771 ], [ 13.143232825043222, 51.819482431090982 ], [ 13.16299794172893, 51.805267867537424 ], [ 13.157302845776039, 51.788505536287325 ], [ 13.170488900703102, 51.786922233305503 ], [ 13.147835623722703, 51.76050941181127 ], [ 13.164784651291342, 51.757552017499506 ], [ 13.155518545216237, 51.743207214786118 ], [ 13.176723585215262, 51.733160716660315 ], [ 13.186560087466585, 51.716536326227754 ], [ 13.165172498713847, 51.717083016078334 ], [ 13.168837303764677, 51.709569672256045 ], [ 13.155689056683901, 51.71225521461767 ], [ 13.161338222041103, 51.693323315129227 ], [ 13.151351132837769, 51.686463151823716 ], [ 13.050732600902345, 51.647359415843354 ], [ 13.023959881775186, 51.637425962674136 ], [ 13.012887033389125, 51.665111029939759 ], [ 13.004007043943862, 51.661284895741261 ], [ 12.99620292873916, 51.669713174171505 ], [ 12.978062485951911, 51.669410764529459 ], [ 12.967051732306572, 51.665114773078088 ], [ 12.972019472835264, 51.649770926154027 ], [ 12.949434779550565, 51.649465237464305 ], [ 12.952039745887467, 51.643307385218378 ], [ 12.942292593193507, 51.63852533494908 ], [ 12.928288089097931, 51.649939378436194 ], [ 12.900844039858242, 51.646989825207463 ], [ 12.89227294467916, 51.666236580247435 ], [ 12.865464514475079, 51.656407215451217 ], [ 12.862959916665023, 51.674584843506715 ], [ 12.845250211072301, 51.684038687368499 ], [ 12.829950346214551, 51.680349248340441 ], [ 12.806915723226876, 51.66760023117147 ], [ 12.791729141686655, 51.664871745240966 ], [ 12.773347620670302, 51.648341613227281 ], [ 12.739584494326664, 51.654831010006085 ], [ 12.687530978279598, 51.66237266107391 ], [ 12.666673739762711, 51.643370721505278 ], [ 12.665336213229672, 51.630485774784148 ], [ 12.610163524645625, 51.610598800549631 ], [ 12.622259166686527, 51.62718949892038 ], [ 12.5996040908223, 51.62461991755179 ], [ 12.595535853253692, 51.618509250933087 ], [ 12.585811882752289, 51.618321415759183 ], [ 12.579271426399329, 51.626149613636564 ], [ 12.574608886637682, 51.616439808797956 ], [ 12.539234676040632, 51.602128396522247 ], [ 12.523755268286761, 51.605740209522047 ], [ 12.505056625797135, 51.607753658793222 ], [ 12.495068927991268, 51.604068571327709 ], [ 12.497382257736652, 51.59789125358143 ], [ 12.482011435000301, 51.59386957319709 ], [ 12.484231845624056, 51.605213704518142 ], [ 12.459000963924217, 51.60383686856342 ], [ 12.44398984192885, 51.61017593525515 ], [ 12.434885144349636, 51.597485064489376 ], [ 12.428266405683972, 51.599256554130179 ], [ 12.424749474402946, 51.581981237894368 ], [ 12.392342284548574, 51.587280388090228 ], [ 12.367645441611121, 51.583627703710128 ], [ 12.337863479170505, 51.586622618208892 ], [ 12.342926549941184, 51.580677656489094 ], [ 12.32050571840475, 51.577249675831979 ], [ 12.313241166726318, 51.568934800388995 ], [ 12.288365800734741, 51.561008640055825 ], [ 12.250958470593567, 51.559576501114286 ], [ 12.244117100654424, 51.56744834756185 ], [ 12.230629989997029, 51.547637253086933 ], [ 12.194390264510922, 51.533111584994458 ], [ 12.191041531548656, 51.507732386818908 ], [ 12.207288814603592, 51.502478065166009 ], [ 12.20329422923497, 51.485124910711619 ], [ 12.176301040122301, 51.482178926107196 ], [ 12.175675350043884, 51.468951018739823 ], [ 12.147922088755106, 51.460804023529334 ], [ 12.158613028553123, 51.45194004234218 ], [ 12.156835663275666, 51.431865985528447 ], [ 12.182823250902162, 51.433677138753367 ], [ 12.189013220617491, 51.421578973955135 ], [ 12.174559517933124, 51.410129639014549 ], [ 12.181921995978374, 51.388936031100918 ], [ 12.171973001860703, 51.38490598300509 ], [ 12.175828887379398, 51.377389313467994 ], [ 12.187747428735008, 51.378825982767474 ], [ 12.180610969135456, 51.370151250746765 ], [ 12.192647081263356, 51.368609505329786 ], [ 12.183077107338711, 51.361156525201217 ], [ 12.196365060743144, 51.360077104847818 ], [ 12.193750772584043, 51.332561794363684 ], [ 12.148134146934485, 51.320053142613794 ], [ 12.155386983849011, 51.300791325578551 ], [ 12.157287516393202, 51.292647504316129 ], [ 12.168220572451769, 51.293329398343012 ], [ 12.169474700461413, 51.276833806710194 ], [ 12.16553061484462, 51.265757749358279 ], [ 12.174531628964262, 51.258438977715812 ], [ 12.189696452261533, 51.257393312801035 ], [ 12.198612671486389, 51.23895948407921 ], [ 12.191456530274431, 51.237335161001489 ], [ 12.204379392536952, 51.21420803990042 ], [ 12.182376672016044, 51.190560723415516 ], [ 12.174784915636584, 51.181442579813016 ], [ 12.212107876489195, 51.183046702816434 ], [ 12.202291457596393, 51.164475115544576 ], [ 12.194698441748038, 51.141740145889059 ], [ 12.227588192877842, 51.136783961360621 ], [ 12.240636424652827, 51.128133801168623 ], [ 12.220595743449319, 51.122966344175069 ], [ 12.222827727755851, 51.109937838726545 ], [ 12.25288788212182, 51.097322740693741 ], [ 12.277895944476246, 51.099059576063119 ], [ 12.285524951178813, 51.09178056013203 ], [ 12.280854612136638, 51.083302579688684 ], [ 12.258374731766018, 51.06642465270825 ], [ 12.261988083446663, 51.049667666301083 ], [ 12.246234038278191, 51.042031588173074 ], [ 12.251232705270152, 51.037691199876669 ], [ 12.28560583996339, 51.038880072512889 ], [ 12.293252971407483, 51.031202701002861 ], [ 12.288249483445883, 51.015761593440324 ], [ 12.282131141204138, 51.007788554186035 ], [ 12.237946270590005, 50.971694575243141 ], [ 12.233741146745002, 50.96162066020392 ], [ 12.241119671252839, 50.960385539762413 ], [ 12.224225805165014, 50.942509876069117 ], [ 12.213554168832953, 50.934160298492912 ], [ 12.214001127911457, 50.960401001390707 ], [ 12.19882577226663, 50.956159535059896 ], [ 12.182520958138911, 50.976407528601783 ], [ 12.169232064723344, 50.971275288746078 ], [ 12.162228851192237, 50.963017994414081 ], [ 12.13435607491984, 50.960168528364932 ], [ 12.136911562976247, 50.965633896045887 ], [ 12.091650260568059, 50.977024692026184 ], [ 12.072316528034619, 50.973027240914014 ], [ 12.014018568400868, 50.968090754900537 ], [ 12.017393163294939, 50.978442916749124 ], [ 12.005863015376518, 50.991609257566445 ], [ 11.974619621014035, 50.990421847380169 ], [ 11.968037222803961, 50.998949469334399 ], [ 11.978395345413567, 51.003022475490283 ], [ 11.979876979393984, 51.01438037229515 ], [ 11.971818178648459, 51.017340560836793 ], [ 11.947437127168145, 51.029175478265749 ], [ 11.942553444679785, 51.032474504988869 ], [ 11.928184492909027, 51.026999984271249 ], [ 11.911480230426879, 51.028399655608084 ], [ 11.916205766513253, 51.037296137731857 ], [ 11.908508681864777, 51.045321921882305 ], [ 11.89523146934312, 51.045569170087674 ], [ 11.889646965026241, 51.053613796385449 ], [ 11.873360704820337, 51.057733101606637 ], [ 11.848357461591338, 51.052537144564852 ], [ 11.805598708660307, 51.0459398535722 ], [ 11.774607711092779, 51.05322964498648 ], [ 11.765732759908426, 51.043264147836119 ], [ 11.759857718507371, 51.042150545794627 ], [ 11.751871766504561, 51.048769564415636 ], [ 11.746041803522083, 51.05441114277118 ], [ 11.753192559222233, 51.05696214684437 ], [ 11.733573688870829, 51.067681604162217 ], [ 11.701497052497617, 51.069339074560332 ], [ 11.700646276488472, 51.07918857313787 ], [ 11.698456340972879, 51.08761030995106 ], [ 11.692833669637727, 51.099518886829905 ], [ 11.671892198587839, 51.102930599309857 ], [ 11.668089178057743, 51.110828320671722 ], [ 11.654200123305127, 51.110312337172552 ], [ 11.645900304953999, 51.10648198145627 ], [ 11.639040895428868, 51.111717863075889 ], [ 11.619971716712861, 51.100180430758741 ], [ 11.60399403892068, 51.113107175340119 ] ] ] ] } },
{ "type": "Feature", "properties": { "NUTS_LEVEL": 1, "NUTS_CODE": "DEF", "NUTS_NAME": "Schleswig-Holstein" }, "geometry": { "type": "MultiPolygon", "coordinates": [ [ [ [ 8.713057162356522, 54.677625584095786 ], [ 8.706788807290867, 54.671594039741557 ], [ 8.686851647574244, 54.670897649345619 ], [ 8.681255323788074, 54.675719286464215 ], [ 8.697934857022332, 54.680598675407836 ], [ 8.713057162356522, 54.677625584095786 ] ] ], [ [ [ 8.736490404031095, 54.644099134921703 ], [ 8.735986820179349, 54.632699285766634 ], [ 8.715903292926082, 54.628530670159805 ], [ 8.715114351068726, 54.639248177794691 ], [ 8.736490404031095, 54.644099134921703 ] ] ], [ [ [ 8.812972441684169, 54.554201667785385 ], [ 8.832023628196763, 54.552092998613567 ], [ 8.822620770024644, 54.542550110430476 ], [ 8.789096268223282, 54.551761993172235 ], [ 8.812972441684169, 54.554201667785385 ] ] ], [ [ [ 8.702910887243812, 54.068479089964782 ], [ 8.686925633068073, 54.061034109960652 ], [ 8.700288411650103, 54.058091869074289 ], [ 8.685567902943268, 54.052263951135224 ], [ 8.704575152834884, 54.047893791547565 ], [ 8.687868934530757, 54.045810824724306 ], [ 8.677237467228917, 54.053930527663034 ], [ 8.679921419379184, 54.062720107683127 ], [ 8.690562813565061, 54.070097716182843 ], [ 8.702910887243812, 54.068479089964782 ] ] ], [ [ [ 7.909101774587106, 54.180256175638959 ], [ 7.889149090227255, 54.172251900070627 ], [ 7.869403516227764, 54.187910041148349 ], [ 7.90178828299937, 54.187188336274623 ], [ 7.919221003431671, 54.189534353216636 ], [ 7.917958983737028, 54.181187709341202 ], [ 7.909101774587106, 54.180256175638959 ] ] ], [ [ [ 8.53073083857131, 54.575569129986448 ], [ 8.556204405639582, 54.578584878667158 ], [ 8.572875451991637, 54.559220540257201 ], [ 8.546273722652838, 54.557456576544787 ], [ 8.508646222697788, 54.574523127634571 ], [ 8.515234227253355, 54.579430499524115 ], [ 8.53073083857131, 54.575569129986448 ] ] ], [ [ [ 8.632264073298364, 54.636985919666216 ], [ 8.584155602725769, 54.633601222974619 ], [ 8.548781814996682, 54.617555549972082 ], [ 8.528675754974293, 54.626115140261589 ], [ 8.540304643661417, 54.636055171055069 ], [ 8.643342891496046, 54.652348492376753 ], [ 8.659211572847417, 54.645936226699199 ], [ 8.632264073298364, 54.636985919666216 ] ] ], [ [ [ 8.336450568166809, 54.627207449659608 ], [ 8.292805106429332, 54.667327800079384 ], [ 8.307366398302468, 54.683885886047484 ], [ 8.356166411701913, 54.711574153834853 ], [ 8.339413477160958, 54.695191949090415 ], [ 8.350528530306352, 54.675520188386393 ], [ 8.36092203995533, 54.649962788415486 ], [ 8.382274328882152, 54.639995584292187 ], [ 8.379922599199839, 54.632808995604073 ], [ 8.401948084995047, 54.626189947080498 ], [ 8.386625404920862, 54.623421128496751 ], [ 8.401031563226354, 54.618084624889526 ], [ 8.3822606553914, 54.609726796558071 ], [ 8.357761187280902, 54.611182439604661 ], [ 8.336450568166809, 54.627207449659608 ] ] ], [ [ [ 8.70508751563286, 54.557538249913613 ], [ 8.696569137425794, 54.515224455841611 ], [ 8.669678963959779, 54.494059245753341 ], [ 8.624575277300503, 54.488634173548277 ], [ 8.587974307407922, 54.513555970907618 ], [ 8.589887669747775, 54.532226440169282 ], [ 8.632786772457054, 54.537734163545331 ], [ 8.642841474875251, 54.546574096038185 ], [ 8.70508751563286, 54.557538249913613 ] ] ], [ [ [ 8.403627553598607, 54.730232778055708 ], [ 8.437409799960596, 54.748256246378368 ], [ 8.505597062631583, 54.751992959379692 ], [ 8.538394249739977, 54.755636403543974 ], [ 8.585019062389957, 54.7449915192717 ], [ 8.583586458955061, 54.728573154998578 ], [ 8.597494323721705, 54.718992529418834 ], [ 8.583862491581968, 54.711767245899338 ], [ 8.566783858146557, 54.679835102206987 ], [ 8.525088790792941, 54.68052162762821 ], [ 8.470526857954599, 54.682596386977366 ], [ 8.453540004067206, 54.692361322656474 ], [ 8.446000791854603, 54.69253022681859 ], [ 8.425205706481048, 54.694935622111132 ], [ 8.396664328691969, 54.705087008747185 ], [ 8.403627553598607, 54.730232778055708 ] ] ], [ [ [ 8.309027758029726, 54.933508760016622 ], [ 8.32087408968323, 54.952596164549973 ], [ 8.350540929593585, 54.992404815179611 ], [ 8.393702471938694, 55.051255172572205 ], [ 8.40732628637142, 55.057060334627934 ], [ 8.428823874446298, 55.055426617357291 ], [ 8.46361396973832, 55.044893010741603 ], [ 8.396216756673283, 55.043776268474801 ], [ 8.400869965549138, 55.035058017442722 ], [ 8.425465136140446, 55.033439863148139 ], [ 8.440497365875741, 55.023155999783143 ], [ 8.439114046783249, 55.015972287760988 ], [ 8.395027371083554, 55.00306706721522 ], [ 8.371404028414512, 54.988686141744466 ], [ 8.353391378026309, 54.968853509901599 ], [ 8.362966033722778, 54.94362294016527 ], [ 8.36216797959475, 54.928557620138157 ], [ 8.373081986321861, 54.896840044696589 ], [ 8.426842743140357, 54.878085958720334 ], [ 8.491278611480192, 54.876822775171235 ], [ 8.454666542168829, 54.856678733770252 ], [ 8.412749687422927, 54.845622296254291 ], [ 8.37417825867634, 54.85947250518884 ], [ 8.362808403279265, 54.8748114208991 ], [ 8.339913250629163, 54.879030368341112 ], [ 8.332505409679136, 54.863151020481247 ], [ 8.306199384336697, 54.856946848190688 ], [ 8.295239183454221, 54.841497078905412 ], [ 8.293641963550161, 54.793810759825519 ], [ 8.300972846724536, 54.774392253433234 ], [ 8.293460956918565, 54.739311109066747 ], [ 8.27651225198578, 54.752743124801448 ], [ 8.279655395539203, 54.796224365307957 ], [ 8.287158163010783, 54.883699970961729 ], [ 8.309027758029726, 54.933508760016622 ] ] ], [ [ [ 11.232678582062677, 54.499637999652279 ], [ 11.296930655180812, 54.432293621518312 ], [ 11.312330269695963, 54.402208180276354 ], [ 11.246468215108099, 54.41212343144079 ], [ 11.19782546309807, 54.409725589105236 ], [ 11.2102410944302, 54.417769653733586 ], [ 11.174482012673945, 54.420148558528453 ], [ 11.167404253292714, 54.413581342897487 ], [ 11.181152842893299, 54.404739953422158 ], [ 11.174798536535389, 54.401223976375114 ], [ 11.119163942839519, 54.402990981059787 ], [ 11.09417038569166, 54.41031332485862 ], [ 11.100720956774612, 54.435463635675625 ], [ 11.085693209897082, 54.448103058194043 ], [ 11.064254041450763, 54.451980314162455 ], [ 11.024781935102588, 54.444385067100178 ], [ 11.02110324665966, 54.437505167941517 ], [ 11.00723418832755, 54.442840874163693 ], [ 11.014647711184423, 54.491961759898757 ], [ 11.036550100314377, 54.518173071086878 ], [ 11.065218877701559, 54.535624558864193 ], [ 11.171651017745161, 54.520597428177204 ], [ 11.232678582062677, 54.499637999652279 ] ] ], [ [ [ 10.161541382180928, 53.558399657968863 ], [ 10.148321166200866, 53.564023773998713 ], [ 10.162073271726696, 53.585295342995664 ], [ 10.201841230663526, 53.584331300343941 ], [ 10.189751377151893, 53.613249842335236 ], [ 10.217639895912956, 53.625815203802041 ], [ 10.22161044319439, 53.633668283291541 ], [ 10.190139632699594, 53.639487725771133 ], [ 10.195497510142458, 53.654515937810316 ], [ 10.172200499947756, 53.668569749776402 ], [ 10.140733733678665, 53.679310399245011 ], [ 10.158788983019486, 53.690799064647521 ], [ 10.156653309667169, 53.7044318760286 ], [ 10.172822404521815, 53.712876179349294 ], [ 10.181036619880947, 53.709901129693456 ], [ 10.192684445857813, 53.7312552520916 ], [ 10.169523128154637, 53.739551111256212 ], [ 10.121411816684475, 53.713798971279218 ], [ 10.080998218819506, 53.720667899794805 ], [ 10.070834584473895, 53.706034028586018 ], [ 10.068969150614986, 53.679449805208179 ], [ 9.998409556050794, 53.680010745455149 ], [ 9.989446674195586, 53.650557058344084 ], [ 9.944484027623034, 53.652915204715477 ], [ 9.906674478097626, 53.652129908721612 ], [ 9.896436659926998, 53.634045677032915 ], [ 9.884054421622373, 53.621207311044351 ], [ 9.868765579298623, 53.609260260140942 ], [ 9.858778380089536, 53.598938222958765 ], [ 9.822748898723621, 53.584395691227193 ], [ 9.792061414351821, 53.60131478814256 ], [ 9.796088557955208, 53.610161789274812 ], [ 9.7705000039957, 53.616024904787487 ], [ 9.770321519310032, 53.627624317843214 ], [ 9.75692661389688, 53.618095309790178 ], [ 9.735944216708351, 53.566902657406871 ], [ 9.69854807930343, 53.570990154540802 ], [ 9.646053939110486, 53.588018470241131 ], [ 9.56281903772051, 53.617743419885201 ], [ 9.548127876693552, 53.635239916165155 ], [ 9.537030012479651, 53.65454565644162 ], [ 9.549486407660549, 53.659027623480611 ], [ 9.548034504188919, 53.674873111652872 ], [ 9.517797017835349, 53.714283717627602 ], [ 9.504615654458341, 53.719436219991408 ], [ 9.457550705534564, 53.731342204051117 ], [ 9.430225359354269, 53.75591593543534 ], [ 9.40390778090905, 53.801262022553459 ], [ 9.394680553123095, 53.821897803178345 ], [ 9.345373922939238, 53.844573204454406 ], [ 9.326091714194028, 53.859863686095551 ], [ 9.273518588923595, 53.876112100488811 ], [ 9.229245358580826, 53.886475891712124 ], [ 9.198257504047085, 53.888967442158815 ], [ 9.093704710346415, 53.888099756071718 ], [ 9.030977295666426, 53.900795931368535 ], [ 9.018480906793359, 53.896130805957689 ], [ 8.978031062406066, 53.890952751593545 ], [ 8.955189760879856, 53.898946337812689 ], [ 8.942652578083916, 53.911287893834064 ], [ 8.91551219662454, 53.925662412649615 ], [ 8.893535206265703, 53.95227384980619 ], [ 8.852233577904283, 54.008962393444293 ], [ 8.832331163970888, 54.023566570382364 ], [ 8.803553717170814, 54.023996418645197 ], [ 8.834792216216806, 54.028603449095733 ], [ 8.845517090881817, 54.038646153116396 ], [ 8.878765259621966, 54.045819859388864 ], [ 8.94615352743234, 54.034108360274523 ], [ 8.961202054003902, 54.035354734094298 ], [ 8.978467550850242, 54.043453682128742 ], [ 8.984027256628258, 54.054508523690103 ], [ 8.984226069611815, 54.062074095954443 ], [ 8.958615187248901, 54.063422739673378 ], [ 8.977679739702261, 54.069315785944013 ], [ 8.952593721773297, 54.08748467482728 ], [ 8.947527282115978, 54.093657338978211 ], [ 8.92815445347191, 54.128825670227961 ], [ 8.908401939525614, 54.134423800209532 ], [ 8.88680023901728, 54.130387856563019 ], [ 8.857872160496438, 54.118482353864707 ], [ 8.825044092143592, 54.145247507432543 ], [ 8.816376900982124, 54.166608889291076 ], [ 8.806438035238481, 54.176454563842583 ], [ 8.818819823022789, 54.205090882459722 ], [ 8.833874996771142, 54.216128618964341 ], [ 8.83246444378196, 54.239902994695449 ], [ 8.845523778104525, 54.266383024167737 ], [ 8.837569078062581, 54.282444573529872 ], [ 8.82215067381077, 54.290511449621064 ], [ 8.782919307410843, 54.280281514822263 ], [ 8.770287866461285, 54.281410567399362 ], [ 8.767582772097359, 54.288360925639964 ], [ 8.738383704757318, 54.293709307166623 ], [ 8.722159714962689, 54.28873263095759 ], [ 8.706493806690595, 54.292956073859322 ], [ 8.699025194152558, 54.282762445258101 ], [ 8.674830577798598, 54.278496024751846 ], [ 8.609529234337273, 54.30798917892988 ], [ 8.598792873624463, 54.32153339029238 ], [ 8.599214256208814, 54.328680150016012 ], [ 8.607135205979988, 54.328871457030978 ], [ 8.603067867932396, 54.340593922507772 ], [ 8.643503058416972, 54.338251194821886 ], [ 8.658300151176997, 54.348895186446434 ], [ 8.691482078624089, 54.355196872057775 ], [ 8.693342772923563, 54.367617311002803 ], [ 8.689940759939294, 54.373522761644175 ], [ 8.65842114453061, 54.374251201977877 ], [ 8.649252329183618, 54.381041060375253 ], [ 8.672451210512127, 54.399520877816492 ], [ 8.699445084825152, 54.396983954693923 ], [ 8.800922631977071, 54.408350519410966 ], [ 8.832203278682721, 54.408956650193552 ], [ 8.852325648098715, 54.403303491024204 ], [ 8.87689255698217, 54.407434939488446 ], [ 8.9123429993948, 54.417054641368026 ], [ 8.931229026637217, 54.431304230664573 ], [ 8.949784145290113, 54.4386618749947 ], [ 8.955786412480162, 54.450921161152046 ], [ 9.003892315169761, 54.462835660466901 ], [ 9.015583123278128, 54.475166341159827 ], [ 9.002831932135477, 54.479529618754611 ], [ 9.012968899388357, 54.482604960462425 ], [ 9.010005786050431, 54.497580923588231 ], [ 8.991730928495265, 54.518894616116903 ], [ 8.987833297634234, 54.524797293755995 ], [ 8.945909808703266, 54.512063018226115 ], [ 8.948371489652166, 54.500358493072554 ], [ 8.914365578599471, 54.470511977950089 ], [ 8.890416425083171, 54.459227172154023 ], [ 8.843564926147552, 54.459958796098356 ], [ 8.805683227630034, 54.47039290759519 ], [ 8.816956471022355, 54.486383300638686 ], [ 8.805454160260773, 54.499554630952822 ], [ 8.853854970951796, 54.516930812775257 ], [ 8.863266050801096, 54.523590173212263 ], [ 8.876631750407823, 54.542743287056091 ], [ 8.873359963393398, 54.553645948064258 ], [ 8.869148998168729, 54.565227622405764 ], [ 8.893571598703446, 54.599871931414555 ], [ 8.887438097191088, 54.609552801286704 ], [ 8.849299485221819, 54.624682730782837 ], [ 8.83275688709729, 54.651668071451716 ], [ 8.779801551382432, 54.665620824564293 ], [ 8.753367159488306, 54.682244944726733 ], [ 8.741476676384176, 54.716489681355405 ], [ 8.71905887059474, 54.725279854413266 ], [ 8.692295128365712, 54.723680893531672 ], [ 8.687118533076914, 54.729424172567697 ], [ 8.714685189810879, 54.737819423302916 ], [ 8.697461048279616, 54.759526635933625 ], [ 8.702109604490252, 54.772931459990389 ], [ 8.682528510089188, 54.792423509365562 ], [ 8.659784594021337, 54.795835092397631 ], [ 8.645020269899886, 54.819401650440604 ], [ 8.609571569936179, 54.840895088257618 ], [ 8.614247090674732, 54.876714280313969 ], [ 8.613534199107772, 54.886842823608646 ], [ 8.637229786925479, 54.894948744237198 ], [ 8.638075713949858, 54.911243487001954 ], [ 8.681284526552474, 54.91050974968271 ], [ 8.733853145436942, 54.893190230024835 ], [ 8.776682058380578, 54.89361534124383 ], [ 8.799976995437225, 54.904069232204634 ], [ 8.833983548336755, 54.906653741214981 ], [ 8.849033890833093, 54.897345472774738 ], [ 8.879642023001391, 54.901977722602759 ], [ 8.946176796738905, 54.902254108831855 ], [ 8.972662273587972, 54.896704026626921 ], [ 9.036379868564111, 54.875666708340205 ], [ 9.076354675249487, 54.871391846482737 ], [ 9.113207377744724, 54.874313863545318 ], [ 9.174427643218955, 54.866047842349111 ], [ 9.187808858148422, 54.861685902689082 ], [ 9.239687296950722, 54.849988306281155 ], [ 9.235874239724687, 54.830763666788911 ], [ 9.245357303497522, 54.816871283204009 ], [ 9.250171436375982, 54.809814885363288 ], [ 9.270472744206275, 54.812202369303286 ], [ 9.34578155082154, 54.801483231342459 ], [ 9.355230886980666, 54.814150453634895 ], [ 9.372305503645538, 54.820118136564318 ], [ 9.383731421350834, 54.838920736685964 ], [ 9.409829262779885, 54.842852957871102 ], [ 9.424043994621194, 54.825322438974581 ], [ 9.436292885405994, 54.810214767613246 ], [ 9.429484635698778, 54.801633360772264 ], [ 9.435742295515196, 54.79254667954504 ], [ 9.464208618623465, 54.822370642975642 ], [ 9.49234083982587, 54.822318177256463 ], [ 9.511699428849056, 54.836621619337691 ], [ 9.584588993037062, 54.865208315752639 ], [ 9.589396425502132, 54.876791268003196 ], [ 9.614150322348015, 54.875520970399087 ], [ 9.590002788635474, 54.852890773505976 ], [ 9.604549498447097, 54.830874909626715 ], [ 9.634406981040332, 54.828451197819568 ], [ 9.66585871224809, 54.822322991050214 ], [ 9.727426767786344, 54.806559383776424 ], [ 9.768766691168736, 54.7971361565005 ], [ 9.792818304847337, 54.797267843880583 ], [ 9.834223108887217, 54.75951053369122 ], [ 9.873302128782592, 54.752173584474534 ], [ 9.891231961959289, 54.769930769995923 ], [ 9.904230350371401, 54.76281308434681 ], [ 9.906304807017804, 54.768736691147602 ], [ 9.900443832074396, 54.773806426366747 ], [ 9.909818811229565, 54.799596132133679 ], [ 9.958207325262912, 54.778543569102673 ], [ 9.964216299555108, 54.769855359110117 ], [ 9.977851192076715, 54.751605008686646 ], [ 9.98370536345519, 54.725630367199159 ], [ 9.989974347735517, 54.717470951739983 ], [ 10.036807381425062, 54.688253722420541 ], [ 10.03563329279652, 54.676556107003158 ], [ 10.01505921428744, 54.692272310264727 ], [ 9.990801993435211, 54.682901929374502 ], [ 9.992387517708107, 54.698409490239271 ], [ 9.981805275005547, 54.700852743238336 ], [ 9.975955793381004, 54.683091622495148 ], [ 9.938471867031975, 54.680049601084441 ], [ 9.930395209181183, 54.646945578025139 ], [ 9.93256283753855, 54.638107212006112 ], [ 9.935593526171948, 54.632918109190129 ], [ 9.920338050908795, 54.62808488924906 ], [ 9.900960687739691, 54.625880943255062 ], [ 9.885269801230155, 54.620507900463693 ], [ 9.877223316055241, 54.609383160750227 ], [ 9.83485926809794, 54.598338564236293 ], [ 9.797606903402759, 54.577623776882326 ], [ 9.78774870476952, 54.573418298760586 ], [ 9.768014958667861, 54.579921282311886 ], [ 9.763872510496732, 54.562225949281427 ], [ 9.736699025453371, 54.544516203500777 ], [ 9.726813290533354, 54.52965408632911 ], [ 9.714011082949451, 54.528161282818523 ], [ 9.698853434044729, 54.527479629396488 ], [ 9.672492236406441, 54.525247877472957 ], [ 9.631693953660788, 54.517748204312184 ], [ 9.630515855914576, 54.530424182730442 ], [ 9.604537513651668, 54.526759723365458 ], [ 9.606086939811441, 54.52130359722738 ], [ 9.586993860184403, 54.510618815231346 ], [ 9.554867249326097, 54.512222965485471 ], [ 9.546792856096818, 54.508984315915185 ], [ 9.554353707322063, 54.505441180069162 ], [ 9.579497278312047, 54.502655343106113 ], [ 9.630667520631187, 54.510056310011471 ], [ 9.661741468902683, 54.507599749147531 ], [ 9.675120957823793, 54.495379911458052 ], [ 9.694641351734658, 54.488981739324487 ], [ 9.71588361285427, 54.494973637395354 ], [ 9.697754513702895, 54.518281552210901 ], [ 9.712977354243383, 54.518947794226371 ], [ 9.726553487465225, 54.520896350759465 ], [ 9.74000962485716, 54.524437200153912 ], [ 9.751357403079007, 54.544223520743571 ], [ 9.771805895431619, 54.554171092562434 ], [ 9.83171763868792, 54.582979630918857 ], [ 9.879257259058049, 54.599275721480076 ], [ 9.906600381588902, 54.612927068455797 ], [ 9.932416421300566, 54.624211954680923 ], [ 9.950286928431639, 54.629805942809334 ], [ 9.942730668085524, 54.642690224279882 ], [ 9.949740194094181, 54.672727558497343 ], [ 9.976327669730425, 54.674033138241512 ], [ 9.99319166942948, 54.665892640879129 ], [ 10.002477242807819, 54.673171504948442 ], [ 10.009227916955044, 54.661962272651422 ], [ 10.033372899540074, 54.66306993464643 ], [ 10.031903567250257, 54.636166582909958 ], [ 10.027921661967536, 54.605895040614854 ], [ 10.026943034063908, 54.595514929771618 ], [ 10.026420727335063, 54.568364264198024 ], [ 10.026561733652304, 54.550067660202252 ], [ 9.99924616685141, 54.522305641988858 ], [ 9.963844338126171, 54.502707568506615 ], [ 9.918305125020975, 54.48947137364091 ], [ 9.875162552031499, 54.475539044965885 ], [ 9.837237142458013, 54.475803502055655 ], [ 9.863506830504765, 54.448700912824812 ], [ 9.914074999318421, 54.452661015459427 ], [ 9.935506274299195, 54.463156212399277 ], [ 10.027421728299075, 54.475391419332212 ], [ 10.127455430955354, 54.484794468417419 ], [ 10.159296570971312, 54.474758242112394 ], [ 10.199111788178014, 54.45505566577183 ], [ 10.169013575019592, 54.432779171510958 ], [ 10.188854636856929, 54.411569435890115 ], [ 10.192643593874202, 54.390242810524889 ], [ 10.161493209688576, 54.385394659556781 ], [ 10.16704889557897, 54.377757482872269 ], [ 10.154096865804741, 54.368510926237313 ], [ 10.144710243048946, 54.369364662959491 ], [ 10.142277805319058, 54.353106961251711 ], [ 10.157309327654859, 54.33921250190145 ], [ 10.140876181871782, 54.318038147769627 ], [ 10.176957980031228, 54.329338577630118 ], [ 10.166899893291593, 54.335557137441938 ], [ 10.175087421283649, 54.338733789313046 ], [ 10.174091308614006, 54.345730363084201 ], [ 10.177954770072809, 54.355104884767613 ], [ 10.179192831881132, 54.361658892747649 ], [ 10.196140588970202, 54.366464244554258 ], [ 10.193734342141326, 54.379656736848496 ], [ 10.210192924715965, 54.393072974003772 ], [ 10.227506458080081, 54.414194390695116 ], [ 10.240950222626232, 54.41584394025103 ], [ 10.280699838858386, 54.419986701886558 ], [ 10.302717940619713, 54.433355318445756 ], [ 10.353878259373332, 54.432374596877814 ], [ 10.393780261177296, 54.424954177255749 ], [ 10.422426485505188, 54.411517559569127 ], [ 10.444801569970485, 54.403111748951957 ], [ 10.482831892321249, 54.389329102502437 ], [ 10.541141802783827, 54.379573444568379 ], [ 10.596891966732008, 54.364719991692091 ], [ 10.641062878786247, 54.346154695564586 ], [ 10.646203568773245, 54.336999884819441 ], [ 10.679185012060243, 54.322066812284639 ], [ 10.679561408555591, 54.316693100767552 ], [ 10.696620942691988, 54.306000777482446 ], [ 10.716875244026998, 54.30550955106515 ], [ 10.736871273941661, 54.310214301361903 ], [ 10.762434079623093, 54.307056868385835 ], [ 10.79881010684371, 54.316143075798337 ], [ 10.841779156686936, 54.339144799025789 ], [ 10.868026192939318, 54.357342007367812 ], [ 10.90408332670787, 54.366461204421171 ], [ 10.921984894347432, 54.377849789707632 ], [ 10.949339976948062, 54.384668387581954 ], [ 11.020579144295398, 54.381008084967831 ], [ 11.01889371282733, 54.376176098570802 ], [ 10.990128194726672, 54.373937263176082 ], [ 11.021712933093632, 54.368165640130194 ], [ 11.071758479970704, 54.376112672750338 ], [ 11.091555053047266, 54.392009566211833 ], [ 11.109576459194887, 54.39619573348196 ], [ 11.110458603642639, 54.389232831189666 ], [ 11.119579962456848, 54.393768679568915 ], [ 11.131477541077052, 54.387469393424446 ], [ 11.126163493481455, 54.374269349202216 ], [ 11.081985301213733, 54.352967222659942 ], [ 11.069051971573233, 54.35824114725272 ], [ 11.060234700309419, 54.355493098538432 ], [ 11.063075335497585, 54.34405953429436 ], [ 11.073508589092933, 54.346231627708477 ], [ 11.076901017534238, 54.301939730610201 ], [ 11.084798690693788, 54.276438013821526 ], [ 11.082755891315204, 54.246452882814374 ], [ 11.09428518610828, 54.198960597886199 ], [ 11.078447506179005, 54.195779536804451 ], [ 11.047342023243985, 54.176882031213452 ], [ 10.944207750343768, 54.133469116399581 ], [ 10.89871217003398, 54.100958137355427 ], [ 10.864633586267193, 54.084465095119484 ], [ 10.819064366115711, 54.090256726160312 ], [ 10.812984763770027, 54.102414798367498 ], [ 10.799976351506535, 54.094055127243173 ], [ 10.80042878032225, 54.084052042580844 ], [ 10.754830458281578, 54.052575219217914 ], [ 10.752237192542133, 54.037141337320506 ], [ 10.773428081367529, 54.010070875543882 ], [ 10.798777798409233, 53.993243570654933 ], [ 10.843557169303349, 53.992634307414718 ], [ 10.868085142455023, 53.992722985425942 ], [ 10.884639767767489, 53.980945502629297 ], [ 10.885157855255786, 53.958649965126256 ], [ 10.903374459577236, 53.957047391914593 ], [ 10.90917074572951, 53.946671760927529 ], [ 10.894891233261081, 53.935318998559097 ], [ 10.894116433660473, 53.925956090287421 ], [ 10.963089975869234, 53.913476837038125 ], [ 10.963860272303844, 53.909041430325622 ], [ 10.930384332953576, 53.900896311836824 ], [ 10.908778772707345, 53.898615599333539 ], [ 10.901292780197821, 53.906553870705217 ], [ 10.910685387185039, 53.9130826841538 ], [ 10.880375899351117, 53.923434840937702 ], [ 10.874698219878065, 53.91459983143308 ], [ 10.84710433138414, 53.904269591737503 ], [ 10.846117556622168, 53.89717068498949 ], [ 10.818012138774918, 53.893688499111597 ], [ 10.807602839482783, 53.879843853076238 ], [ 10.771746459486547, 53.87328987146023 ], [ 10.748037139995006, 53.851395544440074 ], [ 10.748257231340277, 53.835384787653481 ], [ 10.76290399410045, 53.823783972795219 ], [ 10.764739373475075, 53.811005435309823 ], [ 10.77018047008154, 53.799898874609944 ], [ 10.773743146464476, 53.789685502066781 ], [ 10.768044235673193, 53.78075001024856 ], [ 10.761268816551032, 53.747430598629045 ], [ 10.791553345422857, 53.744149827310515 ], [ 10.806746989192932, 53.740454538271997 ], [ 10.810303908980901, 53.721104427703935 ], [ 10.832538452427041, 53.710822424088967 ], [ 10.849133230405579, 53.706268699463855 ], [ 10.849465425246363, 53.700811939497676 ], [ 10.871069816148458, 53.702546358006082 ], [ 10.886287426817896, 53.705850815925395 ], [ 10.916715643756302, 53.699295507802169 ], [ 10.925802354435636, 53.694530274801714 ], [ 10.918510177896115, 53.689960059693867 ], [ 10.943461455203099, 53.681453745905195 ], [ 10.937935376955478, 53.666255745100401 ], [ 10.954434905259374, 53.658359262542994 ], [ 10.952180259986168, 53.648052615165909 ], [ 10.937272883958283, 53.636237749825206 ], [ 10.927820362776343, 53.623636486902527 ], [ 10.917849848771663, 53.595689889827511 ], [ 10.924993060883159, 53.584676128770582 ], [ 10.911738059146899, 53.572212910225012 ], [ 10.862356991659667, 53.56486452830152 ], [ 10.850256547345275, 53.565474525379898 ], [ 10.842372203922293, 53.575505093191083 ], [ 10.822285243761725, 53.573384937916856 ], [ 10.831002464111736, 53.544312047679682 ], [ 10.817731118465781, 53.532530366607403 ], [ 10.821926221105057, 53.514563585698774 ], [ 10.784644515763441, 53.507569642064659 ], [ 10.77728147213835, 53.495090832291098 ], [ 10.756107185735249, 53.483441733072539 ], [ 10.719574192304039, 53.47561874520148 ], [ 10.701029945052944, 53.478561984863035 ], [ 10.699428003864334, 53.474046188382076 ], [ 10.69283896782429, 53.45546182175611 ], [ 10.677737011912209, 53.457971835079071 ], [ 10.652085056674121, 53.460704113362802 ], [ 10.634290261451447, 53.454458916509076 ], [ 10.626347476303653, 53.444939445053144 ], [ 10.618553057815744, 53.416867914151233 ], [ 10.619579762311881, 53.412732956705845 ], [ 10.615749217856594, 53.383317579236355 ], [ 10.599707450185257, 53.378492129598747 ], [ 10.597697664255319, 53.366265485845098 ], [ 10.584712016568727, 53.361073647732319 ], [ 10.528830716672246, 53.370398701005961 ], [ 10.51690464269501, 53.371677338514026 ], [ 10.468943216369873, 53.385996926546326 ], [ 10.43010018532315, 53.398589026007372 ], [ 10.396212685838735, 53.413205619767773 ], [ 10.373104846522141, 53.424956732490266 ], [ 10.33493827146733, 53.423895707233946 ], [ 10.330906291178065, 53.424975996715972 ], [ 10.314000439382337, 53.434127324111238 ], [ 10.324663788920763, 53.449817433813621 ], [ 10.31146980788848, 53.451325670828609 ], [ 10.303893553972694, 53.442048605639791 ], [ 10.291123615728848, 53.454511680414001 ], [ 10.26686957404881, 53.461341272407402 ], [ 10.272501354752945, 53.467418599240048 ], [ 10.250989882324951, 53.48102038498363 ], [ 10.239078911376151, 53.482987889195854 ], [ 10.236715326604722, 53.496213972201119 ], [ 10.218290616047627, 53.499228526916113 ], [ 10.225033772110358, 53.505243399764936 ], [ 10.209321928416173, 53.519702057814307 ], [ 10.186028491863816, 53.513031175480457 ], [ 10.164269802013326, 53.521420859418093 ], [ 10.167495611316186, 53.537460710741584 ], [ 10.154756457964258, 53.536545107975208 ], [ 10.152922149315851, 53.54721528300901 ], [ 10.161541382180928, 53.558399657968863 ] ] ] ] } },
{ "type": "Feature", "properties": { "NUTS_LEVEL": 1, "NUTS_CODE": "DEG", "NUTS_NAME": "Thüringen" }, "geometry": { "type": "MultiPolygon", "coordinates": [ [ [ [ 12.22712554739967, 50.746241534016157 ], [ 12.235364093392862, 50.733251026828803 ], [ 12.265307649415806, 50.737663629171116 ], [ 12.272055322729452, 50.728113867844783 ], [ 12.253518662370729, 50.715523193780612 ], [ 12.263268999384962, 50.695536459102883 ], [ 12.276033969310832, 50.686559372856806 ], [ 12.314246220729984, 50.685732612408295 ], [ 12.319122023977153, 50.676817783550135 ], [ 12.316502577452614, 50.663772368530644 ], [ 12.303069750751462, 50.662083487629232 ], [ 12.297524001955034, 50.65107033493269 ], [ 12.280108950825269, 50.644318992763182 ], [ 12.264903335568514, 50.643951789632034 ], [ 12.265275850735408, 50.630202815623491 ], [ 12.244379254457391, 50.634084127159106 ], [ 12.23966303713364, 50.628942163877291 ], [ 12.222605650723001, 50.63081205295174 ], [ 12.200335256406303, 50.638997388014381 ], [ 12.182580009278885, 50.612165027422073 ], [ 12.167974388726995, 50.628877016313325 ], [ 12.145440681824837, 50.625814974276722 ], [ 12.147084445298198, 50.604596907319333 ], [ 12.117486165730854, 50.597257315215245 ], [ 12.112088271149309, 50.588040565589523 ], [ 12.135173938069151, 50.582257562401729 ], [ 12.15931479401246, 50.5841901389783 ], [ 12.159914244080769, 50.574785642399455 ], [ 12.137890512003299, 50.573538921860909 ], [ 12.125407718037598, 50.57453352353685 ], [ 12.118270789029717, 50.566264175360651 ], [ 12.099002593336943, 50.579954176354327 ], [ 12.078246232730306, 50.576563459806444 ], [ 12.07694689646287, 50.558624366243414 ], [ 12.054799547709459, 50.550690222812584 ], [ 12.032941906706538, 50.553413420509642 ], [ 12.017721275152729, 50.568212418097879 ], [ 12.03484924819127, 50.581132807653347 ], [ 12.035950523295398, 50.593966283821807 ], [ 12.004023250185702, 50.613720576550655 ], [ 12.021581358025795, 50.626054028636965 ], [ 12.009935498292579, 50.635629227639328 ], [ 11.980072565698489, 50.622066326816217 ], [ 11.988720523959131, 50.611092926521131 ], [ 11.963963279143938, 50.599134111377282 ], [ 11.960074770677263, 50.604114981501574 ], [ 11.944821367381881, 50.592364643175586 ], [ 11.925413955842824, 50.5842055446168 ], [ 11.933718838607293, 50.568425324248146 ], [ 11.926402359002012, 50.55718140185099 ], [ 11.885315281663072, 50.551706438348063 ], [ 11.873796285562639, 50.541841633430536 ], [ 11.887178056232933, 50.516830211222896 ], [ 11.918914523251736, 50.517991928111755 ], [ 11.916651733649918, 50.525786104155785 ], [ 11.92489431015381, 50.524793636354495 ], [ 11.932680645630631, 50.5218174006312 ], [ 11.933319591576931, 50.507167616061622 ], [ 11.944504988585599, 50.505165150682181 ], [ 11.962907709118902, 50.488032299668447 ], [ 11.958803425207408, 50.478527027902118 ], [ 11.947669863546762, 50.479498914400423 ], [ 11.941590056965127, 50.472777154055578 ], [ 11.949606624558674, 50.453832000901109 ], [ 11.931917452530628, 50.4645138540441 ], [ 11.919456103459837, 50.454306585282289 ], [ 11.895044145687951, 50.449417794109458 ], [ 11.890685748188178, 50.439843218047798 ], [ 11.927704617458101, 50.432606416118716 ], [ 11.922016466181642, 50.424361541026272 ], [ 11.901303309980438, 50.41666027576845 ], [ 11.876299413697904, 50.413566840787404 ], [ 11.86272408114875, 50.400199896666379 ], [ 11.851522686322026, 50.401219492614409 ], [ 11.833159111418757, 50.394636287849096 ], [ 11.824538880946701, 50.389753175744588 ], [ 11.815605610764157, 50.394069133456057 ], [ 11.822985062176238, 50.400007496421047 ], [ 11.796213954942401, 50.417910133836912 ], [ 11.777990814713394, 50.417987980161136 ], [ 11.771871846113006, 50.410991650135074 ], [ 11.752815179436455, 50.41561916668568 ], [ 11.759212373481233, 50.4052340282622 ], [ 11.742895181634516, 50.410154448280942 ], [ 11.735048155093834, 50.405141216850964 ], [ 11.713960938519939, 50.396634312488771 ], [ 11.711172261408391, 50.402593888552083 ], [ 11.70276284845284, 50.401341309948378 ], [ 11.69250955619319, 50.393430207059637 ], [ 11.682831279547061, 50.393522500878809 ], [ 11.659262425036449, 50.39237533239509 ], [ 11.638450856029133, 50.389418450598313 ], [ 11.621435433454874, 50.386901318822282 ], [ 11.61193197356072, 50.391403806187661 ], [ 11.595607399174765, 50.402104528747444 ], [ 11.573585554861742, 50.400000855087121 ], [ 11.566750652574742, 50.392423532432588 ], [ 11.565112187090755, 50.386882932527925 ], [ 11.530826553627236, 50.378862245453981 ], [ 11.520275485625014, 50.373625850329745 ], [ 11.51844697008481, 50.395742096070101 ], [ 11.492597641720353, 50.397709426817173 ], [ 11.478943340263434, 50.401465909018846 ], [ 11.488437717977037, 50.417293985981026 ], [ 11.481995734199883, 50.431683897654999 ], [ 11.452700419735987, 50.428446673352852 ], [ 11.440405163619978, 50.438796980615926 ], [ 11.42310649310993, 50.442166588588108 ], [ 11.41906858098813, 50.494579105418737 ], [ 11.434125752312559, 50.492028521173808 ], [ 11.439341560210952, 50.501020433222457 ], [ 11.423381243808205, 50.515159713050693 ], [ 11.387909593725011, 50.515546273597245 ], [ 11.369009558202592, 50.522222951088992 ], [ 11.342007549783601, 50.519236261747373 ], [ 11.346199694450929, 50.511054588157485 ], [ 11.320984313641418, 50.508897635296215 ], [ 11.322623823928055, 50.491357574511227 ], [ 11.300879685829491, 50.489234195690045 ], [ 11.295805974106647, 50.480389397695454 ], [ 11.278688789965379, 50.483536631919343 ], [ 11.247502089436775, 50.478219231821456 ], [ 11.254531465959278, 50.45585828205845 ], [ 11.246846973109992, 50.449465785769206 ], [ 11.263000585322839, 50.443619138404792 ], [ 11.268525447483642, 50.419593621056663 ], [ 11.257449653130104, 50.399997393953164 ], [ 11.270867500003176, 50.394959347916888 ], [ 11.264709738951352, 50.387640077540446 ], [ 11.277227919034841, 50.380366736774398 ], [ 11.283672375144448, 50.360923257193143 ], [ 11.264653905128593, 50.353924945823714 ], [ 11.276726804921191, 50.336405864746958 ], [ 11.261975775118934, 50.337926332081054 ], [ 11.256951178251407, 50.322726001104321 ], [ 11.270197793967172, 50.30684650034835 ], [ 11.253148396861034, 50.299383351058822 ], [ 11.261502112399855, 50.274772885587147 ], [ 11.248707877880822, 50.26747881366655 ], [ 11.196910048586661, 50.29232432128088 ], [ 11.189025464299894, 50.270849097463817 ], [ 11.176819272679499, 50.269993642854288 ], [ 11.183950076392636, 50.280992927899774 ], [ 11.157897107190202, 50.28865852607359 ], [ 11.146684429320272, 50.28519511966811 ], [ 11.133348885972064, 50.300223815484948 ], [ 11.133094652259008, 50.311616429703946 ], [ 11.159823067665753, 50.32489071628833 ], [ 11.138974268321197, 50.353495729247385 ], [ 11.126850022720838, 50.356549780111045 ], [ 11.116350083383558, 50.349507291609918 ], [ 11.115747732629087, 50.366876312779823 ], [ 11.088525919999634, 50.365651235049221 ], [ 11.084812530745122, 50.352101520382504 ], [ 11.044164172213547, 50.344380917954688 ], [ 11.033165187356309, 50.351389982858471 ], [ 11.035765127686522, 50.361122445250686 ], [ 10.993109469958641, 50.365659249251948 ], [ 10.999460671326649, 50.35174835958572 ], [ 10.985817866670162, 50.347478952694345 ], [ 10.945692859950507, 50.386754484158921 ], [ 10.932829955321729, 50.392868050758359 ], [ 10.898985441172604, 50.382799336250294 ], [ 10.891586382452994, 50.380581105559337 ], [ 10.887057716821152, 50.392824241360323 ], [ 10.876012189741155, 50.39675686109711 ], [ 10.860373193757752, 50.387521360311666 ], [ 10.830278042551885, 50.392623396968951 ], [ 10.799836173447419, 50.379696255701951 ], [ 10.786136711500781, 50.385246683074016 ], [ 10.773999058687936, 50.371959823278303 ], [ 10.75224547096726, 50.358189353817949 ], [ 10.715013632529086, 50.363645565929815 ], [ 10.713920797151983, 50.346039419279229 ], [ 10.728248773494993, 50.348936052272542 ], [ 10.728829424625667, 50.338218830556151 ], [ 10.715770752170789, 50.327602245474694 ], [ 10.71586006273548, 50.321274603769389 ], [ 10.742615545259195, 50.315381806364144 ], [ 10.768857196783392, 50.294485100954788 ], [ 10.793162785382039, 50.295595274042078 ], [ 10.804567094815374, 50.291111802863568 ], [ 10.804721959409697, 50.280314363075348 ], [ 10.817125476146828, 50.278025133056424 ], [ 10.842617566281664, 50.277090475301321 ], [ 10.851998574621, 50.273020276575856 ], [ 10.848286518766814, 50.245369976127208 ], [ 10.82790329776816, 50.237827195634956 ], [ 10.807421970072655, 50.240052339283672 ], [ 10.800761421947943, 50.25157778783958 ], [ 10.783259447419631, 50.251046515347852 ], [ 10.769846328438486, 50.24158653135413 ], [ 10.74616161007215, 50.243781223468041 ], [ 10.748179374831178, 50.248617507603278 ], [ 10.729220998734945, 50.252692028146207 ], [ 10.729188914792516, 50.230176281136515 ], [ 10.730726251498432, 50.211836439282145 ], [ 10.717217221722729, 50.204233042626278 ], [ 10.695929051888518, 50.212441068791179 ], [ 10.685828903773105, 50.225405167110019 ], [ 10.658587193392787, 50.223781577116569 ], [ 10.663919479080013, 50.231786905344443 ], [ 10.632414078383396, 50.223232613164114 ], [ 10.610157015504912, 50.22803114544589 ], [ 10.601104873090934, 50.245393569098198 ], [ 10.611528306043427, 50.250397387301206 ], [ 10.59926318056222, 50.263283979472334 ], [ 10.608097700013522, 50.271940528728543 ], [ 10.59099833302694, 50.271802409205307 ], [ 10.600412934080975, 50.282483522952177 ], [ 10.605014881972091, 50.293393320150521 ], [ 10.59310307835041, 50.306800827984176 ], [ 10.594099089270767, 50.320125280485044 ], [ 10.601295087890151, 50.333579403320215 ], [ 10.580447818291182, 50.334091653284503 ], [ 10.560745139386457, 50.337180006059725 ], [ 10.544955233909704, 50.363855860952199 ], [ 10.530791074731239, 50.364463360769037 ], [ 10.514508988448567, 50.347959699626372 ], [ 10.512585495027373, 50.357782543672094 ], [ 10.491401347006169, 50.355492980841483 ], [ 10.486778103574316, 50.363036120414662 ], [ 10.496199405940427, 50.366004546336818 ], [ 10.48775957519881, 50.37509289484845 ], [ 10.463798265851366, 50.376428477255459 ], [ 10.45185472686466, 50.402184014766362 ], [ 10.437777953820447, 50.401583425177634 ], [ 10.438574766043603, 50.395096631970318 ], [ 10.394139370020692, 50.394740408970861 ], [ 10.384060408684178, 50.406562459983775 ], [ 10.403280218933098, 50.426050915991986 ], [ 10.393291512949439, 50.431729188910431 ], [ 10.370854684812524, 50.432074460091286 ], [ 10.379820854423476, 50.44029894420175 ], [ 10.36711665378448, 50.438854369672505 ], [ 10.347299688873624, 50.463105253992637 ], [ 10.336380535907663, 50.465672569002315 ], [ 10.341452995258264, 50.483054004203716 ], [ 10.325574032238364, 50.494503001349301 ], [ 10.30190843388381, 50.49376294794849 ], [ 10.255783370362259, 50.512983358839186 ], [ 10.232527782821194, 50.51270979627165 ], [ 10.226020714730971, 50.518279081253681 ], [ 10.227004418286805, 50.527503423910723 ], [ 10.222251063391294, 50.537606009908487 ], [ 10.204005334279875, 50.545073689244091 ], [ 10.2039318557434, 50.55446705931179 ], [ 10.175080594303822, 50.55439524899387 ], [ 10.174896385407408, 50.544003420901262 ], [ 10.150775624777332, 50.551970064121029 ], [ 10.143558564617424, 50.542734361666867 ], [ 10.120407707804752, 50.555950139554618 ], [ 10.120395297008393, 50.564452934875789 ], [ 10.107055154957186, 50.563328571353459 ], [ 10.097882194011836, 50.55396989095739 ], [ 10.072787465290725, 50.538274100753078 ], [ 10.069904024193436, 50.528572554847507 ], [ 10.041400563664379, 50.516738946852321 ], [ 10.041550181583482, 50.533187443402078 ], [ 10.04939148731644, 50.539876676469191 ], [ 10.062016335922847, 50.556247205677593 ], [ 10.052271813698198, 50.562318138633486 ], [ 10.048797502997855, 50.598617439237643 ], [ 10.035477702124213, 50.60660312033194 ], [ 10.058717164705085, 50.626550732976149 ], [ 10.081725173512737, 50.619206105674635 ], [ 10.077368305860421, 50.637752001748048 ], [ 10.073117319894182, 50.649136834483933 ], [ 10.069773648487542, 50.656508357127677 ], [ 10.054390498469036, 50.672966858347706 ], [ 9.999999399251713, 50.676448773331927 ], [ 9.973984796076786, 50.665891023020301 ], [ 9.960451051978167, 50.668910903089653 ], [ 9.949044458587325, 50.663683386544413 ], [ 9.968930405279247, 50.641632730852166 ], [ 9.960735017354333, 50.629582689009709 ], [ 9.928969936347105, 50.630104983559306 ], [ 9.907267500529684, 50.640271330784017 ], [ 9.879115551228283, 50.634490894247058 ], [ 9.880401219962639, 50.669569348553061 ], [ 9.894860453739296, 50.683828866372217 ], [ 9.923573496984927, 50.694121136214761 ], [ 9.907560121356937, 50.703501400532772 ], [ 9.934587140559817, 50.724651728424263 ], [ 9.940857843114436, 50.742376850462591 ], [ 9.938573110576282, 50.75639182317007 ], [ 9.930100956690053, 50.757541790432377 ], [ 9.921257925540189, 50.758873203648896 ], [ 9.925814625066748, 50.767270701077614 ], [ 9.930118068120816, 50.777203043634621 ], [ 9.945369164226181, 50.771920307442656 ], [ 9.951478639757095, 50.780346832392055 ], [ 9.94363420838887, 50.797073741938178 ], [ 9.957149264444498, 50.809315406315676 ], [ 9.950445986424969, 50.817777773889446 ], [ 9.975255958394571, 50.832692397130046 ], [ 9.996898686259382, 50.826320334914556 ], [ 10.006779529847885, 50.837999308353403 ], [ 10.023562665092925, 50.831957428908886 ], [ 10.026338526418217, 50.84120944197285 ], [ 10.037950035458621, 50.845359175532039 ], [ 10.035422634840465, 50.853671967347765 ], [ 10.021457486483682, 50.84878350278855 ], [ 10.022446470013037, 50.865511536581884 ], [ 10.054126896399517, 50.880576340270132 ], [ 10.058344781743251, 50.890219941533687 ], [ 10.041620229399603, 50.892629557964796 ], [ 10.05142052693771, 50.900171832331594 ], [ 10.025346887870647, 50.911990232449035 ], [ 10.004020876368291, 50.921897664736505 ], [ 9.979838859189353, 50.905252559830025 ], [ 9.968556682556187, 50.911243766900391 ], [ 9.987915283606325, 50.931294291626052 ], [ 9.966857038095641, 50.931890494361284 ], [ 9.95615775976918, 50.923447302281531 ], [ 9.951414201231469, 50.927321041881406 ], [ 9.95367221907798, 50.941324240649834 ], [ 9.985537013454561, 50.942169378294373 ], [ 10.012564366649155, 50.935250317054617 ], [ 10.024824988740146, 50.943684055713149 ], [ 10.029357334024658, 50.938999484943118 ], [ 10.048977288039239, 50.939356105556499 ], [ 10.063302543881408, 50.946066503949154 ], [ 10.043568413215342, 50.947792784726957 ], [ 10.044166802659097, 50.954893292838527 ], [ 10.033002372590161, 50.960302556909696 ], [ 10.040431463919932, 50.968295002414216 ], [ 10.020243305053732, 50.980378353336782 ], [ 10.021095473834649, 50.993104469748978 ], [ 10.031883578760887, 51.010513640414771 ], [ 10.074688111149177, 51.011748403972071 ], [ 10.103789405964962, 51.004475164428762 ], [ 10.12117603258762, 51.010972863434418 ], [ 10.132869851143436, 51.004947480036094 ], [ 10.132388498912878, 50.99664958671891 ], [ 10.145650194071269, 50.993377035771843 ], [ 10.183832738920779, 50.998419334210055 ], [ 10.196118066101482, 51.000910969522643 ], [ 10.20209939022835, 51.013025810968045 ], [ 10.192405646122939, 51.015937008523942 ], [ 10.196291400149889, 51.021546784068256 ], [ 10.208695314950418, 51.019060794570251 ], [ 10.215075026809629, 51.025861238425733 ], [ 10.182008518174657, 51.048098396650929 ], [ 10.146268809528934, 51.055301418573919 ], [ 10.144248630429127, 51.065543355535056 ], [ 10.155676323379028, 51.070733156149913 ], [ 10.146138584724792, 51.085442389812592 ], [ 10.156980687256961, 51.096316053381294 ], [ 10.165584202681128, 51.09903846192681 ], [ 10.16081371199553, 51.107240192765147 ], [ 10.178348465128124, 51.108980741123339 ], [ 10.170541721047728, 51.119064994391152 ], [ 10.15393394436841, 51.118540120091964 ], [ 10.120322115081303, 51.139786460191026 ], [ 10.128941693855351, 51.145716395625186 ], [ 10.146353137666578, 51.145031452823176 ], [ 10.168273223078053, 51.152841794168197 ], [ 10.182742222886029, 51.141097221095151 ], [ 10.185713324688873, 51.133241596054582 ], [ 10.177678721575218, 51.128838014596077 ], [ 10.198455143742223, 51.112527573012372 ], [ 10.209488147619275, 51.118304588201148 ], [ 10.208832197165817, 51.143036561675736 ], [ 10.201117266047184, 51.15117310071799 ], [ 10.207367940836152, 51.164823742501753 ], [ 10.228792430699427, 51.173495322102056 ], [ 10.235519404869812, 51.185989879795009 ], [ 10.202812019785719, 51.192493197896958 ], [ 10.170440669125593, 51.211089640480658 ], [ 10.149129996195127, 51.20723912435286 ], [ 10.137704790110863, 51.221257983177942 ], [ 10.11358529895762, 51.216067792540017 ], [ 10.111274638837674, 51.223618289031016 ], [ 10.097159543671063, 51.222054930769382 ], [ 10.06788738721094, 51.227337212034683 ], [ 10.075710972039808, 51.24401594417543 ], [ 10.061803030448127, 51.252407883168765 ], [ 10.046647947013875, 51.253933735692577 ], [ 10.045889532411804, 51.263980683905537 ], [ 10.058972953121099, 51.270542679855573 ], [ 10.057394751879096, 51.277385094846395 ], [ 10.026690483106448, 51.277634455830103 ], [ 10.004995713250525, 51.285202995054277 ], [ 9.984216891198303, 51.283843309318961 ], [ 9.971786275179301, 51.28562340163073 ], [ 9.976275997802304, 51.292387086865119 ], [ 9.959429054357551, 51.305048358114504 ], [ 9.94058855123888, 51.306269968759977 ], [ 9.946799907082477, 51.320894223940016 ], [ 9.950026918210826, 51.329161036455218 ], [ 9.929480578289519, 51.340349424885893 ], [ 9.925171524619866, 51.353541735132936 ], [ 9.924694571339765, 51.359968484763691 ], [ 9.928416205254226, 51.37566171214231 ], [ 9.947188875374081, 51.381860510372896 ], [ 9.966734749790936, 51.395731460939707 ], [ 9.987534968321173, 51.398382007858608 ], [ 10.006696736198363, 51.409655034074987 ], [ 10.010140374717801, 51.420394952235185 ], [ 10.04102227878273, 51.423101643202479 ], [ 10.054599181566516, 51.435776452252007 ], [ 10.065330326524963, 51.419784178594227 ], [ 10.074841305910944, 51.419827945158552 ], [ 10.079325057331578, 51.43460791097263 ], [ 10.117168784563482, 51.430922502014226 ], [ 10.127695776109624, 51.434944851067925 ], [ 10.152300353256692, 51.431090072937273 ], [ 10.140575772390772, 51.443258983904904 ], [ 10.168779833822892, 51.445114121994052 ], [ 10.185747602966851, 51.462911212543531 ], [ 10.178625244533624, 51.468083083803414 ], [ 10.202933181803445, 51.486931975623612 ], [ 10.21650555694875, 51.47094237850888 ], [ 10.231706116226555, 51.470429202397249 ], [ 10.245389892444551, 51.483612693256219 ], [ 10.274576552275391, 51.487855605497451 ], [ 10.299710318369121, 51.498317120574598 ], [ 10.308733109527561, 51.514662828403246 ], [ 10.344068781720091, 51.520418674594602 ], [ 10.367783688718873, 51.542929865440499 ], [ 10.367185615684157, 51.555146353512427 ], [ 10.37936875267282, 51.570525290855095 ], [ 10.368610780498866, 51.586599293358148 ], [ 10.378527215515165, 51.58845416374853 ], [ 10.430383295371382, 51.592166635700913 ], [ 10.488246036583998, 51.575561187781311 ], [ 10.507245878710728, 51.562732896179668 ], [ 10.518976975208417, 51.553645229964907 ], [ 10.53393677800565, 51.55932895079065 ], [ 10.559472099991726, 51.556637306718969 ], [ 10.593106502814752, 51.573303109952484 ], [ 10.610143778545931, 51.579801802194851 ], [ 10.636385385573828, 51.562141487400339 ], [ 10.657453021483354, 51.558940947608576 ], [ 10.665836254755286, 51.57570631012392 ], [ 10.638318211722975, 51.584153387685795 ], [ 10.635192422288137, 51.607889267849224 ], [ 10.647936486464708, 51.608098897607533 ], [ 10.647381476775022, 51.622361944341776 ], [ 10.68158072812269, 51.628446495261393 ], [ 10.67557590294879, 51.638162497684448 ], [ 10.700892315973055, 51.641612701642302 ], [ 10.729900865781449, 51.645257273520478 ], [ 10.755286605329299, 51.641543702770143 ], [ 10.762581591140519, 51.650263540802918 ], [ 10.807867487350768, 51.640581768471954 ], [ 10.822971625910204, 51.623457501477539 ], [ 10.859720441163232, 51.631888822220681 ], [ 10.895146440854875, 51.611138002562335 ], [ 10.921353788417113, 51.618198274814482 ], [ 10.916465906907622, 51.609537620044406 ], [ 10.937147760311442, 51.602855438079239 ], [ 10.930204274500268, 51.591502220171364 ], [ 10.903457923466942, 51.593916991463679 ], [ 10.895812430429842, 51.60173193488454 ], [ 10.889327885481379, 51.596622979248892 ], [ 10.881468820078686, 51.579692266996119 ], [ 10.891810188224722, 51.577556442734114 ], [ 10.89956374353506, 51.564296596135705 ], [ 10.897020409337255, 51.550627633098323 ], [ 10.909759425514777, 51.551719733784111 ], [ 10.944834352919599, 51.536932920632282 ], [ 10.930056697511093, 51.520659556509607 ], [ 10.945294424775474, 51.506457460708909 ], [ 10.939006665755583, 51.500253398721831 ], [ 10.948839986688771, 51.500513236298268 ], [ 10.972246869085438, 51.481958451607809 ], [ 10.96086430312022, 51.462063930279278 ], [ 10.972130514883736, 51.453917836958411 ], [ 10.967650227946354, 51.442419764456794 ], [ 10.96660688728857, 51.432234427535015 ], [ 10.979252479466696, 51.43357932794887 ], [ 10.977687390985533, 51.426254030326191 ], [ 11.009083828073228, 51.428681252458787 ], [ 10.995959632968898, 51.416774925758091 ], [ 11.019007105934952, 51.41730644514832 ], [ 11.061847915024835, 51.42953787353629 ], [ 11.115710023146027, 51.416268562859436 ], [ 11.115276261589715, 51.410394739265563 ], [ 11.121957224577338, 51.413994401002086 ], [ 11.140547985504156, 51.402692718714555 ], [ 11.159967741222786, 51.40329145393973 ], [ 11.171636613690156, 51.406964287375082 ], [ 11.201711224382702, 51.405627992133567 ], [ 11.222860149040439, 51.413102472685971 ], [ 11.230260467601392, 51.405265175674252 ], [ 11.249628795983298, 51.401269409564435 ], [ 11.274459264058807, 51.400555657598936 ], [ 11.275012560129115, 51.405221589599066 ], [ 11.286144524119265, 51.402210757256377 ], [ 11.324359043590917, 51.412565271183567 ], [ 11.330362188479588, 51.390573870948195 ], [ 11.340169688897578, 51.391782205042162 ], [ 11.346664066351769, 51.385553978920107 ], [ 11.357854332441422, 51.389575635179646 ], [ 11.361097134296761, 51.383811569278166 ], [ 11.378110967726494, 51.387323236589154 ], [ 11.396763569414146, 51.381943229693256 ], [ 11.392007658145547, 51.365743886643173 ], [ 11.401693675935563, 51.343818542185922 ], [ 11.415903890941532, 51.343363081525425 ], [ 11.436436207413227, 51.342498374606777 ], [ 11.41362615568565, 51.333308147870149 ], [ 11.475073045751268, 51.296660259345337 ], [ 11.467511242869451, 51.289218756286694 ], [ 11.45996624966868, 51.292115059599119 ], [ 11.451613150800123, 51.280243135238273 ], [ 11.451972881356435, 51.274008580785171 ], [ 11.441146377111606, 51.272823508193127 ], [ 11.42952461638987, 51.254893751508789 ], [ 11.401851771614503, 51.23665150665812 ], [ 11.387302311091299, 51.246232384946197 ], [ 11.369270963537613, 51.23035590631347 ], [ 11.365391776613414, 51.221499638478505 ], [ 11.381915194770404, 51.219396840645494 ], [ 11.39128815491487, 51.21656354750013 ], [ 11.391340992923105, 51.203714312092323 ], [ 11.428170772313804, 51.21254284463047 ], [ 11.44554827192564, 51.208363728959846 ], [ 11.445542038949649, 51.194552066591733 ], [ 11.452798920769069, 51.192472481353406 ], [ 11.470775923675586, 51.192113924778873 ], [ 11.471172399747392, 51.179639484153135 ], [ 11.469748659738496, 51.169100635919321 ], [ 11.477480646149555, 51.168151152687891 ], [ 11.472038015970007, 51.163042779401863 ], [ 11.479452643923432, 51.159027865033003 ], [ 11.471890131996192, 51.148419537084777 ], [ 11.456597129400285, 51.145538510686983 ], [ 11.463746024549334, 51.128134551662143 ], [ 11.464814845786101, 51.117857915502888 ], [ 11.464214267275123, 51.113048925720562 ], [ 11.484755252932464, 51.104941255970843 ], [ 11.504241390712373, 51.102552786953972 ], [ 11.511594394588506, 51.108104154633033 ], [ 11.544558214001206, 51.10272038961277 ], [ 11.550903760222877, 51.11237030234151 ], [ 11.560417102674345, 51.107814058926103 ], [ 11.567622850653676, 51.117899387102085 ], [ 11.60399403892068, 51.113107175340119 ], [ 11.619971716712861, 51.100180430758741 ], [ 11.639040895428868, 51.111717863075889 ], [ 11.645900304953999, 51.10648198145627 ], [ 11.654200123305127, 51.110312337172552 ], [ 11.668089178057743, 51.110828320671722 ], [ 11.671892198587839, 51.102930599309857 ], [ 11.692833669637727, 51.099518886829905 ], [ 11.698456340972879, 51.08761030995106 ], [ 11.700646276488472, 51.07918857313787 ], [ 11.701497052497617, 51.069339074560332 ], [ 11.733573688870829, 51.067681604162217 ], [ 11.753192559222233, 51.05696214684437 ], [ 11.746041803522083, 51.05441114277118 ], [ 11.751871766504561, 51.048769564415636 ], [ 11.759857718507371, 51.042150545794627 ], [ 11.765732759908426, 51.043264147836119 ], [ 11.774607711092779, 51.05322964498648 ], [ 11.805598708660307, 51.0459398535722 ], [ 11.848357461591338, 51.052537144564852 ], [ 11.873360704820337, 51.057733101606637 ], [ 11.889646965026241, 51.053613796385449 ], [ 11.89523146934312, 51.045569170087674 ], [ 11.908508681864777, 51.045321921882305 ], [ 11.916205766513253, 51.037296137731857 ], [ 11.911480230426879, 51.028399655608084 ], [ 11.928184492909027, 51.026999984271249 ], [ 11.942553444679785, 51.032474504988869 ], [ 11.947437127168145, 51.029175478265749 ], [ 11.971818178648459, 51.017340560836793 ], [ 11.979876979393984, 51.01438037229515 ], [ 11.978395345413567, 51.003022475490283 ], [ 11.968037222803961, 50.998949469334399 ], [ 11.974619621014035, 50.990421847380169 ], [ 12.005863015376518, 50.991609257566445 ], [ 12.017393163294939, 50.978442916749124 ], [ 12.014018568400868, 50.968090754900537 ], [ 12.072316528034619, 50.973027240914014 ], [ 12.091650260568059, 50.977024692026184 ], [ 12.136911562976247, 50.965633896045887 ], [ 12.13435607491984, 50.960168528364932 ], [ 12.162228851192237, 50.963017994414081 ], [ 12.169232064723344, 50.971275288746078 ], [ 12.182520958138911, 50.976407528601783 ], [ 12.19882577226663, 50.956159535059896 ], [ 12.214001127911457, 50.960401001390707 ], [ 12.213554168832953, 50.934160298492912 ], [ 12.224225805165014, 50.942509876069117 ], [ 12.241119671252839, 50.960385539762413 ], [ 12.233741146745002, 50.96162066020392 ], [ 12.237946270590005, 50.971694575243141 ], [ 12.282131141204138, 51.007788554186035 ], [ 12.288249483445883, 51.015761593440324 ], [ 12.293252971407483, 51.031202701002861 ], [ 12.28560583996339, 51.038880072512889 ], [ 12.251232705270152, 51.037691199876669 ], [ 12.246234038278191, 51.042031588173074 ], [ 12.261988083446663, 51.049667666301083 ], [ 12.258374731766018, 51.06642465270825 ], [ 12.280854612136638, 51.083302579688684 ], [ 12.285524951178813, 51.09178056013203 ], [ 12.304968126389664, 51.097591195725194 ], [ 12.319226695951079, 51.093796872151074 ], [ 12.331898601138999, 51.103679121503582 ], [ 12.353536417112267, 51.095494725675742 ], [ 12.353743686386187, 51.084418213778001 ], [ 12.363384557379378, 51.078861190942042 ], [ 12.394028856889909, 51.083912942920833 ], [ 12.410076953359845, 51.072934282636716 ], [ 12.420782120445915, 51.078057393682478 ], [ 12.449330246093229, 51.076936972884155 ], [ 12.457454911228291, 51.084450508095301 ], [ 12.46928210303011, 51.062332211746117 ], [ 12.501450759535523, 51.064671446253513 ], [ 12.508273834796398, 51.053107568592445 ], [ 12.502262786156599, 51.041684307416702 ], [ 12.506592088872326, 51.016706938031078 ], [ 12.515527754149373, 51.017321536874206 ], [ 12.517658876354853, 51.026949510131814 ], [ 12.53503089363301, 51.024605735852383 ], [ 12.540113281694515, 51.005920689692267 ], [ 12.527366320441512, 50.998703769157544 ], [ 12.550792534095141, 50.997969513532297 ], [ 12.584302471805659, 50.981740163081724 ], [ 12.58319431713233, 50.989770904011436 ], [ 12.60627291665782, 50.997069773260669 ], [ 12.618487665209592, 50.980934249168058 ], [ 12.625753064325554, 50.942402211182383 ], [ 12.652681244163743, 50.924076024279877 ], [ 12.64002036469633, 50.903669721188052 ], [ 12.620074675627952, 50.909264740586039 ], [ 12.615282536056077, 50.904661143957959 ], [ 12.584377083407974, 50.903977667642764 ], [ 12.574975952723593, 50.90111061379546 ], [ 12.555339005983949, 50.906331805361987 ], [ 12.524837308804969, 50.902729439937943 ], [ 12.519904696704291, 50.907108400605352 ], [ 12.507919331860329, 50.904397355471453 ], [ 12.509699007199201, 50.893292723763054 ], [ 12.485205811430557, 50.894130331060055 ], [ 12.459404419841086, 50.880635066188127 ], [ 12.463256285782615, 50.870435247538133 ], [ 12.444240320146669, 50.862312426495237 ], [ 12.442905043051139, 50.84371644292294 ], [ 12.420262679052954, 50.839228753684367 ], [ 12.410621303835574, 50.846620024060051 ], [ 12.417146952231137, 50.852560653603618 ], [ 12.410289284272187, 50.857819615941246 ], [ 12.401648692298849, 50.849206626520143 ], [ 12.376380173937328, 50.851782323969871 ], [ 12.370638928478254, 50.847957070489414 ], [ 12.346874264010165, 50.837089244738543 ], [ 12.347142908186104, 50.823191531844536 ], [ 12.332118781444912, 50.820429425179206 ], [ 12.308608238601195, 50.818933927778232 ], [ 12.30152663815643, 50.829961510590174 ], [ 12.297032983302962, 50.818896833576481 ], [ 12.2860942278339, 50.820696864872644 ], [ 12.28587702970686, 50.811237990321885 ], [ 12.260032753823129, 50.811485317483388 ], [ 12.251852750202536, 50.817159540354673 ], [ 12.242840085295095, 50.809186385676206 ], [ 12.254077190141114, 50.794129810308142 ], [ 12.259555834697764, 50.787773654421542 ], [ 12.287369431239622, 50.789509517478642 ], [ 12.290401681971137, 50.783063586879386 ], [ 12.265483413502119, 50.760873243931336 ], [ 12.242014921228117, 50.768131407760208 ], [ 12.228377964225993, 50.757454464933325 ], [ 12.22712554739967, 50.746241534016157 ] ] ] ] } }
]
}
